genome_id,predicted_doubling_time_hours,genome_size_bp,gc_content,branches_used
3300029771_7,0.07278257,2855187.0,0.3585807164294318,genomic_traits+gtdb_distance
3300028983_3,0.075786546,3473647.0,0.4343604862555119,genomic_traits+gtdb_distance
3300029132_4,0.076835155,5015246.0,0.3561643835616438,genomic_traits+gtdb_distance
3300014529_9,0.07706254,3191747.0,0.4311228302243254,genomic_traits+gtdb_distance
3300014522_4,0.07842548,3794630.0,0.412107899847943,genomic_traits+gtdb_distance
3300028969_5,0.07849965,2873617.0,0.4570508178368934,genomic_traits+gtdb_distance
3300008089_5,0.07962621,3363098.0,0.3688560369040688,genomic_traits+gtdb_distance
3300029855_11,0.08313667,2940759.0,0.4685844708797966,genomic_traits+gtdb_distance
3300014600_2,0.08473123,5803723.0,0.4421946050836678,genomic_traits+gtdb_distance
3300029360_24,0.0909806,2295010.0,0.4254661199733334,genomic_traits+gtdb_distance
3300029383_3,0.10149924,5155106.0,0.567707240161502,genomic_traits+gtdb_distance
3300006678_11,0.108769484,2125446.0,0.5515096596196751,genomic_traits+gtdb_distance
3300010263_10,0.128367,2747249.0,0.3385583177935454,genomic_traits+gtdb_distance
3300005460_20,0.12858175,2792525.0,0.4954727352485654,genomic_traits+gtdb_distance
3300010277_21,0.13895404,2393275.0,0.3381592169725585,genomic_traits+gtdb_distance
3300010268_12,0.13949649,2403263.0,0.337951360296397,genomic_traits+gtdb_distance
3300012521_21,0.13971609,2400090.0,0.3387556299972084,genomic_traits+gtdb_distance
3300010271_12,0.14066721,2377744.0,0.338180645182997,genomic_traits+gtdb_distance
3300010269_17,0.14125066,2282978.0,0.3383541146695237,genomic_traits+gtdb_distance
3300010287_22,0.14174742,2359249.0,0.3383555529746966,genomic_traits+gtdb_distance
3300026337_1,0.14190336,3095325.0,0.4869999111563406,genomic_traits+gtdb_distance
3300010278_20,0.14211763,2087170.0,0.3946338822424622,genomic_traits+gtdb_distance
3300010049_56,0.14307187,2245885.0,0.4375166137179775,genomic_traits+gtdb_distance
3300019372_7,0.14319457,2898636.0,0.4856484222234182,genomic_traits+gtdb_distance
3300022660_65,0.14595279,2527574.0,0.3852429246384082,genomic_traits+gtdb_distance
3300026988_5,0.1463407,3241038.0,0.4691540179411657,genomic_traits+gtdb_distance
3300010280_37,0.14655983,2044134.0,0.4123751182652409,genomic_traits+gtdb_distance
3300029661_13,0.14880946,2715183.0,0.4509784423370358,genomic_traits+gtdb_distance
3300010273_23,0.1489433,2149598.0,0.3386079629772636,genomic_traits+gtdb_distance
3300029607_25,0.14931121,1905089.0,0.477844342180339,genomic_traits+gtdb_distance
3300029336_24,0.1496886,2239253.0,0.4074541822652465,genomic_traits+gtdb_distance
3300029790_17,0.15090044,2790863.0,0.4300057007456117,genomic_traits+gtdb_distance
3300029876_17,0.15107648,2678316.0,0.4265463821296665,genomic_traits+gtdb_distance
3300025575_15,0.15201943,3487980.0,0.3898809626201985,genomic_traits+gtdb_distance
3300029684_13,0.15234505,2720930.0,0.4263928142216081,genomic_traits+gtdb_distance
3300029434_29,0.15266004,2226414.0,0.4112114817819148,genomic_traits+gtdb_distance
3300029618_24,0.15266684,2140192.0,0.4086843610292908,genomic_traits+gtdb_distance
3300026299_18,0.15266709,3207353.0,0.4250978922494655,genomic_traits+gtdb_distance
3300029116_10,0.15278703,3121560.0,0.557076269557529,genomic_traits+gtdb_distance
3300010265_22,0.15413062,2062455.0,0.338146529257608,genomic_traits+gtdb_distance
3300029694_9,0.1543327,2932693.0,0.5173593008200995,genomic_traits+gtdb_distance
3300012521_16,0.15441255,2527150.0,0.5035506400490671,genomic_traits+gtdb_distance
3300029595_16,0.15513268,2599414.0,0.4524692873086011,genomic_traits+gtdb_distance
3300029614_20,0.15541863,2200524.0,0.4064827286591739,genomic_traits+gtdb_distance
3300029447_25,0.15600209,2338864.0,0.5628377708152333,genomic_traits+gtdb_distance
3300010259_5,0.15600649,3085365.0,0.5519917416577942,genomic_traits+gtdb_distance
3300029357_14,0.1560563,2563501.0,0.5608018097125766,genomic_traits+gtdb_distance
3300014951_12,0.15622407,2510578.0,0.5742036296024262,genomic_traits+gtdb_distance
3300029842_27,0.15644339,2043887.0,0.3855947026425629,genomic_traits+gtdb_distance
3300029356_10,0.15649618,2757014.0,0.5590780460309596,genomic_traits+gtdb_distance
3300029028_9,0.15676506,2037654.0,0.4107179138362057,genomic_traits+gtdb_distance
3300029621_11,0.15716055,2897320.0,0.5559693095688429,genomic_traits+gtdb_distance
3300029788_18,0.157502,2529518.0,0.5253771667171374,genomic_traits+gtdb_distance
3300029510_10,0.15771578,2746745.0,0.5631673125827116,genomic_traits+gtdb_distance
3300011904_5,0.1579687,4242771.0,0.300656339925016,genomic_traits+gtdb_distance
3300029394_16,0.15800236,2533247.0,0.559344982940866,genomic_traits+gtdb_distance
3300029303_14,0.1581699,2511214.0,0.5643525402454749,genomic_traits+gtdb_distance
3300029083_4,0.15833534,2028958.0,0.3880464750872122,genomic_traits+gtdb_distance
3300006739_8,0.15874855,2594923.0,0.574798558569946,genomic_traits+gtdb_distance
3300029587_32,0.1592142,1933083.0,0.3637965881444304,genomic_traits+gtdb_distance
3300029847_27,0.16024381,2074760.0,0.3813067535522181,genomic_traits+gtdb_distance
3300029045_12,0.16060051,2106867.0,0.4092071307775953,genomic_traits+gtdb_distance
3300029513_9,0.16076851,2771354.0,0.5311226930951441,genomic_traits+gtdb_distance
3300029711_26,0.16078325,2080323.0,0.4089297671563502,genomic_traits+gtdb_distance
3300022177_31,0.16170637,2484757.0,0.420416563873248,genomic_traits+gtdb_distance
3300029746_23,0.16228737,2237031.0,0.5150429296688334,genomic_traits+gtdb_distance
3300027111_4,0.16286655,6720301.0,0.2994492359791622,genomic_traits+gtdb_distance
3300008551_20,0.16309652,2044693.0,0.4072992864943539,genomic_traits+gtdb_distance
3300014519_3,0.16315077,5091160.0,0.286660407451347,genomic_traits+gtdb_distance
3300029253_15,0.1636062,2248909.0,0.5697638277049004,genomic_traits+gtdb_distance
3300029588_26,0.16392262,1914899.0,0.4213820154483343,genomic_traits+gtdb_distance
3300022181_30,0.16427277,2958296.0,0.5535331826159383,genomic_traits+gtdb_distance
3300027111_3,0.16451773,6984888.0,0.2869353094852773,genomic_traits+gtdb_distance
3300029341_19,0.16486472,2421315.0,0.5993734809390765,genomic_traits+gtdb_distance
3300029192_7,0.16507988,2695806.0,0.5438640614346878,genomic_traits+gtdb_distance
3300029432_12,0.16543594,2839662.0,0.5921183577482109,genomic_traits+gtdb_distance
3300029794_24,0.16546868,2363165.0,0.5316018983016421,genomic_traits+gtdb_distance
3300029497_11,0.165742,2045398.0,0.4105313489110677,genomic_traits+gtdb_distance
3300029121_13,0.16595659,2514356.0,0.5990142207388294,genomic_traits+gtdb_distance
3300029051_14,0.16658117,2003921.0,0.4122597647312443,genomic_traits+gtdb_distance
3300029432_27,0.16687971,2136489.0,0.5162830232217437,genomic_traits+gtdb_distance
3300029386_24,0.16742773,2054615.0,0.5898443260659539,genomic_traits+gtdb_distance
3300021431_50,0.16766351,2771600.0,0.5169104488382162,genomic_traits+gtdb_distance
3300026549_47,0.16784854,2440799.0,0.5259261413987797,genomic_traits+gtdb_distance
3300029661_22,0.16860417,1914197.0,0.3796834913020969,genomic_traits+gtdb_distance
3300025638_21,0.16877061,2583867.0,0.5212218740360862,genomic_traits+gtdb_distance
3300004761_1,0.1690169,5275058.0,0.4407221683628881,genomic_traits+gtdb_distance
3300029564_21,0.16946998,2269916.0,0.5877547891640043,genomic_traits+gtdb_distance
3300029511_15,0.16958113,2379612.0,0.5832442431791401,genomic_traits+gtdb_distance
3300029441_23,0.17006816,2217876.0,0.5948808680016376,genomic_traits+gtdb_distance
3300013933_3,0.17031592,3383143.0,0.3916411455265118,genomic_traits+gtdb_distance
3300029007_6,0.17052916,2034316.0,0.597569404163365,genomic_traits+gtdb_distance
3300008571_23,0.17075603,1773454.0,0.3662034651025626,genomic_traits+gtdb_distance
3300029718_18,0.17148432,2321834.0,0.6024043923898091,genomic_traits+gtdb_distance
3300029604_24,0.17173304,1736200.0,0.3787783665476327,genomic_traits+gtdb_distance
3300021541_2,0.17252512,2022895.0,0.5014318587964279,genomic_traits+gtdb_distance
3300021540_2,0.17260274,2021636.0,0.5014770215805417,genomic_traits+gtdb_distance
3300029339_23,0.17281899,2276774.0,0.5118035430833275,genomic_traits+gtdb_distance
3300029623_31,0.17387347,1941515.0,0.4558213560029152,genomic_traits+gtdb_distance
3300029563_14,0.17389683,2437880.0,0.6015078674914269,genomic_traits+gtdb_distance
3300026522_42,0.17390384,2033744.0,0.5375106208057652,genomic_traits+gtdb_distance
3300027653_24,0.17430393,2681096.0,0.3972990896260335,genomic_traits+gtdb_distance
3300029426_16,0.1748306,2349334.0,0.5227455951346212,genomic_traits+gtdb_distance
3300029843_14,0.17490007,2329295.0,0.6063864817466229,genomic_traits+gtdb_distance
3300011563_4,0.17499988,3046908.0,0.3223060886643115,genomic_traits+gtdb_distance
3300029593_14,0.17503114,2433170.0,0.6083680959406864,genomic_traits+gtdb_distance
3300027276_28,0.17509837,2445568.0,0.6082460189207579,genomic_traits+gtdb_distance
3300014009_3,0.1754807,2977637.0,0.4678202883696031,genomic_traits+gtdb_distance
3300027628_8,0.17626952,3504152.0,0.4149771471100568,genomic_traits+gtdb_distance
3300029497_14,0.17678489,1842282.0,0.4362290897918994,genomic_traits+gtdb_distance
3300029665_14,0.17693819,2108365.0,0.6045945554967949,genomic_traits+gtdb_distance
3300029136_27,0.17728864,1969544.0,0.445037531530141,genomic_traits+gtdb_distance
3300014824_30,0.1779995,1875069.0,0.4828360982982493,genomic_traits+gtdb_distance
3300002168_27,0.17847659,1951830.0,0.4695004175568569,genomic_traits+gtdb_distance
3300013137_45,0.17915492,3062410.0,0.4038508886791775,genomic_traits+gtdb_distance
3300029595_21,0.17985554,2319494.0,0.5261354416092475,genomic_traits+gtdb_distance
3300012080_8,0.17986894,4367062.0,0.3760484737793967,genomic_traits+gtdb_distance
3300013126_43,0.17999247,3011923.0,0.4033715337344281,genomic_traits+gtdb_distance
3300014666_4,0.18023694,2904552.0,0.4724570260749334,genomic_traits+gtdb_distance
3300029712_11,0.1805103,2949943.0,0.5830156718282353,genomic_traits+gtdb_distance
3300025224_8,0.18057323,4961918.0,0.3673660064515375,genomic_traits+gtdb_distance
3300018719_7,0.18093956,3069544.0,0.4044636597488096,genomic_traits+gtdb_distance
3300029230_8,0.18105099,3025459.0,0.5818948463687659,genomic_traits+gtdb_distance
3300007793_14,0.18153502,2883778.0,0.5829092946821842,genomic_traits+gtdb_distance
3300013381_1,0.18196887,4328450.0,0.3753625431736533,genomic_traits+gtdb_distance
3300021326_31,0.18201795,2119065.0,0.6063037235761999,genomic_traits+gtdb_distance
3300011825_2,0.18212612,4614546.0,0.3736317722263468,genomic_traits+gtdb_distance
3300011698_1,0.1822817,4461295.0,0.3705724458929526,genomic_traits+gtdb_distance
3300028178_10,0.18248647,2568912.0,0.4294806517311609,genomic_traits+gtdb_distance
3300029840_12,0.1825904,2914220.0,0.5810127581308207,genomic_traits+gtdb_distance
3300029623_35,0.1826374,1800914.0,0.4809541155213408,genomic_traits+gtdb_distance
3300029557_10,0.18269876,2907436.0,0.5821184026062827,genomic_traits+gtdb_distance
3300011218_2,0.18286406,4524791.0,0.3726130112970964,genomic_traits+gtdb_distance
3300029608_22,0.18290605,1914970.0,0.536864285080184,genomic_traits+gtdb_distance
3300028283_12,0.18292531,2549858.0,0.4296713777786841,genomic_traits+gtdb_distance
3300029588_14,0.18296243,3183131.0,0.5776765078157323,genomic_traits+gtdb_distance
3300026368_2,0.18322955,2962270.0,0.4649231839096369,genomic_traits+gtdb_distance
3300011808_1,0.18344449,4548202.0,0.3741383957880498,genomic_traits+gtdb_distance
3300029881_11,0.18363869,2961825.0,0.5793610358478303,genomic_traits+gtdb_distance
3300011659_1,0.18371363,4582747.0,0.3766880432194925,genomic_traits+gtdb_distance
3300013353_4,0.18421814,4420895.0,0.3725376875044532,genomic_traits+gtdb_distance
3300011560_3,0.18424468,3343251.0,0.3989200930471568,genomic_traits+gtdb_distance
3300029790_22,0.18430866,2276545.0,0.6081926779395971,genomic_traits+gtdb_distance
3300029548_24,0.18445635,1850944.0,0.5356045347671242,genomic_traits+gtdb_distance
3300011896_2,0.18496224,4548370.0,0.3717685676407152,genomic_traits+gtdb_distance
3300029248_8,0.18497716,3038584.0,0.5799652074782201,genomic_traits+gtdb_distance
3300011472_4,0.1851515,3068690.0,0.4164285085818378,genomic_traits+gtdb_distance
3300029204_8,0.18527523,3116359.0,0.5801048595492367,genomic_traits+gtdb_distance
3300029620_31,0.18532468,1936743.0,0.5360721582574456,genomic_traits+gtdb_distance
3300029709_14,0.18533069,2962667.0,0.582953129730746,genomic_traits+gtdb_distance
3300029621_18,0.18595022,2605527.0,0.5471933317136993,genomic_traits+gtdb_distance
3300029592_7,0.18608263,3252389.0,0.578993472183063,genomic_traits+gtdb_distance
3300008302_2,0.18608294,1917952.0,0.3065139273558462,genomic_traits+gtdb_distance
3300011931_1,0.18614702,3060734.0,0.4136295411492798,genomic_traits+gtdb_distance
3300027728_21,0.18623774,3374950.0,0.4304161543133972,genomic_traits+gtdb_distance
3300014963_44,0.1864517,1901888.0,0.5376336566611704,genomic_traits+gtdb_distance
3300011729_5,0.18652466,3152375.0,0.4231251040881875,genomic_traits+gtdb_distance
3300011788_1,0.18668291,4466941.0,0.375651704376664,genomic_traits+gtdb_distance
3300007921_12,0.18724896,2005515.0,0.4950548861514374,genomic_traits+gtdb_distance
3300029709_29,0.18746334,1862307.0,0.4779985254847885,genomic_traits+gtdb_distance
3300029613_28,0.18781444,1927643.0,0.5260616203311506,genomic_traits+gtdb_distance
3300029770_24,0.18849161,2138709.0,0.5284197148840726,genomic_traits+gtdb_distance
3300018910_7,0.18923497,4301334.0,0.4571470153212933,genomic_traits+gtdb_distance
3300025449_1,0.18938908,3332225.0,0.3747556062390745,genomic_traits+gtdb_distance
3300025229_9,0.18963265,4885052.0,0.3288489047813616,genomic_traits+gtdb_distance
3300029572_25,0.18983412,2069214.0,0.529195143663246,genomic_traits+gtdb_distance
3300024950_4,0.19014007,3442615.0,,genomic_traits+gtdb_distance
3300029136_14,0.19018233,2911139.0,0.4303016791709362,genomic_traits+gtdb_distance+rrna16s
3300027319_3,0.1903743,3247785.0,0.4994443905615673,genomic_traits+gtdb_distance
3300029712_15,0.1908285,2592865.0,0.5950745603801201,genomic_traits+gtdb_distance
3300008754_18,0.19085823,1504421.0,0.2766300124765607,genomic_traits+gtdb_distance
3300029245_33,0.19089602,1814909.0,0.5324812428612123,genomic_traits+gtdb_distance
3300013093_19,0.19100378,2985055.0,0.3460381802010348,genomic_traits+gtdb_distance
3300023187_9,0.19106908,2957649.0,0.3844205313071294,genomic_traits+gtdb_distance
3300008079_10,0.19108291,3223396.0,0.4334959154878892,genomic_traits+gtdb_distance
3300008269_22,0.19117182,1693387.0,0.4020687533328176,genomic_traits+gtdb_distance
3300013006_34,0.19123814,2726222.0,0.4844036912621202,genomic_traits+gtdb_distance
3300013703_3,0.19128892,2817044.0,0.3775748621604774,genomic_traits+gtdb_distance
3300025161_39,0.1914389,3141790.0,0.4212092469579443,genomic_traits+gtdb_distance
3300027028_2,0.19144984,7193753.0,0.4572440838599824,genomic_traits+gtdb_distance
3300027607_46,0.19152838,3001549.0,0.3554158202981194,genomic_traits+gtdb_distance
3300007797_12,0.19175479,3265965.0,0.436620110748278,genomic_traits+gtdb_distance
3300029437_8,0.1919988,3365463.0,0.4368762930984533,genomic_traits+gtdb_distance
3300013931_1,0.19211717,3643401.0,0.4000545095091097,genomic_traits+gtdb_distance
3300011717_4,0.19242395,4110556.0,0.3846306922956408,genomic_traits+gtdb_distance
3300014950_7,0.19244455,2931779.0,0.4343356030587572,genomic_traits+gtdb_distance
3300012829_7,0.1926809,4862606.0,0.4201674986622399,genomic_traits+gtdb_distance
3300017655_13,0.19280691,5467494.0,0.4195578449651705,genomic_traits+gtdb_distance
3300027509_26,0.19280888,3425332.0,0.3893494119694091,genomic_traits+gtdb_distance
3300025526_15,0.19281587,3217568.0,0.3922366209509791,genomic_traits+gtdb_distance
3300029948_2,0.19295883,2894696.0,0.4357559481202862,genomic_traits+gtdb_distance
3300011902_3,0.1931093,3500864.0,0.3999172775634815,genomic_traits+gtdb_distance
3300029621_34,0.19311932,1890470.0,0.4952001354160605,genomic_traits+gtdb_distance
3300027848_60,0.19315182,2808806.0,0.3812402850179044,genomic_traits+gtdb_distance
3300025286_6,0.19320656,3954982.0,0.449799518683018,genomic_traits+gtdb_distance
3300029857_36,0.19322422,2007006.0,0.4960473461464489,genomic_traits+gtdb_distance
3300019861_17,0.1932243,2820859.0,0.4086925294741779,genomic_traits+gtdb_distance
3300029447_35,0.19329426,2005233.0,0.4949100678075814,genomic_traits+gtdb_distance
3300025286_7,0.19330645,3901154.0,0.4030958531757526,genomic_traits+gtdb_distance
3300014946_5,0.19333658,3390846.0,0.43505838955824,genomic_traits+gtdb_distance
3300025277_6,0.19335479,4024968.0,0.451674398405155,genomic_traits+gtdb_distance
3300007105_4,0.19341934,3470421.0,0.444704547373359,genomic_traits+gtdb_distance
3300010371_41,0.1934626,3409496.0,0.399410352732486,genomic_traits+gtdb_distance
3300029589_28,0.19350041,2105847.0,0.5257946090100563,genomic_traits+gtdb_distance
3300014626_2,0.19372419,3468240.0,0.3991001199455631,genomic_traits+gtdb_distance
3300029840_11,0.19375566,3208807.0,0.4361614768354718,genomic_traits+gtdb_distance
3300020396_14,0.19399922,2399002.0,0.3744573785265706,genomic_traits+gtdb_distance
3300029738_10,0.19405375,3182097.0,0.4334792434045851,genomic_traits+gtdb_distance
3300029595_10,0.19410366,3196216.0,0.4358006467647993,genomic_traits+gtdb_distance
3300025654_15,0.19411981,2648577.0,0.4528752609420077,genomic_traits+gtdb_distance
3300029410_11,0.19423416,3073601.0,0.4346214749409569,genomic_traits+gtdb_distance
3300008155_8,0.1943177,2601546.0,0.3991549640098618,genomic_traits+gtdb_distance
3300007498_10,0.19442414,3161539.0,0.4000510510861956,genomic_traits+gtdb_distance
3300029214_10,0.1944444,2880429.0,0.4371886965448549,genomic_traits+gtdb_distance
3300006247_5,0.19446944,2982259.0,0.3832896472103865,genomic_traits+gtdb_distance
3300020369_3,0.19448207,4152432.0,0.4010719501246498,genomic_traits+gtdb_distance
3300012887_6,0.19456926,2942146.0,0.461480157680822,genomic_traits+gtdb_distance
3300014152_10,0.19476238,3502170.0,0.4130604739347319,genomic_traits+gtdb_distance
3300029684_30,0.19527559,1783234.0,0.5357933955947453,genomic_traits+gtdb_distance
3300029576_9,0.1952963,3144411.0,0.4352214134857052,genomic_traits+gtdb_distance
3300029563_10,0.19536008,3054725.0,0.4337097447397065,genomic_traits+gtdb_distance
3300029745_13,0.19550851,2955051.0,0.4344256664267384,genomic_traits+gtdb_distance
3300029715_32,0.19557233,1997398.0,0.5314704430464033,genomic_traits+gtdb_distance
3300025809_21,0.19565023,3045492.0,0.4359886678408611,genomic_traits+gtdb_distance
3300029782_28,0.19584347,1997283.0,0.4951045995985546,genomic_traits+gtdb_distance
3300009769_15,0.19587703,3606373.0,0.4139416527353105,genomic_traits+gtdb_distance
3300025233_4,0.1959395,6350081.0,0.4610111272596365,genomic_traits+gtdb_distance
3300007104_1,0.1959571,2411168.0,0.3973339891703937,genomic_traits+gtdb_distance
3300029010_6,0.19623645,3193514.0,0.4344699913637453,genomic_traits+gtdb_distance
3300026516_35,0.19638759,3773597.0,0.4073074045797683,genomic_traits+gtdb_distance
3300025890_31,0.19670555,2754051.0,0.4454470886704712,genomic_traits+gtdb_distance
3300025280_4,0.19681409,3920079.0,0.4488605969420514,genomic_traits+gtdb_distance
3300027904_12,0.1974237,3170784.0,0.3897799408600523,genomic_traits+gtdb_distance
3300025517_2,0.1974514,5595474.0,0.3660655022255487,genomic_traits+gtdb_distance
3300025880_19,0.19749132,3346780.0,0.4380763002049731,genomic_traits+gtdb_distance
3300006458_15,0.1976457,1963762.0,0.2977463664130378,genomic_traits+gtdb_distance
3300005286_10,0.19768123,6923917.0,0.4872138126439124,genomic_traits+gtdb_distance
3300025855_24,0.19777264,3192576.0,0.456512233381445,genomic_traits+gtdb_distance
3300019861_16,0.1978557,2827177.0,0.4447800756726586,genomic_traits+gtdb_distance
3300008513_5,0.19802734,3772017.0,0.4336465079558231,genomic_traits+gtdb_distance
3300029715_16,0.19806674,3148377.0,0.4331488890942857,genomic_traits+gtdb_distance
3300029612_10,0.19809105,3554642.0,0.4342524507390617,genomic_traits+gtdb_distance
3300025699_11,0.1981998,3420527.0,0.4355972047582142,genomic_traits+gtdb_distance
3300029187_4,0.19835286,3195404.0,0.3039255756079669,genomic_traits+gtdb_distance
3300020204_35,0.19852261,2745021.0,0.4371635043957769,genomic_traits+gtdb_distance
3300025305_4,0.19872238,4225100.0,0.4495813116849305,genomic_traits+gtdb_distance
3300029137_6,0.19929783,2717245.0,0.314423616567516,genomic_traits+gtdb_distance
3300029862_13,0.19957297,2927416.0,0.4335174775296712,genomic_traits+gtdb_distance
3300006743_4,0.19958979,2404807.0,0.3960421771892713,genomic_traits+gtdb_distance
3300025775_1,0.1996307,6113304.0,0.4258142569059219,genomic_traits+gtdb_distance
3300025277_4,0.1997045,4319931.0,0.4502928403254589,genomic_traits+gtdb_distance
3300010368_15,0.19976346,2566044.0,0.4712779671743742,genomic_traits+gtdb_distance
3300007641_4,0.19984904,3905077.0,0.433123341742045,genomic_traits+gtdb_distance
3300007783_2,0.19989897,3148169.0,0.4064829429423897,genomic_traits+gtdb_distance
3300021426_24,0.20014401,3488732.0,0.4830190453150313,genomic_traits+gtdb_distance
3300008103_8,0.20014533,3740171.0,0.4320698171286821,genomic_traits+gtdb_distance
3300007318_2,0.20016369,3155540.0,0.4068707733066289,genomic_traits+gtdb_distance
3300006258_2,0.20017283,3918378.0,0.4528909666193512,genomic_traits+gtdb_distance
3300010375_36,0.20018962,3628568.0,0.4288074524164905,genomic_traits+gtdb_distance
3300007295_1,0.20032534,3239258.0,0.4449021967376479,genomic_traits+gtdb_distance
3300003281_9,0.2003386,3713396.0,0.4113986227162414,genomic_traits+gtdb_distance
3300008081_6,0.2003705,4012872.0,0.447534832907703,genomic_traits+gtdb_distance
3300008520_6,0.20040001,3936060.0,0.4324176968847019,genomic_traits+gtdb_distance
3300029088_4,0.20049164,4051370.0,0.4503266796170184,genomic_traits+gtdb_distance
3300008575_3,0.20055513,3202072.0,0.4425197184822827,genomic_traits+gtdb_distance
3300025640_16,0.20075306,2736800.0,0.4906737795966092,genomic_traits+gtdb_distance
3300008518_1,0.20076758,3135624.0,0.4073329582883662,genomic_traits+gtdb_distance
3300011824_5,0.2008511,3429978.0,0.2954287170355028,genomic_traits+gtdb_distance
3300008638_3,0.20086847,3095973.0,0.4435041907665215,genomic_traits+gtdb_distance
3300024252_13,0.20089525,3289454.0,0.4675365577387615,genomic_traits+gtdb_distance
3300007705_4,0.20091651,3961620.0,0.4323716055553031,genomic_traits+gtdb_distance
3300025587_13,0.20096366,2804280.0,0.481608826508052,genomic_traits+gtdb_distance
3300025894_29,0.20099363,2480213.0,0.4735298944082625,genomic_traits+gtdb_distance
3300025654_14,0.20123443,2694407.0,0.4900020672452231,genomic_traits+gtdb_distance
3300007043_5,0.2013193,4054139.0,0.4344498301612253,genomic_traits+gtdb_distance
3300008079_6,0.2013961,4079693.0,0.4549822744015297,genomic_traits+gtdb_distance
3300025490_2,0.20157303,2200727.0,0.4773486216145846,genomic_traits+gtdb_distance
3300007793_6,0.20161882,4112432.0,0.432812019748898,genomic_traits+gtdb_distance
3300008599_4,0.20169061,3995821.0,0.4343197555646261,genomic_traits+gtdb_distance
3300006525_6,0.2018205,3878796.0,0.4341125442018606,genomic_traits+gtdb_distance
3300007098_3,0.20200586,4106475.0,0.4328242592491126,genomic_traits+gtdb_distance
3300006523_5,0.20204741,4133236.0,0.4534468876202568,genomic_traits+gtdb_distance
3300011396_2,0.20220496,6705736.0,0.4631433447424712,genomic_traits+gtdb_distance
3300008136_4,0.20220628,3204473.0,0.4440046772121344,genomic_traits+gtdb_distance
3300003272_11,0.20224018,3893987.0,0.3411932294586499,genomic_traits+gtdb_distance
3300012531_9,0.20228997,2666033.0,0.5434010006627825,genomic_traits+gtdb_distance
3300029947_3,0.20235492,3411193.0,0.4509920722750076,genomic_traits+gtdb_distance
3300029112_5,0.2024637,3800899.0,0.4411758902301798,genomic_traits+gtdb_distance
3300011973_2,0.20292938,2987883.0,0.4747505173395344,genomic_traits+gtdb_distance
3300025224_2,0.2029685,6236557.0,0.5133093468078621,genomic_traits+gtdb_distance
3300011990_5,0.20318276,2933192.0,0.4768692264263642,genomic_traits+gtdb_distance
3300007806_4,0.20332529,3979134.0,0.4559301094157673,genomic_traits+gtdb_distance
3300029498_10,0.20389713,2233546.0,0.3871753704647229,genomic_traits+gtdb_distance
3300027898_13,0.20415303,3498648.0,0.3991350373058392,genomic_traits+gtdb_distance
3300008101_5,0.20429976,4080836.0,0.432890221513435,genomic_traits+gtdb_distance
3300029581_5,0.20449966,3926428.0,0.4515941715982058,genomic_traits+gtdb_distance
3300007126_13,0.20451772,1894539.0,0.4662416556217634,genomic_traits+gtdb_distance
3300029739_24,0.20460525,1904858.0,0.5342245983690123,genomic_traits+gtdb_distance
3300008599_3,0.20485516,4280705.0,0.4503980068703636,genomic_traits+gtdb_distance
3300025530_21,0.20502427,2865177.0,0.5042445894267614,genomic_traits+gtdb_distance
3300009779_13,0.20505157,3659252.0,0.4415910683385566,genomic_traits+gtdb_distance
3300025526_11,0.2051174,4032028.0,0.399920833883098,genomic_traits+gtdb_distance
3300014934_4,0.20524076,4349607.0,0.4531487557381621,genomic_traits+gtdb_distance
3300029001_4,0.20537043,4104140.0,0.4663961268377784,genomic_traits+gtdb_distance
3300022909_21,0.20548397,2259454.0,0.4480923267302631,genomic_traits+gtdb_distance
3300008722_6,0.2054924,3994008.0,0.435046449581473,genomic_traits+gtdb_distance
3300020413_19,0.20555831,2176914.0,0.4393577330110422,genomic_traits+gtdb_distance
3300029511_11,0.20562007,2538708.0,0.3112346910318161,genomic_traits+gtdb_distance
3300007641_6,0.2056952,3807764.0,0.4649650030831743,genomic_traits+gtdb_distance
3300014545_1,0.20576292,3602562.0,0.452504911782226,genomic_traits+gtdb_distance
3300029870_12,0.20609052,2608029.0,0.4330768561239158,genomic_traits+gtdb_distance
3300018933_7,0.20614558,6461790.0,0.5229205839248877,genomic_traits+gtdb_distance
3300029742_7,0.20621002,4323137.0,0.4514090115580422,genomic_traits+gtdb_distance
3300008744_6,0.20625143,4198789.0,0.4652305700524604,genomic_traits+gtdb_distance
3300028638_22,0.2064818,2361057.0,0.3974698620151906,genomic_traits+gtdb_distance
3300029199_3,0.20650762,3986288.0,0.4035952746013334,genomic_traits+gtdb_distance
3300029099_4,0.20659885,4167551.0,0.4220130719456103,genomic_traits+gtdb_distance
3300029424_9,0.2067061,4175968.0,0.4545822669139227,genomic_traits+gtdb_distance
3300020398_4,0.20671198,4165151.0,0.3624305577396834,genomic_traits+gtdb_distance
3300008479_3,0.20676233,4556160.0,0.4512699290630707,genomic_traits+gtdb_distance
3300029006_3,0.20686156,4114499.0,0.4549149240284175,genomic_traits+gtdb_distance
3300029455_6,0.20699683,2822426.0,0.4453856363284635,genomic_traits+gtdb_distance
3300014535_5,0.20720558,4455402.0,0.4501578084312033,genomic_traits+gtdb_distance
3300008676_4,0.20727289,4128527.0,0.4695941191616283,genomic_traits+gtdb_distance
3300027316_7,0.20764035,3240860.0,0.5147183155088464,genomic_traits+gtdb_distance
3300006523_4,0.20768069,4467062.0,0.4333078430521,genomic_traits+gtdb_distance
3300027276_14,0.20776848,2787495.0,0.4575839597918561,genomic_traits+gtdb_distance
3300028979_5,0.20780769,2124401.0,0.3867061821191008,genomic_traits+gtdb_distance
3300025048_2,0.20784546,4015310.0,0.4019756880539734,genomic_traits+gtdb_distance
3300029356_6,0.20787251,4385273.0,0.4527777404052153,genomic_traits+gtdb_distance
3300021256_35,0.20789805,2644779.0,0.4945963348922537,genomic_traits+gtdb_distance
3300029328_6,0.20792364,4465730.0,0.4526975432907945,genomic_traits+gtdb_distance
3300006523_3,0.20797859,4555376.0,0.4490746757238041,genomic_traits+gtdb_distance
3300026194_21,0.20805973,2099045.0,0.644060513233399,genomic_traits+gtdb_distance
3300029795_8,0.20808086,4173287.0,0.4525277077756694,genomic_traits+gtdb_distance
3300025048_1,0.20821781,4353296.0,0.391102511752015,genomic_traits+gtdb_distance
3300029405_5,0.2083848,4538375.0,0.4513498774341036,genomic_traits+gtdb_distance
3300029336_6,0.20846747,4378788.0,0.4529570739665862,genomic_traits+gtdb_distance
3300029010_3,0.20849405,4565438.0,0.4512307471922738,genomic_traits+gtdb_distance
3300008478_5,0.2085054,4593033.0,0.4511495998395831,genomic_traits+gtdb_distance
3300027322_3,0.20851165,3323931.0,0.5144156121170987,genomic_traits+gtdb_distance
3300025039_1,0.20859437,4537874.0,0.393296288085566,genomic_traits+gtdb_distance
3300029681_6,0.20862356,4531548.0,0.451994991556969,genomic_traits+gtdb_distance
3300025881_37,0.20871498,2228452.0,0.4772510244779784,genomic_traits+gtdb_distance
3300029532_13,0.20875007,2301405.0,0.4858349573412763,genomic_traits+gtdb_distance
3300007798_4,0.20891753,4298352.0,0.4553124081043153,genomic_traits+gtdb_distance
3300029607_6,0.20896779,3649046.0,0.4839653980793884,genomic_traits+gtdb_distance
3300029307_5,0.20901339,3581502.0,0.4524744087815671,genomic_traits+gtdb_distance
3300029387_5,0.2090166,4552136.0,0.4511211879434182,genomic_traits+gtdb_distance
3300029369_7,0.20903945,4522979.0,0.4511141882374426,genomic_traits+gtdb_distance
3300029588_7,0.20913534,4498810.0,0.451733013841438,genomic_traits+gtdb_distance
3300014953_3,0.20916481,4526268.0,0.4491070789445079,genomic_traits+gtdb_distance
3300029137_3,0.2093672,4444488.0,0.4531626590059417,genomic_traits+gtdb_distance
3300012798_1,0.20940325,8765759.0,0.538474192594161,genomic_traits+gtdb_distance
3300029324_5,0.20941208,4436844.0,0.4509635677972901,genomic_traits+gtdb_distance
3300014512_3,0.20948745,4657422.0,0.4493619002100303,genomic_traits+gtdb_distance
3300008620_4,0.20954913,4427444.0,0.4504027605995694,genomic_traits+gtdb_distance
3300029849_4,0.20962714,4537463.0,0.4502881896778001,genomic_traits+gtdb_distance
3300029255_8,0.20968051,3352790.0,0.4974973082119667,genomic_traits+gtdb_distance
3300014799_7,0.20968671,3211123.0,0.4564032582993551,genomic_traits+gtdb_distance
3300008585_3,0.20977202,4393749.0,0.4639793943623088,genomic_traits+gtdb_distance
3300008737_2,0.20982929,4524597.0,0.4512618471877164,genomic_traits+gtdb_distance
3300013499_3,0.20989616,3293095.0,0.4732226066967397,genomic_traits+gtdb_distance
3300027849_16,0.20992549,4173936.0,0.3961419149694676,genomic_traits+gtdb_distance
3300013749_4,0.20995808,3228143.0,0.4376612188493508,genomic_traits+gtdb_distance
3300025296_5,0.20998408,4568174.0,0.4076215135412968,genomic_traits+gtdb_distance
3300020603_69,0.21002619,2121335.0,0.4102624055135092,genomic_traits+gtdb_distance
3300012533_33,0.21008219,4373609.0,0.522675438064994,genomic_traits+gtdb_distance
3300029706_7,0.21027157,3056290.0,0.4543295956862732,genomic_traits+gtdb_distance
3300028485_8,0.21028553,3494970.0,0.4605264136745093,genomic_traits+gtdb_distance
3300008268_7,0.21029551,4544080.0,0.4501905776306755,genomic_traits+gtdb_distance
3300029248_5,0.21038282,4686915.0,0.4496648648417989,genomic_traits+gtdb_distance
3300008385_4,0.21044713,4209680.0,0.4679474449364322,genomic_traits+gtdb_distance
3300025251_5,0.21049829,4489740.0,0.4084846784000855,genomic_traits+gtdb_distance
3300008680_6,0.21050896,3153635.0,0.4688665619198163,genomic_traits+gtdb_distance
3300009826_57,0.21062061,2242010.0,0.4094259169227612,genomic_traits+gtdb_distance
3300021399_21,0.21068965,3691938.0,0.4538686727675275,genomic_traits+gtdb_distance
3300029556_9,0.21069509,3823874.0,0.4907549255022524,genomic_traits+gtdb_distance
3300013127_18,0.21070763,2740829.0,0.3772183525495388,genomic_traits+gtdb_distance
3300027983_43,0.21071687,2149888.0,0.3745329989283162,genomic_traits+gtdb_distance
3300029426_5,0.21072192,4642051.0,0.4492350471806535,genomic_traits+gtdb_distance
3300018875_3,0.21072592,6965865.0,0.5197344479113506,genomic_traits+gtdb_distance
3300029422_9,0.21074936,3588667.0,0.4864485894065958,genomic_traits+gtdb_distance
3300029410_6,0.21099761,4393342.0,0.4524892439514156,genomic_traits+gtdb_distance
3300029472_6,0.21100572,4683822.0,0.4522089011922314,genomic_traits+gtdb_distance
3300029776_8,0.21103576,4204576.0,0.4526834572618023,genomic_traits+gtdb_distance
3300008728_5,0.2110592,4406518.0,0.4268338402339443,genomic_traits+gtdb_distance
3300029546_7,0.21113469,4709308.0,0.4496450433906637,genomic_traits+gtdb_distance
3300029434_20,0.21117114,2767175.0,0.4149817051686286,genomic_traits+gtdb_distance+rrna16s
3300006319_8,0.2111725,2363089.0,0.3819026706146065,genomic_traits+gtdb_distance
3300029081_2,0.21120065,4826162.0,0.4481741392021237,genomic_traits+gtdb_distance
3300010270_18,0.21120527,2807207.0,0.5038673671018916,genomic_traits+gtdb_distance
3300029816_8,0.21132073,3236906.0,0.4535229011902106,genomic_traits+gtdb_distance
3300029493_6,0.21135187,4827772.0,0.4520076755903137,genomic_traits+gtdb_distance
3300025305_2,0.21139182,4940076.0,0.4508088539528542,genomic_traits+gtdb_distance
3300029372_6,0.21151504,4719649.0,0.451280593111903,genomic_traits+gtdb_distance
3300029468_4,0.21157305,4667925.0,0.4492357953480401,genomic_traits+gtdb_distance
3300007794_2,0.21161486,2987011.0,0.4198662140849163,genomic_traits+gtdb_distance
3300014749_2,0.21167728,4660410.0,0.4524616932844964,genomic_traits+gtdb_distance
3300012003_13,0.21170701,3059889.0,0.5411150535199153,genomic_traits+gtdb_distance
3300029037_4,0.21173379,4510533.0,0.4515459702877686,genomic_traits+gtdb_distance
3300029764_6,0.21183996,4651339.0,0.4515523379396771,genomic_traits+gtdb_distance
3300029337_5,0.2120795,4588279.0,0.4510569213424031,genomic_traits+gtdb_distance
3300007968_3,0.21209544,2311662.0,0.490832569813407,genomic_traits+gtdb_distance
3300025046_1,0.2123479,4946474.0,0.4359802558347623,genomic_traits+gtdb_distance
3300011976_10,0.21237324,2700346.0,0.4453577430447802,genomic_traits+gtdb_distance
3300029329_6,0.21237636,4631742.0,0.4509204096428514,genomic_traits+gtdb_distance
3300014523_2,0.2124293,4831348.0,0.4505566562375552,genomic_traits+gtdb_distance
3300014546_2,0.21246128,4380050.0,0.4527852421776007,genomic_traits+gtdb_distance
3300008420_3,0.21254356,2424224.0,0.3669858890927571,genomic_traits+gtdb_distance
3300029500_3,0.21257746,3546601.0,0.4514801636834817,genomic_traits+gtdb_distance
3300029020_3,0.21261452,4687420.0,0.450971536580891,genomic_traits+gtdb_distance
3300025286_2,0.21264711,4913337.0,0.4494912520757277,genomic_traits+gtdb_distance
3300029675_5,0.2126713,4835579.0,0.4516406411724428,genomic_traits+gtdb_distance
3300029790_7,0.21268035,4654570.0,0.4523034351186039,genomic_traits+gtdb_distance
3300029066_1,0.21273367,5399622.0,0.4163567375642221,genomic_traits+gtdb_distance
3300025877_28,0.21277091,1946786.0,0.4855567073114353,genomic_traits+gtdb_distance
3300029719_7,0.21283762,5045118.0,0.4504963015731247,genomic_traits+gtdb_distance
3300029085_2,0.21286252,4862298.0,0.4497630544240604,genomic_traits+gtdb_distance
3300007975_1,0.21290132,5025638.0,0.4150603366179577,genomic_traits+gtdb_distance
3300029765_5,0.21303745,5130916.0,0.4472764707120522,genomic_traits+gtdb_distance
3300007498_4,0.2131277,4547306.0,0.4266576737963093,genomic_traits+gtdb_distance
3300029759_6,0.21314998,5090170.0,0.447379164153653,genomic_traits+gtdb_distance
3300025476_1,0.21317127,4099505.0,0.4648156301797412,genomic_traits+gtdb_distance
3300013138_27,0.21322097,4292216.0,0.4515068673151584,genomic_traits+gtdb_distance
3300029138_3,0.2132592,3983268.0,0.4498956635606743,genomic_traits+gtdb_distance
3300008364_6,0.21329568,2548984.0,0.5148737693135775,genomic_traits+gtdb_distance
3300013126_38,0.21332797,3326672.0,0.4909961066194683,genomic_traits+gtdb_distance
3300025667_7,0.21333775,2875374.0,0.5457335289252807,genomic_traits+gtdb_distance
3300021426_35,0.21339893,2662414.0,0.4355152880055468,genomic_traits+gtdb_distance
3300029360_5,0.21343641,4743943.0,0.4488061934976874,genomic_traits+gtdb_distance
3300029796_11,0.21366107,4348860.0,0.452707606131262,genomic_traits+gtdb_distance
3300008103_3,0.21371083,4736697.0,0.4487606025886815,genomic_traits+gtdb_distance
3300029090_5,0.21373567,4874364.0,0.4494069380128361,genomic_traits+gtdb_distance
3300025420_4,0.2137472,2615069.0,0.4573095394423627,genomic_traits+gtdb_distance
3300026511_10,0.21387799,2280413.0,0.51048603915168,genomic_traits+gtdb_distance
3300010282_10,0.21403801,2872355.0,0.5037476217250305,genomic_traits+gtdb_distance
3300013136_20,0.2141115,4406354.0,0.4509086196887494,genomic_traits+gtdb_distance
3300007360_3,0.21416818,4480609.0,0.4654139649319992,genomic_traits+gtdb_distance
3300012830_1,0.21429364,7101432.0,0.5402713142926666,genomic_traits+gtdb_distance
3300006463_3,0.21429828,4527724.0,0.4519959697190023,genomic_traits+gtdb_distance
3300028048_61,0.2143427,2463788.0,0.4486989140299409,genomic_traits+gtdb_distance
3300029785_7,0.21436872,4185666.0,0.4538517884609044,genomic_traits+gtdb_distance
3300009084_120,0.21454473,2640591.0,0.4871969949151534,genomic_traits+gtdb_distance
3300025305_8,0.21458043,3503890.0,0.5144276789511086,genomic_traits+gtdb_distance
3300018719_5,0.21463132,5961445.0,0.5294157708407945,genomic_traits+gtdb_distance
3300029074_4,0.21475491,4643880.0,0.4651347580040827,genomic_traits+gtdb_distance
3300029852_22,0.21479632,1779753.0,0.532940245078952,genomic_traits+gtdb_distance
3300008496_3,0.21482016,4182497.0,0.4716330938193142,genomic_traits+gtdb_distance
3300020183_39,0.21482424,2197542.0,0.464123097533517,genomic_traits+gtdb_distance
3300029432_7,0.21500374,4960470.0,0.4482788929274847,genomic_traits+gtdb_distance
3300007975_2,0.21517049,4575178.0,0.4322380462574352,genomic_traits+gtdb_distance
3300025890_42,0.21519457,2206316.0,0.4759204937098765,genomic_traits+gtdb_distance
3300020204_52,0.21523154,2170027.0,0.4643591992173369,genomic_traits+gtdb_distance
3300025112_4,0.21528193,4023373.0,0.402022134164543,genomic_traits+gtdb_distance
3300029783_15,0.21532911,2474940.0,0.4853632815340978,genomic_traits+gtdb_distance
3300012648_5,0.21538326,2600794.0,0.4196814511260792,genomic_traits+gtdb_distance
3300021431_26,0.21553943,3913115.0,0.4579765736504038,genomic_traits+gtdb_distance
3300029316_6,0.21557565,3779377.0,0.449812760145389,genomic_traits+gtdb_distance
3300007098_2,0.21558775,4559366.0,0.4322048284783454,genomic_traits+gtdb_distance
3300008278_6,0.21558924,2482943.0,0.3687007716246406,genomic_traits+gtdb_distance
3300008129_5,0.21571358,4577854.0,0.4514785748955733,genomic_traits+gtdb_distance
3300011668_1,0.21575943,5342287.0,0.4003044014670122,genomic_traits+gtdb_distance
3300008486_19,0.21576117,1968468.0,0.3862988882725043,genomic_traits+gtdb_distance
3300007043_6,0.2158101,3093309.0,0.413093874553108,genomic_traits+gtdb_distance+rrna16s
3300020578_58,0.21634789,2187216.0,0.4640245865063167,genomic_traits+gtdb_distance
3300021376_52,0.21657616,2183920.0,0.4643448477966226,genomic_traits+gtdb_distance
3300008547_3,0.21662493,4635588.0,0.4494655262719638,genomic_traits+gtdb_distance
3300014798_7,0.21684477,2334410.0,0.4900004712111411,genomic_traits+gtdb_distance
3300017453_13,0.21692088,1994980.0,0.4132176763676828,genomic_traits+gtdb_distance
3300029103_8,0.21696478,2786053.0,0.4422277681006068,genomic_traits+gtdb_distance+rrna16s
3300029612_11,0.21707757,3258297.0,0.5145322848101324,genomic_traits+gtdb_distance
3300005286_19,0.21713415,5302076.0,0.5145139375595521,genomic_traits+gtdb_distance
3300008520_2,0.21713966,4955489.0,0.4501081527978369,genomic_traits+gtdb_distance
3300029430_9,0.21714355,4919032.0,0.4498547681739008,genomic_traits+gtdb_distance
3300021093_50,0.21730073,2171250.0,0.4646240644789867,genomic_traits+gtdb_distance
3300007742_3,0.2173142,4587951.0,0.4328651286816271,genomic_traits+gtdb_distance
3300014950_4,0.21744214,4799355.0,0.4484546360917248,genomic_traits+gtdb_distance
3300029370_4,0.2174957,6429412.0,0.4183394997862946,genomic_traits+gtdb_distance
3300008161_13,0.21779211,2021090.0,0.3868412589246396,genomic_traits+gtdb_distance
3300005326_6,0.21779871,7444485.0,0.4521443726463281,genomic_traits+gtdb_distance
3300017658_15,0.21801467,5377199.0,0.5139620088451256,genomic_traits+gtdb_distance
3300029551_11,0.21804197,3243362.0,0.4628197530833746,genomic_traits+gtdb_distance
3300009540_22,0.21804418,3667715.0,0.4997711108960211,genomic_traits+gtdb_distance
3300025520_2,0.21806355,4536143.0,0.4174224666197693,genomic_traits+gtdb_distance
3300007527_3,0.21818215,3706750.0,0.4728357725770554,genomic_traits+gtdb_distance
3300000160_1,0.21818328,3566703.0,0.4352145384687202,genomic_traits+gtdb_distance
3300025608_19,0.21843857,2042073.0,0.4523893122332061,genomic_traits+gtdb_distance
3300029024_5,0.21844721,3563462.0,0.4560621103859112,genomic_traits+gtdb_distance
3300029584_19,0.21856195,2439688.0,0.4885177940785871,genomic_traits+gtdb_distance
3300026256_16,0.21875642,2052062.0,0.5096834306175935,genomic_traits+gtdb_distance
3300020190_53,0.21903078,2100708.0,0.4652164889170698,genomic_traits+gtdb_distance
3300027580_5,0.21904778,4127368.0,0.4822274146623223,genomic_traits+gtdb_distance
3300000059_17,0.21942697,2005128.0,0.5201852450317386,genomic_traits+gtdb_distance
3300011773_1,0.21945146,5652885.0,0.399499901377792,genomic_traits+gtdb_distance
3300029575_7,0.21950787,5111205.0,0.426229039923071,genomic_traits+gtdb_distance
3300005326_31,0.21958816,2866874.0,0.5651751698888755,genomic_traits+gtdb_distance
3300025921_21,0.21967106,5111314.0,0.3787538781612712,genomic_traits+gtdb_distance
3300029187_9,0.21982582,2407834.0,0.4910895020171656,genomic_traits+gtdb_distance
3300011769_2,0.21987958,6353860.0,0.3963006739210495,genomic_traits+gtdb_distance
3300014565_4,0.21994294,4598427.0,0.4664231921046045,genomic_traits+gtdb_distance
3300017655_12,0.2200404,5496810.0,0.5131478075465589,genomic_traits+gtdb_distance
3300029322_5,0.22014314,3388488.0,0.4525782590937315,genomic_traits+gtdb_distance
3300025321_4,0.22050916,4849557.0,0.4206833737597063,genomic_traits+gtdb_distance
3300020444_3,0.22055438,4395830.0,0.4600434957675797,genomic_traits+gtdb_distance
3300010162_37,0.22058325,2679395.0,0.4224379010933438,genomic_traits+gtdb_distance
3300028968_2,0.22072074,5483983.0,0.4215908400883081,genomic_traits+gtdb_distance
3300025105_32,0.22079948,2559316.0,0.3807263346925507,genomic_traits+gtdb_distance
2225789004_10,0.22102599,2495957.0,0.4907704740105699,genomic_traits+gtdb_distance
3300007222_5,0.22104163,4297173.0,0.4656505567730226,genomic_traits+gtdb_distance
3300029371_10,0.22108784,2789612.0,0.4841002978191949,genomic_traits+gtdb_distance
3300029364_8,0.22113334,2897105.0,0.440203237369719,genomic_traits+gtdb_distance+rrna16s
3300013921_3,0.22135131,3252562.0,0.3151232782034593,genomic_traits+gtdb_distance
3300029445_15,0.22144529,3135560.0,0.4949358328336884,genomic_traits+gtdb_distance
3300020215_14,0.22149538,2145629.0,0.5535071533801976,genomic_traits+gtdb_distance
3300027864_42,0.2216108,2334069.0,0.4291029956697938,genomic_traits+gtdb_distance
3300008268_18,0.22163005,2384167.0,0.4798271262038271,genomic_traits+gtdb_distance
3300011609_3,0.22164091,3313967.0,0.3160927673691379,genomic_traits+gtdb_distance
3300025879_17,0.22178781,2075067.0,0.4965169799336599,genomic_traits+gtdb_distance
3300020440_15,0.22182594,2676923.0,0.5507255905380917,genomic_traits+gtdb_distance
3300011571_1,0.22188789,5822716.0,0.3996760274758377,genomic_traits+gtdb_distance
3300012808_2,0.22201939,5938662.0,0.5356038110941488,genomic_traits+gtdb_distance
3300014667_2,0.22208226,5665164.0,0.4004270661890812,genomic_traits+gtdb_distance
3300029178_4,0.22230305,2499034.0,0.3128060682647775,genomic_traits+gtdb_distance
3300008512_1,0.22233425,6304749.0,0.4175744347633823,genomic_traits+gtdb_distance
3300017652_8,0.22240582,4690008.0,0.4467632038154306,genomic_traits+gtdb_distance
3300008361_2,0.22249733,4728596.0,0.4707014513398903,genomic_traits+gtdb_distance
3300013128_24,0.22250532,2480094.0,0.3770429669198022,genomic_traits+gtdb_distance
3300012942_30,0.22259162,3876645.0,0.5053653352318822,genomic_traits+gtdb_distance
3300017788_38,0.22274576,3988956.0,0.534380925735957,genomic_traits+gtdb_distance
3300014799_13,0.22284234,2322787.0,0.4721724376793911,genomic_traits+gtdb_distance
3300007638_13,0.22327365,1984016.0,0.3862287400908057,genomic_traits+gtdb_distance
3300029408_6,0.22337219,3150241.0,0.4583185857843892,genomic_traits+gtdb_distance
3300018933_12,0.22357233,3256002.0,0.4018495688884712,genomic_traits+gtdb_distance
3300002963_10,0.22364686,2025913.0,0.4170608510829438,genomic_traits+gtdb_distance
3300011987_2,0.22365612,4729355.0,0.4150532155019025,genomic_traits+gtdb_distance
3300029623_38,0.22368044,1731142.0,0.5366249562427576,genomic_traits+gtdb_distance
3300029356_16,0.22380795,2490998.0,0.4339862978613391,genomic_traits+gtdb_distance
3300013131_33,0.22401395,3770697.0,0.5092647327536527,genomic_traits+gtdb_distance
3300029459_13,0.22440301,2270833.0,0.4898475581427608,genomic_traits+gtdb_distance
3300020079_9,0.22447065,3164030.0,0.4358950452429339,genomic_traits+gtdb_distance
3300029444_7,0.22502023,3276508.0,0.4938632837154678,genomic_traits+gtdb_distance
3300020204_56,0.22515576,2113934.0,0.4922291802866125,genomic_traits+gtdb_distance
3300020220_77,0.22533208,2111898.0,0.4925630878006419,genomic_traits+gtdb_distance
3300028968_13,0.22579369,1641214.0,0.3919226864991402,genomic_traits+gtdb_distance
3300029379_10,0.22582419,2937759.0,0.4997625741253792,genomic_traits+gtdb_distance
3300029784_9,0.2260444,3467893.0,0.4900996080328891,genomic_traits+gtdb_distance
3300026776_2,0.22619475,1706660.0,0.3065291270669026,genomic_traits+gtdb_distance
3300021376_56,0.22652008,2055324.0,0.494839256487055,genomic_traits+gtdb_distance
3300012921_13,0.22655426,5595490.0,0.4269509908873038,genomic_traits+gtdb_distance
3300029367_10,0.2265614,2221703.0,0.4232978035317952,genomic_traits+gtdb_distance
3300029078_5,0.22667715,3126712.0,0.5119432170279834,genomic_traits+gtdb_distance
3300021311_17,0.22673278,2619006.0,0.5570659250112447,genomic_traits+gtdb_distance
3300029334_15,0.22677936,2390770.0,0.4359875688585686,genomic_traits+gtdb_distance
3300014057_14,0.22705421,2789006.0,0.544594023820673,genomic_traits+gtdb_distance
3300027898_6,0.22707552,5358892.0,0.4369576770720514,genomic_traits+gtdb_distance
3300005286_20,0.22725557,4933404.0,0.564017055971901,genomic_traits+gtdb_distance
3300029764_9,0.22732222,3417374.0,0.4619868940303285,genomic_traits+gtdb_distance
3300027962_5,0.2274272,5183145.0,0.4296192755556713,genomic_traits+gtdb_distance
3300019373_16,0.22776882,2958769.0,0.5252140332685654,genomic_traits+gtdb_distance
3300007650_2,0.22790161,5713791.0,0.4257880626015197,genomic_traits+gtdb_distance
3300007997_19,0.22800815,1842737.0,0.3629980838285658,genomic_traits+gtdb_distance
3300021091_60,0.22812438,2069263.0,0.4946306970162806,genomic_traits+gtdb_distance
3300029445_19,0.2281431,2843163.0,0.4400831046267836,genomic_traits+gtdb_distance+rrna16s
3300012000_8,0.22817223,2374190.0,0.5482762542172278,genomic_traits+gtdb_distance
3300020179_48,0.22817829,2068560.0,0.4947006613296206,genomic_traits+gtdb_distance
3300029643_11,0.22818552,2151221.0,0.4199656846042317,genomic_traits+gtdb_distance
3300025526_5,0.22822703,5015958.0,0.413273595991035,genomic_traits+gtdb_distance
3300006464_12,0.22825806,2748189.0,0.4983769311353768,genomic_traits+gtdb_distance
3300025942_13,0.22825974,5904079.0,0.4367763371729951,genomic_traits+gtdb_distance
3300017821_4,0.2282801,4265583.0,0.3688888482535681,genomic_traits+gtdb_distance
3300017560_9,0.22841713,4629897.0,0.480496218382396,genomic_traits+gtdb_distance
3300008101_12,0.2287227,2846491.0,0.5446800991115025,genomic_traits+gtdb_distance
3300027284_27,0.22877914,2812413.0,0.5541046069691756,genomic_traits+gtdb_distance
3300005281_12,0.22912565,4926586.0,0.481907552207553,genomic_traits+gtdb_distance
3300025523_1,0.2291389,3054268.0,0.315055849715873,genomic_traits+gtdb_distance
3300025298_6,0.22921711,7911788.0,0.4905820277287511,genomic_traits+gtdb_distance
3300029358_8,0.22924441,3150667.0,0.4951307135917569,genomic_traits+gtdb_distance
3300029368_9,0.22932613,2913716.0,0.4970614843725332,genomic_traits+gtdb_distance
3300028582_20,0.22935323,3312956.0,0.507937926130018,genomic_traits+gtdb_distance+rrna16s
3300025575_13,0.22945353,4227857.0,0.3976248487117705,genomic_traits+gtdb_distance
3300025639_7,0.22951008,4848685.0,0.4830047734591956,genomic_traits+gtdb_distance
3300008722_3,0.22956727,5943124.0,0.4274452291421144,genomic_traits+gtdb_distance
3300000225_10,0.22960041,1899996.0,0.4227898374522894,genomic_traits+gtdb_distance
3300029464_5,0.2296809,3487468.0,0.4509710196624026,genomic_traits+gtdb_distance
3300029830_10,0.23002133,3007621.0,0.4401472126973445,genomic_traits+gtdb_distance+rrna16s
3300029884_14,0.23031016,2201702.0,0.4723291344605219,genomic_traits+gtdb_distance
3300024515_3,0.23033889,4012177.0,0.4731533529054176,genomic_traits+gtdb_distance
3300029391_12,0.2305396,2825847.0,0.4420844440622581,genomic_traits+gtdb_distance+rrna16s
3300021326_15,0.23077922,3469123.0,0.5336106560649478,genomic_traits+gtdb_distance
3300025044_4,0.23082186,4446878.0,0.4963902765041001,genomic_traits+gtdb_distance
3300020477_34,0.23082791,2786065.0,0.5171508920287216,genomic_traits+gtdb_distance
3300021139_7,0.23118153,2321348.0,0.4190599599887651,genomic_traits+gtdb_distance
3300020109_67,0.23120573,2001524.0,0.4964247243600376,genomic_traits+gtdb_distance
3300014949_6,0.23125961,2797014.0,0.5404763794532312,genomic_traits+gtdb_distance
3300014807_9,0.23127462,2922263.0,0.5462892970276803,genomic_traits+gtdb_distance
3300012813_5,0.23128653,4643139.0,0.5573994231057912,genomic_traits+gtdb_distance
3300020428_10,0.2316936,2941323.0,0.4933908992653986,genomic_traits+gtdb_distance
3300006464_13,0.23198636,2676066.0,0.5488646393624074,genomic_traits+gtdb_distance
3300007360_8,0.23256712,2854660.0,0.5517767439905278,genomic_traits+gtdb_distance
3300029791_15,0.23276609,2456640.0,0.4398813012895662,genomic_traits+gtdb_distance
3300029682_13,0.2331302,2229626.0,0.5007324098301689,genomic_traits+gtdb_distance
3300011977_5,0.23347177,2913461.0,0.5166477258490847,genomic_traits+gtdb_distance
3300011985_23,0.2335301,2037780.0,0.4285384094455731,genomic_traits+gtdb_distance
3300007299_6,0.23374036,3236765.0,0.5429288193613068,genomic_traits+gtdb_distance
3300027762_4,0.23414172,3423637.0,0.5036328325695744,genomic_traits+gtdb_distance
3300029714_15,0.23463006,2883768.0,0.5501375284003429,genomic_traits+gtdb_distance
3300012829_8,0.23464467,4812244.0,0.5601960332850953,genomic_traits+gtdb_distance
3300012834_5,0.2351135,4730491.0,0.5602310626951832,genomic_traits+gtdb_distance
3300009826_71,0.23520091,1869372.0,0.4121854826112726,genomic_traits+gtdb_distance
3300014050_13,0.23544098,2242468.0,0.5517505712456098,genomic_traits+gtdb_distance
3300029748_16,0.2358812,2831730.0,0.5374622580542636,genomic_traits+gtdb_distance
3300029379_18,0.2361377,2300764.0,0.5234582947229702,genomic_traits+gtdb_distance
3300027708_24,0.23645683,2076317.0,0.5395288869666819,genomic_traits+gtdb_distance
3300007705_7,0.23668525,2482699.0,0.533715524918647,genomic_traits+gtdb_distance
3300025949_22,0.23684847,7279284.0,0.5146420994152722,genomic_traits+gtdb_distance
3300029374_11,0.23697424,2949380.0,0.4929690307793502,genomic_traits+gtdb_distance
3300022750_9,0.23707475,5078258.0,0.4434262694018303,genomic_traits+gtdb_distance
3300029478_13,0.23710132,2378790.0,0.4692280529176598,genomic_traits+gtdb_distance
3300020267_5,0.23729695,3288933.0,0.5164884781781812,genomic_traits+gtdb_distance
3300029495_19,0.23739268,2425144.0,0.3623714715497306,genomic_traits+gtdb_distance+rrna16s
3300029354_15,0.2376294,2640797.0,0.3738057109274207,genomic_traits+gtdb_distance+rrna16s
3300025788_5,0.23778556,2206265.0,0.462598101316025,genomic_traits+gtdb_distance
3300021318_15,0.23783374,3527951.0,0.53328801902294,genomic_traits+gtdb_distance
3300008341_9,0.23796254,2213371.0,0.5468211158454683,genomic_traits+gtdb_distance
3300029710_15,0.23810147,2829108.0,0.5510319860535546,genomic_traits+gtdb_distance
3300029549_15,0.23829421,2637665.0,0.5132236277161808,genomic_traits+gtdb_distance
3300012919_18,0.2383536,2110407.0,0.5102172235023861,genomic_traits+gtdb_distance
3300020220_64,0.23837054,2399054.0,0.5825567077689789,genomic_traits+gtdb_distance
3300029128_18,0.23858912,2132505.0,0.5438655477947296,genomic_traits+gtdb_distance
3300029407_12,0.23859905,2396847.0,0.4704551437784723,genomic_traits+gtdb_distance
3300029618_9,0.23883533,3138831.0,0.5154361607872485,genomic_traits+gtdb_distance
3300029381_10,0.238836,2900773.0,0.4997833336148675,genomic_traits+gtdb_distance
3300020222_56,0.23883781,2319629.0,0.5844249231234823,genomic_traits+gtdb_distance
3300014794_9,0.23891048,2682226.0,0.5559412219551969,genomic_traits+gtdb_distance
3300026518_12,0.2389906,3268978.0,0.5675957439909354,genomic_traits+gtdb_distance
3300029341_16,0.23937853,2583706.0,0.4421532480862761,genomic_traits+gtdb_distance+rrna16s
3300029788_23,0.23938127,2362861.0,0.4722956619115555,genomic_traits+gtdb_distance
3300029373_16,0.23940924,2417837.0,0.5107581693885899,genomic_traits+gtdb_distance
3300029579_17,0.23953032,2386909.0,0.4712994923560136,genomic_traits+gtdb_distance
3300029764_14,0.23964226,2449022.0,0.5104772435690655,genomic_traits+gtdb_distance
3300029855_14,0.23966554,2686434.0,0.5001023661850617,genomic_traits+gtdb_distance
3300014560_5,0.24000159,2464671.0,0.5458521644471006,genomic_traits+gtdb_distance
3300012834_2,0.24021083,7353862.0,0.5831939734523166,genomic_traits+gtdb_distance
3300008361_11,0.24057405,2418108.0,0.5470218865327768,genomic_traits+gtdb_distance
3300029507_15,0.24060781,2303527.0,0.538210752467846,genomic_traits+gtdb_distance
3300025860_34,0.24077038,1843674.0,0.4110422992351142,genomic_traits+gtdb_distance
3300020221_56,0.24078226,2251026.0,0.5853428614329643,genomic_traits+gtdb_distance
3300008480_20,0.24084976,2014527.0,0.4304712719164349,genomic_traits+gtdb_distance
3300029886_10,0.24095464,2424129.0,0.508218003249827,genomic_traits+gtdb_distance
3300025225_2,0.24098097,6734698.0,0.586388134998778,genomic_traits+gtdb_distance
3300011990_15,0.24099976,2275811.0,0.4346371469335546,genomic_traits+gtdb_distance
3300029431_14,0.24105766,2310721.0,0.5440297638702379,genomic_traits+gtdb_distance
3300000213_9,0.24127372,1822083.0,0.4244949324481925,genomic_traits+gtdb_distance
3300019372_10,0.24151503,2053295.0,0.4425847235784434,genomic_traits+gtdb_distance
3300002468_6,0.24178793,7018560.0,0.5163459456070761,genomic_traits+gtdb_distance
3300029851_13,0.24187852,2662088.0,0.4438932897785497,genomic_traits+gtdb_distance+rrna16s
3300029550_10,0.2419069,2293788.0,0.4386547492619196,genomic_traits+gtdb_distance
3300008717_8,0.2419559,2305389.0,0.5477314240676953,genomic_traits+gtdb_distance
3300006914_12,0.24210417,5097690.0,0.5457383638471544,genomic_traits+gtdb_distance
3300029776_16,0.24226564,2282552.0,0.5439442343482208,genomic_traits+gtdb_distance
3300029793_17,0.2423727,2612275.0,0.4417318237934367,genomic_traits+gtdb_distance+rrna16s
3300012344_4,0.24315819,2156732.0,0.3876675451562827,genomic_traits+gtdb_distance+rrna16s
3300020200_44,0.24340658,2162355.0,0.587063641261495,genomic_traits+gtdb_distance
3300029859_12,0.24363641,2920708.0,0.4411522822548505,genomic_traits+gtdb_distance+rrna16s
3300007313_3,0.2438515,3110056.0,0.4685854531236736,genomic_traits+gtdb_distance+rrna16s
3300029407_14,0.24398202,2107856.0,0.5418534283176839,genomic_traits+gtdb_distance
3300012661_11,0.24411233,1386688.0,0.4954870886601744,genomic_traits+gtdb_distance
3300008523_13,0.24412996,2189097.0,0.5469638851087915,genomic_traits+gtdb_distance
3300029603_8,0.2443631,3349250.0,0.5143381354034485,genomic_traits+gtdb_distance
3300007796_10,0.24456948,2640454.0,0.4089917870184446,genomic_traits+gtdb_distance+rrna16s
3300021403_4,0.24459992,5194645.0,0.530807591279096,genomic_traits+gtdb_distance
3300021319_16,0.24471615,3144963.0,0.5309839893187932,genomic_traits+gtdb_distance
3300008058_11,0.24513504,2770070.0,0.4176901666744884,genomic_traits+gtdb_distance+rrna16s
3300029331_13,0.24529883,3061117.0,0.4786595873336432,genomic_traits+gtdb_distance+rrna16s
3300029338_19,0.24552548,2191590.0,0.5442354637500627,genomic_traits+gtdb_distance
3300027834_30,0.24564071,3188548.0,0.4815615132655992,genomic_traits+gtdb_distance
3300029486_25,0.24574819,2199415.0,0.5460679317000202,genomic_traits+gtdb_distance
3300029125_10,0.24583194,2684899.0,0.5510523859556729,genomic_traits+gtdb_distance
3300027342_7,0.24587205,3059924.0,0.6127312312331941,genomic_traits+gtdb_distance
3300027340_7,0.24590135,3101650.0,0.6131723437525188,genomic_traits+gtdb_distance
3300029127_11,0.2459552,2749820.0,0.4168825595857183,genomic_traits+gtdb_distance+rrna16s
3300027316_8,0.24602537,3079709.0,0.6131865056081597,genomic_traits+gtdb_distance
3300029354_17,0.24611774,2441979.0,0.5709729690550165,genomic_traits+gtdb_distance
3300029872_16,0.24611974,2369943.0,0.5625662726909466,genomic_traits+gtdb_distance
3300029738_9,0.24622776,3230754.0,0.5156121450286837,genomic_traits+gtdb_distance
3300006476_18,0.24633598,2223845.0,0.5475849261077098,genomic_traits+gtdb_distance
3300027344_6,0.24641663,3016353.0,0.6148023788992867,genomic_traits+gtdb_distance
3300012533_50,0.24650615,3280739.0,0.5667034165168274,genomic_traits+gtdb_distance
3300014548_6,0.24654482,2456592.0,0.545266776086546,genomic_traits+gtdb_distance
3300027353_6,0.24686542,3114124.0,0.6137273274924184,genomic_traits+gtdb_distance
3300029337_23,0.24688426,2250989.0,0.5555460288788617,genomic_traits+gtdb_distance
3300011724_1,0.24715051,5199711.0,0.4333513920292878,genomic_traits+gtdb_distance+rrna16s
3300027114_3,0.24717592,2031270.0,0.5900608978619287,genomic_traits+gtdb_distance
3300029408_15,0.24728121,2061433.0,0.5562373358726672,genomic_traits+gtdb_distance
3300008750_12,0.2474109,2207498.0,0.5483302816129392,genomic_traits+gtdb_distance
3300029583_21,0.24751571,2288130.0,0.4713167521076162,genomic_traits+gtdb_distance
3300026311_9,0.2475419,4915765.0,0.4099262271487754,genomic_traits+gtdb_distance
3300027358_6,0.24763364,3113359.0,0.6151272628694603,genomic_traits+gtdb_distance
3300027345_5,0.24774668,3187050.0,0.6126988908238026,genomic_traits+gtdb_distance
3300017788_79,0.24784498,1795572.0,0.4815195380636365,genomic_traits+gtdb_distance
3300029752_16,0.24789199,2261195.0,0.5390410822596017,genomic_traits+gtdb_distance
3300027346_5,0.2479832,3180672.0,0.6132314177632903,genomic_traits+gtdb_distance
3300029334_16,0.24807627,2296454.0,0.5629209206890275,genomic_traits+gtdb_distance
3300012805_2,0.24810065,6784584.0,0.5860188332843989,genomic_traits+gtdb_distance
3300021306_15,0.24829216,3013009.0,0.5329021586062305,genomic_traits+gtdb_distance
3300029741_18,0.24832867,2691232.0,0.5694603809704998,genomic_traits+gtdb_distance
3300029852_16,0.24839024,2238152.0,0.5453436585182776,genomic_traits+gtdb_distance
3300029359_14,0.24853313,2447205.0,0.5364556708571615,genomic_traits+gtdb_distance
3300029456_13,0.24853364,2097809.0,0.5438436006328508,genomic_traits+gtdb_distance
3300029592_14,0.24877441,2167034.0,0.5658965203130177,genomic_traits+gtdb_distance
3300029776_14,0.24896835,2366119.0,0.4218993212091192,genomic_traits+gtdb_distance+rrna16s
3300029875_20,0.24914801,2205507.0,0.5645327808979976,genomic_traits+gtdb_distance
3300029856_12,0.24924889,2418899.0,0.5594177350935281,genomic_traits+gtdb_distance
3300018875_7,0.24942328,3275116.0,0.4061190504397401,genomic_traits+gtdb_distance
3300025525_14,0.24942705,2638263.0,0.4584702131667691,genomic_traits+gtdb_distance
3300014815_15,0.24959959,2610645.0,0.5700418862005366,genomic_traits+gtdb_distance
3300029777_15,0.24976155,2229127.0,0.5623771099627791,genomic_traits+gtdb_distance
3300013751_11,0.24998915,2651058.0,0.5711033104519025,genomic_traits+gtdb_distance
3300029482_17,0.25064513,2208998.0,0.5433861868593814,genomic_traits+gtdb_distance
3300029857_21,0.25080273,2804085.0,0.5281316365231439,genomic_traits+gtdb_distance
3300026290_5,0.25105143,5211489.0,0.4097109290646109,genomic_traits+gtdb_distance
3300029549_25,0.25107855,2214104.0,0.5407257292340378,genomic_traits+gtdb_distance
3300011977_10,0.25112727,2698312.0,0.5914338297424464,genomic_traits+gtdb_distance
3300029400_14,0.25118914,2121058.0,0.5022583069392728,genomic_traits+gtdb_distance
3300009503_34,0.2511995,3578974.0,0.5490118117650478,genomic_traits+gtdb_distance
3300006253_15,0.25132313,2603030.0,0.5722450375139742,genomic_traits+gtdb_distance
3300007796_19,0.2513537,2058155.0,0.5020098097567968,genomic_traits+gtdb_distance
3300029669_12,0.25135452,2118793.0,0.5160839213646637,genomic_traits+gtdb_distance
3300009787_37,0.2513651,1902113.0,0.4356129209989101,genomic_traits+gtdb_distance
3300029133_15,0.2514031,2419198.0,0.5429985474525029,genomic_traits+gtdb_distance
3300026987_4,0.2515285,3223079.0,0.5694806115518732,genomic_traits+gtdb_distance
3300025128_3,0.2517701,5104755.0,0.5477516550745335,genomic_traits+gtdb_distance
3300001419_14,0.25188866,2115283.0,0.5282465750445685,genomic_traits+gtdb_distance
3300007722_32,0.2519942,3699395.0,0.5888470952682804,genomic_traits+gtdb_distance
3300007940_6,0.25203174,1863373.0,0.4266590746994831,genomic_traits+gtdb_distance
3300007798_15,0.252078,2409199.0,0.5904672050752138,genomic_traits+gtdb_distance
3300027376_1,0.2522849,7971859.0,0.5728634939478985,genomic_traits+gtdb_distance
3300014540_7,0.25242808,2192217.0,0.5685431688560029,genomic_traits+gtdb_distance
3300010285_22,0.25268862,1987478.0,0.4533554585258302,genomic_traits+gtdb_distance
3300029427_12,0.25287136,2674721.0,0.5428517591180538,genomic_traits+gtdb_distance
3300029245_22,0.2528733,2296576.0,0.5344007775052948,genomic_traits+gtdb_distance
3300005536_15,0.2528786,5175037.0,0.5669934340566067,genomic_traits+gtdb_distance
3300029906_18,0.25292808,2053668.0,0.4941032338235781,genomic_traits+gtdb_distance
3300025949_30,0.25301787,5066223.0,0.5431284805268145,genomic_traits+gtdb_distance
3300011979_19,0.25339207,1970050.0,0.5820948706885613,genomic_traits+gtdb_distance
3300014964_14,0.25340304,2579464.0,0.5550773338957241,genomic_traits+gtdb_distance
3300029762_11,0.25368452,2207902.0,0.5657737526393835,genomic_traits+gtdb_distance
3300029088_5,0.25377807,3320553.0,0.4287135305474721,genomic_traits+gtdb_distance+rrna16s
3300025894_28,0.25381324,2587312.0,0.5882123995869072,genomic_traits+gtdb_distance
3300029763_22,0.2539743,1993658.0,0.5018869836250751,genomic_traits+gtdb_distance
3300029364_11,0.2541421,2691878.0,0.542709216390936,genomic_traits+gtdb_distance
3300029231_13,0.2546308,2879479.0,0.4391099917728172,genomic_traits+gtdb_distance+rrna16s
3300008348_1,0.25463417,2020750.0,0.4267554125943338,genomic_traits+gtdb_distance
3300014561_8,0.25516567,2204987.0,0.5691693420414724,genomic_traits+gtdb_distance
3300029427_11,0.25537708,2795505.0,0.4401258448831249,genomic_traits+gtdb_distance+rrna16s
3300029904_13,0.25594366,2319984.0,0.5070293588231642,genomic_traits+gtdb_distance
3300029382_25,0.256909,2013461.0,0.5705995795299735,genomic_traits+gtdb_distance
3300014520_5,0.25700653,3323881.0,0.428477433458057,genomic_traits+gtdb_distance+rrna16s
3300008541_13,0.25756449,2334658.0,0.556645984122728,genomic_traits+gtdb_distance
3300029595_23,0.25765514,2154248.0,0.5702458584155584,genomic_traits+gtdb_distance
3300010998_36,0.2578791,1917284.0,0.5001241339311234,genomic_traits+gtdb_distance
3300014940_5,0.25902048,3204038.0,0.5840682913248844,genomic_traits+gtdb_distance
3300029235_18,0.25940567,2032780.0,0.5482639537972629,genomic_traits+gtdb_distance
3300029484_17,0.25943667,2151798.0,0.5441983866515351,genomic_traits+gtdb_distance
3300014557_7,0.259555,2784791.0,0.5871162324210327,genomic_traits+gtdb_distance
3300017448_70,0.2598461,5123844.0,0.5820914922468365,genomic_traits+gtdb_distance
3300025463_5,0.26008993,5792162.0,0.5785485626955876,genomic_traits+gtdb_distance
3300025621_21,0.26099965,2094452.0,0.5515137133722807,genomic_traits+gtdb_distance
3300011830_1,0.261107,5043212.0,0.5558322751452844,genomic_traits+gtdb_distance
3300029886_8,0.2614237,3348000.0,0.5785274790919952,genomic_traits+gtdb_distance
3300020408_6,0.26177064,3735223.0,0.5442411336618992,genomic_traits+gtdb_distance
3300029641_6,0.26208743,3149073.0,0.5844218282650164,genomic_traits+gtdb_distance
3300011989_16,0.26210636,2222187.0,0.5261217890303561,genomic_traits+gtdb_distance
3300027804_10,0.262153,3257385.0,0.5807830514354305,genomic_traits+gtdb_distance
3300014964_11,0.26255596,2712582.0,0.5779998540136299,genomic_traits+gtdb_distance
3300005858_11,0.26287535,2306621.0,0.3906298433942984,genomic_traits+gtdb_distance
3300029084_4,0.26295033,3012855.0,0.4313164755688541,genomic_traits+gtdb_distance+rrna16s
3300000212_10,0.2632324,1744816.0,0.4237208966446892,genomic_traits+gtdb_distance
3300009393_14,0.26330495,1951160.0,0.4796961807335124,genomic_traits+gtdb_distance
2225789004_11,0.26358667,2439465.0,0.5730166245467756,genomic_traits+gtdb_distance
3300014755_8,0.26358706,2933038.0,0.5900557715242694,genomic_traits+gtdb_distance
3300029214_6,0.26391736,3355622.0,0.4342917646862489,genomic_traits+gtdb_distance+rrna16s
3300029365_20,0.26423082,2691536.0,0.4157165276630147,genomic_traits+gtdb_distance+rrna16s
3300012003_5,0.26445735,4759665.0,0.5868923548190892,genomic_traits+gtdb_distance
3300007320_19,0.26463857,1984326.0,0.5103294519146552,genomic_traits+gtdb_distance
3300012943_17,0.26478043,5144424.0,0.6068407269696277,genomic_traits+gtdb_distance
3300029070_5,0.26480168,3380665.0,0.4906407467169921,genomic_traits+gtdb_distance+rrna16s
3300018719_6,0.2649125,5283760.0,0.6177093584871379,genomic_traits+gtdb_distance
3300024301_38,0.26507026,1597650.0,0.5468131317873126,genomic_traits+gtdb_distance
3300008404_7,0.26507136,2842432.0,0.4311427678832774,genomic_traits+gtdb_distance+rrna16s
3300029338_10,0.2651265,2944577.0,0.4395565135501635,genomic_traits+gtdb_distance+rrna16s
3300006462_6,0.2653703,2032497.0,0.5620529821200229,genomic_traits+gtdb_distance
3300022135_7,0.26568884,2033017.0,0.467185468690129,genomic_traits+gtdb_distance
3300022660_110,0.26576683,1807868.0,0.5249100044914784,genomic_traits+gtdb_distance
3300027896_34,0.26609722,3703301.0,0.5244207802714389,genomic_traits+gtdb_distance
3300008302_3,0.26631266,2100006.0,0.5616288715365575,genomic_traits+gtdb_distance
3300008301_6,0.26641122,2766029.0,0.4140643500122377,genomic_traits+gtdb_distance+rrna16s
3300029436_18,0.26672727,2572324.0,0.4212307625322471,genomic_traits+gtdb_distance+rrna16s
3300029430_24,0.26697427,2052678.0,0.5604902473744056,genomic_traits+gtdb_distance
3300029342_19,0.26699275,2517532.0,0.416119437607943,genomic_traits+gtdb_distance+rrna16s
3300029447_31,0.26713914,2119531.0,0.5411399974805747,genomic_traits+gtdb_distance
3300029796_19,0.26724336,2620294.0,0.4161765817118232,genomic_traits+gtdb_distance+rrna16s
3300022753_96,0.2677354,1810648.0,0.5251467982733253,genomic_traits+gtdb_distance
3300007316_10,0.26784244,2170982.0,0.5607844744912671,genomic_traits+gtdb_distance
3300008130_11,0.2678468,1955807.0,0.5405707209351434,genomic_traits+gtdb_distance
3300029496_16,0.26785338,2262475.0,0.586757864727787,genomic_traits+gtdb_distance
3300013123_17,0.26842254,4509863.0,0.4585633754284775,genomic_traits+gtdb_distance
3300009393_11,0.2686117,2142759.0,0.5588290610376622,genomic_traits+gtdb_distance
3300028989_5,0.26921922,3328997.0,0.430363860345924,genomic_traits+gtdb_distance+rrna16s
3300027328_8,0.26929754,4983034.0,0.4021266963059052,genomic_traits+gtdb_distance
3300008142_25,0.2693241,2122197.0,0.5581380993376204,genomic_traits+gtdb_distance
3300027559_1,0.26937014,4387325.0,0.587351518294177,genomic_traits+gtdb_distance
3300029197_10,0.26958323,2243533.0,0.5410662557671315,genomic_traits+gtdb_distance
3300027773_25,0.2698205,4308467.0,0.5537027439226063,genomic_traits+gtdb_distance
3300007924_4,0.26984993,2840826.0,0.376750987212874,genomic_traits+gtdb_distance+rrna16s
3300006320_16,0.2698709,1536411.0,0.5089204646412971,genomic_traits+gtdb_distance
3300027386_9,0.26989153,5019748.0,0.402188117809898,genomic_traits+gtdb_distance
3300022661_110,0.270586,1730529.0,0.527130721299672,genomic_traits+gtdb_distance
3300029623_15,0.27097127,2768674.0,0.3732960254620082,genomic_traits+gtdb_distance+rrna16s
3300029816_17,0.27118507,2190452.0,0.5409495391818675,genomic_traits+gtdb_distance
3300014750_2,0.2712942,2984029.0,0.4126273571738076,genomic_traits+gtdb_distance+rrna16s
3300020419_15,0.27162445,1660475.0,0.4299251720140321,genomic_traits+gtdb_distance
3300029348_10,0.27172565,2648434.0,0.4172571413899685,genomic_traits+gtdb_distance+rrna16s
3300000930_17,0.27186573,1458452.0,0.4936665725029003,genomic_traits+gtdb_distance
3300029477_14,0.27195933,2463858.0,0.4421492634721644,genomic_traits+gtdb_distance+rrna16s
3300029385_10,0.27231014,2820407.0,0.4412363180207679,genomic_traits+gtdb_distance+rrna16s
3300026534_21,0.27257863,3280358.0,0.5981737359154092,genomic_traits+gtdb_distance
3300029884_20,0.27278668,1754461.0,0.4565191246770375,genomic_traits+gtdb_distance
3300027276_36,0.27279475,2209948.0,0.5262512964105943,genomic_traits+gtdb_distance
3300013749_14,0.2730136,2210309.0,0.5550052051545734,genomic_traits+gtdb_distance+rrna16s
3300025708_45,0.27318302,2013959.0,0.406526647265411,genomic_traits+gtdb_distance
3300029086_7,0.27328685,3309439.0,0.428898070035435,genomic_traits+gtdb_distance+rrna16s
3300025589_5,0.27331525,3963684.0,0.5101668044173047,genomic_traits+gtdb_distance
3300014970_5,0.27344087,3999258.0,0.4118804038149076,genomic_traits+gtdb_distance+rrna16s
3300025519_1,0.27348793,5051703.0,0.624222762106165,genomic_traits+gtdb_distance
3300029005_7,0.27354422,2752399.0,0.4318937770286938,genomic_traits+gtdb_distance+rrna16s
3300014964_9,0.2736078,2756386.0,0.579417033753618,genomic_traits+gtdb_distance
3300029713_18,0.27368996,2582873.0,0.6111659380852252,genomic_traits+gtdb_distance
3300008139_15,0.27387717,1797685.0,0.4773105410569705,genomic_traits+gtdb_distance
3300027607_18,0.2740041,5926816.0,0.5605956047901606,genomic_traits+gtdb_distance
3300027907_21,0.27415323,4070925.0,0.5512022451899753,genomic_traits+gtdb_distance
3300029530_11,0.2750087,2356169.0,0.5851511500236188,genomic_traits+gtdb_distance
3300029613_18,0.2751278,2684409.0,0.6166120736445154,genomic_traits+gtdb_distance
3300029417_17,0.27533135,2345040.0,0.6152901443045747,genomic_traits+gtdb_distance
3300003272_5,0.2753482,5535616.0,0.549863465962957,genomic_traits+gtdb_distance
3300025304_12,0.2754094,6285504.0,0.6230066833144964,genomic_traits+gtdb_distance
3300027905_39,0.2756972,3947310.0,0.5160833580336989,genomic_traits+gtdb_distance
3300025882_10,0.27591568,4442649.0,0.5224957002004885,genomic_traits+gtdb_distance
3300014917_4,0.27674896,3035469.0,0.4330988061482426,genomic_traits+gtdb_distance+rrna16s
3300021426_41,0.27696827,2213956.0,0.539842255220971,genomic_traits+gtdb_distance
3300014964_23,0.27724966,2089365.0,0.4363880892041362,genomic_traits+gtdb_distance
3300029410_12,0.27946702,2773655.0,0.4170796295862319,genomic_traits+gtdb_distance+rrna16s
3300008096_36,0.2799613,1629191.0,0.531370477740179,genomic_traits+gtdb_distance
3300028603_66,0.28013718,2015411.0,0.4046147411123587,genomic_traits+gtdb_distance
3300007043_13,0.2810052,2067993.0,0.5496948007077394,genomic_traits+gtdb_distance
3300025105_42,0.2817091,1959981.0,0.6044262673974901,genomic_traits+gtdb_distance
3300025592_27,0.2822674,1268209.0,0.396092442176329,genomic_traits+gtdb_distance
3300005529_26,0.28291625,6948547.0,0.5815293470706897,genomic_traits+gtdb_distance
3300014737_6,0.28299752,1700746.0,0.4887243597809432,genomic_traits+gtdb_distance
3300006028_8,0.28330964,6527260.0,0.588917554992447,genomic_traits+gtdb_distance
3300029778_8,0.2840733,2871042.0,0.4409956385173049,genomic_traits+gtdb_distance+rrna16s
3300025295_11,0.2846634,6481802.0,0.6304518403987039,genomic_traits+gtdb_distance
3300027917_59,0.28504243,3729893.0,0.6289169689318166,genomic_traits+gtdb_distance
3300029393_12,0.28532085,2934279.0,0.4126052771396312,genomic_traits+gtdb_distance+rrna16s
3300029751_10,0.28617188,2438455.0,0.4184346235628707,genomic_traits+gtdb_distance+rrna16s
3300027719_24,0.287431,3135935.0,0.375567733387331,genomic_traits+gtdb_distance
3300001419_20,0.2878093,1609063.0,0.5583746565547776,genomic_traits+gtdb_distance
3300029706_15,0.2883205,2602296.0,0.4145535327264846,genomic_traits+gtdb_distance+rrna16s
3300027786_11,0.288566,4137591.0,0.6402839236647605,genomic_traits+gtdb_distance
3300029435_14,0.2900624,2606354.0,0.3756473602588137,genomic_traits+gtdb_distance+rrna16s
3300005529_58,0.2905489,3787806.0,0.5765493269718671,genomic_traits+gtdb_distance
3300029400_9,0.29067546,3029441.0,0.4526072631881591,genomic_traits+gtdb_distance+rrna16s
3300029706_5,0.29090753,5057589.0,0.4877772788575742,genomic_traits+gtdb_distance
3300027649_30,0.29095456,1320738.0,0.4054710321047778,genomic_traits+gtdb_distance
3300029384_12,0.2910657,2709571.0,0.4161714160654952,genomic_traits+gtdb_distance+rrna16s
3300027328_6,0.29155174,5681370.0,0.4741833395818262,genomic_traits+gtdb_distance
3300028972_3,0.29158098,3456101.0,0.4284874776518395,genomic_traits+gtdb_distance+rrna16s
3300029423_12,0.29194856,2386774.0,0.4174417016441439,genomic_traits+gtdb_distance+rrna16s
3300029256_10,0.2922876,2824535.0,0.4403850545310998,genomic_traits+gtdb_distance+rrna16s
3300028482_4,0.29239666,4192804.0,0.6087155516928529,genomic_traits+gtdb_distance
3300017650_8,0.29244196,5292219.0,0.5697152744434801,genomic_traits+gtdb_distance
3300026642_1,0.29302076,2506137.0,0.3399103879795877,genomic_traits+gtdb_distance
3300011819_1,0.2933698,2498483.0,0.2675371415374849,genomic_traits+gtdb_distance
3300025574_5,0.2941996,4142602.0,0.5972364711840529,genomic_traits+gtdb_distance
3300008621_12,0.2943124,2017845.0,0.2815612695722417,genomic_traits+gtdb_distance
3300011940_1,0.29442826,6074592.0,0.6286970384183826,genomic_traits+gtdb_distance
3300029686_16,0.29453012,2613165.0,0.4177107071310078,genomic_traits+gtdb_distance+rrna16s
3300010341_17,0.29498065,3309498.0,0.4314633216276305,genomic_traits+gtdb_distance
3300025225_4,0.2953939,5683194.0,0.6329139916744,genomic_traits+gtdb_distance
3300029749_33,0.2962543,1799363.0,0.4599677774856991,genomic_traits+gtdb_distance
3300025683_26,0.2965193,2211150.0,0.4884168871401759,genomic_traits+gtdb_distance
3300029884_5,0.29725042,4027754.0,0.3352853724433021,genomic_traits+gtdb_distance+rrna16s
3300029841_7,0.29777443,5076637.0,0.5065926517889697,genomic_traits+gtdb_distance
3300018839_4,0.29897282,7484723.0,0.5973975255998117,genomic_traits+gtdb_distance
3300010261_19,0.2990261,1904826.0,0.4380799086110752,genomic_traits+gtdb_distance
3300014523_3,0.29914913,3517183.0,0.4280456831504076,genomic_traits+gtdb_distance+rrna16s
3300021561_8,0.29921767,8347761.0,0.6205374111692944,genomic_traits+gtdb_distance
3300012521_22,0.29933405,2368876.0,0.5295469243641288,genomic_traits+gtdb_distance
3300013132_103,0.29942626,1668109.0,0.6769275868663259,genomic_traits+gtdb_distance
3300008472_12,0.29948738,1734610.0,0.512590726445714,genomic_traits+gtdb_distance
3300029702_5,0.30077899,4713825.0,0.5066991243841255,genomic_traits+gtdb_distance
3300022181_35,0.30085397,2756415.0,0.6715048350847024,genomic_traits+gtdb_distance
3300017449_12,0.30134827,1747041.0,0.5134922420252301,genomic_traits+gtdb_distance
3300029534_4,0.301548,4911239.0,0.5056385975107299,genomic_traits+gtdb_distance
3300027653_16,0.30168816,2848052.0,0.6037972621286409,genomic_traits+gtdb_distance
3300029875_11,0.3019876,2934155.0,0.3747746795925914,genomic_traits+gtdb_distance+rrna16s
3300013497_3,0.30211884,4583164.0,0.4219709353625574,genomic_traits+gtdb_distance+rrna16s
3300011483_2,0.30218995,4650908.0,0.6178038782964531,genomic_traits+gtdb_distance
3300005294_6,0.30219024,7269976.0,0.620374812791679,genomic_traits+gtdb_distance
3300029003_3,0.30248642,4631650.0,0.5066289551239839,genomic_traits+gtdb_distance
3300029498_4,0.3032833,4731850.0,0.5078168158331308,genomic_traits+gtdb_distance
3300029238_12,0.30334467,2637274.0,0.4096642973009251,genomic_traits+gtdb_distance+rrna16s
3300029816_6,0.30345416,4679619.0,0.5067205257522033,genomic_traits+gtdb_distance
3300029246_12,0.30357698,2350183.0,0.5860947849592989,genomic_traits+gtdb_distance
3300014025_16,0.30426702,2451165.0,0.5502000069354777,genomic_traits+gtdb_distance+rrna16s
3300013942_1,0.30452633,4645482.0,0.5063534849559206,genomic_traits+gtdb_distance
3300025618_22,0.30459657,2214407.0,0.4877816047366179,genomic_traits+gtdb_distance
3300014527_4,0.3047095,4034108.0,0.5082687424332715,genomic_traits+gtdb_distance
3300029449_8,0.30477512,2694406.0,0.3441003323181436,genomic_traits+gtdb_distance
3300029074_3,0.3053819,4782466.0,0.5065813327266728,genomic_traits+gtdb_distance
3300027826_18,0.30609313,4473753.0,0.6263711921511983,genomic_traits+gtdb_distance
3300029363_8,0.30637395,3281017.0,0.4422378792916952,genomic_traits+gtdb_distance+rrna16s
3300008638_6,0.3066189,2672924.0,0.3848384765148578,genomic_traits+gtdb_distance+rrna16s
3300006458_5,0.30815524,2929144.0,0.388612509320129,genomic_traits+gtdb_distance+rrna16s
3300003109_1,0.3083416,5186808.0,0.5170195233754555,genomic_traits+gtdb_distance
3300008700_3,0.30867973,2509264.0,0.4036350898111956,genomic_traits+gtdb_distance+rrna16s
3300011665_1,0.30888107,6776777.0,0.6529853350641462,genomic_traits+gtdb_distance
3300008541_5,0.3096152,2801156.0,0.3624264410836098,genomic_traits+gtdb_distance+rrna16s
3300026064_1,0.30974224,3334805.0,0.62029983762169,genomic_traits+gtdb_distance
3300029343_14,0.31032166,2813468.0,0.4092980620358931,genomic_traits+gtdb_distance+rrna16s
3300029438_14,0.31058687,2534708.0,0.4418228845295,genomic_traits+gtdb_distance+rrna16s
3300011807_3,0.31093234,3994799.0,0.6306304772780809,genomic_traits+gtdb_distance
3300025784_15,0.31106675,3835705.0,0.6175923330913091,genomic_traits+gtdb_distance
3300014614_1,0.3112658,4820130.0,0.5084311004060057,genomic_traits+gtdb_distance
3300026286_16,0.31218144,2754075.0,0.6988226537040567,genomic_traits+gtdb_distance
3300025422_4,0.31242198,3236148.0,0.3737205467735097,genomic_traits+gtdb_distance+rrna16s
3300025298_23,0.31271467,3833453.0,0.6725620478456368,genomic_traits+gtdb_distance
3300005529_34,0.3129985,5655524.0,0.6010442180070317,genomic_traits+gtdb_distance
3300021506_3,0.3130033,4555167.0,0.3863349027598768,genomic_traits+gtdb_distance+rrna16s
3300014678_2,0.31303078,5984676.0,0.6550583523652742,genomic_traits+gtdb_distance
3300029409_10,0.31316993,2470250.0,0.3756182572614108,genomic_traits+gtdb_distance+rrna16s
3300029404_10,0.31397724,2760700.0,0.4895895968413808,genomic_traits+gtdb_distance+rrna16s
3300025248_7,0.3149245,2981725.0,0.3154486077689928,genomic_traits+gtdb_distance+rrna16s
3300027276_37,0.31513545,2178034.0,0.61733701126796,genomic_traits+gtdb_distance
3300029498_8,0.3163994,2957714.0,0.4218555276135556,genomic_traits+gtdb_distance+rrna16s
3300029777_18,0.31687626,2117585.0,0.5870852881938623,genomic_traits+gtdb_distance
3300013325_1,0.3169473,4834818.0,0.5380359715712153,genomic_traits+gtdb_distance
3300029505_3,0.31703272,3044921.0,0.2876498273682634,genomic_traits+gtdb_distance
3300007793_13,0.31706527,2886961.0,0.4160177432254887,genomic_traits+gtdb_distance+rrna16s
3300017434_18,0.31739548,2159776.0,0.6022703280340184,genomic_traits+gtdb_distance
3300009790_9,0.3179284,4258701.0,0.6050262744437799,genomic_traits+gtdb_distance
3300025897_17,0.31801978,3235637.0,0.4361827361969219,genomic_traits+gtdb_distance+rrna16s
3300008504_2,0.3181818,2664080.0,0.4320808684423891,genomic_traits+gtdb_distance+rrna16s
3300021431_68,0.31859985,1916343.0,0.3804872092313328,genomic_traits+gtdb_distance
3300005286_35,0.31928775,3643833.0,0.6270591983770936,genomic_traits+gtdb_distance
3300029353_11,0.31942424,2822464.0,0.4951563598331103,genomic_traits+gtdb_distance+rrna16s
3300027728_25,0.31964502,2854642.0,0.4175570877188803,genomic_traits+gtdb_distance+rrna16s
3300011228_5,0.3200419,4309451.0,0.528583571318017,genomic_traits+gtdb_distance
3300012832_6,0.32048383,3682072.0,0.6854366237270754,genomic_traits+gtdb_distance
3300012835_7,0.3208651,3730353.0,0.6849692240921972,genomic_traits+gtdb_distance
3300025230_2,0.32103643,6435321.0,0.6637533698785189,genomic_traits+gtdb_distance
3300029620_19,0.3212167,2706282.0,0.5281463646434481,genomic_traits+gtdb_distance+rrna16s
3300012865_12,0.32162043,3679427.0,0.687551893270338,genomic_traits+gtdb_distance
3300026311_10,0.32230434,4382364.0,0.5645996087956181,genomic_traits+gtdb_distance
3300026278_15,0.32332167,2808483.0,0.5487581730065662,genomic_traits+gtdb_distance
3300011800_3,0.32338384,4250942.0,0.5422224062337242,genomic_traits+gtdb_distance
3300024911_3,0.32344252,2999684.0,0.3822455965361684,genomic_traits+gtdb_distance+rrna16s
3300025109_3,0.32370883,3414128.0,0.6518288125108374,genomic_traits+gtdb_distance
3300022181_58,0.32398972,2072869.0,0.4981202381819594,genomic_traits+gtdb_distance
3300014616_1,0.3248253,4917995.0,0.5526782764114238,genomic_traits+gtdb_distance
3300011762_4,0.32559508,4040452.0,0.6412512758473556,genomic_traits+gtdb_distance
3300013131_27,0.32585427,4173216.0,0.6218120509458412,genomic_traits+gtdb_distance
3300012243_3,0.326332,4245296.0,0.5414936908992918,genomic_traits+gtdb_distance
2084038008_1,0.3265944,5334138.0,0.5322505716949956,genomic_traits+gtdb_distance
3300009540_36,0.32688257,2855363.0,0.3245153068103775,genomic_traits+gtdb_distance+rrna16s
3300011618_1,0.32737783,4901103.0,0.554553536214195,genomic_traits+gtdb_distance
3300029420_12,0.32743898,2652349.0,0.4199892246457762,genomic_traits+gtdb_distance+rrna16s
3300011980_9,0.3275315,2767226.0,0.3800311214190673,genomic_traits+gtdb_distance
3300005326_15,0.32765606,3935862.0,0.6044302366292315,genomic_traits+gtdb_distance
3300011583_3,0.32875308,4576244.0,0.6406408836591755,genomic_traits+gtdb_distance
3300028994_5,0.32879966,3196591.0,0.4301013173095964,genomic_traits+gtdb_distance+rrna16s
3300012191_2,0.32884562,4343912.0,0.6412079710638705,genomic_traits+gtdb_distance
3300005326_9,0.32915962,4375911.0,0.4301209508145847,genomic_traits+gtdb_distance
3300025284_9,0.3294289,4991805.0,0.6505161960453183,genomic_traits+gtdb_distance
3300011652_2,0.32962367,4867032.0,0.5500475443761208,genomic_traits+gtdb_distance
3300024054_29,0.3304466,3120839.0,0.3967920165058178,genomic_traits+gtdb_distance+rrna16s
3300011550_1,0.33049732,4699986.0,0.5558982516118133,genomic_traits+gtdb_distance
3300012878_5,0.33051032,3851531.0,0.6939770184895305,genomic_traits+gtdb_distance
3300027777_16,0.33084282,2956411.0,0.6561276493694551,genomic_traits+gtdb_distance
3300014208_35,0.33084452,3635114.0,0.6304088399978652,genomic_traits+gtdb_distance
3300028399_18,0.33109877,2869782.0,0.4747409385103119,genomic_traits+gtdb_distance+rrna16s
3300006317_13,0.33131737,2391094.0,0.3651077707526345,genomic_traits+gtdb_distance+rrna16s
3300011159_1,0.33164033,4871873.0,0.5559804206718854,genomic_traits+gtdb_distance
3300021414_6,0.33168006,3572825.0,0.3356176135131163,genomic_traits+gtdb_distance+rrna16s
3300027125_2,0.33235514,2546657.0,0.3760345425394939,genomic_traits+gtdb_distance+rrna16s
3300029079_3,0.33236155,3631167.0,0.4302966511867948,genomic_traits+gtdb_distance+rrna16s
3300011668_2,0.33279112,4410593.0,0.5566033864380595,genomic_traits+gtdb_distance
3300009393_7,0.3329743,2373478.0,0.388672235428346,genomic_traits+gtdb_distance
3300011665_3,0.33310714,4829450.0,0.5543157088281274,genomic_traits+gtdb_distance
3300007222_9,0.33314103,3467927.0,0.3842364617248286,genomic_traits+gtdb_distance+rrna16s
3300011135_3,0.33330026,4248515.0,0.6438364934571256,genomic_traits+gtdb_distance
3300028980_4,0.33360133,3296742.0,0.4298686400088329,genomic_traits+gtdb_distance+rrna16s
3300011210_2,0.33362004,4700337.0,0.5524982570398675,genomic_traits+gtdb_distance
3300025471_32,0.33365655,1565889.0,0.4029091461783051,genomic_traits+gtdb_distance
3300003894_36,0.33372208,1711868.0,0.4097144172331044,genomic_traits+gtdb_distance
3300011941_2,0.33372706,4342368.0,0.550246547505877,genomic_traits+gtdb_distance
3300008281_7,0.33405942,2527325.0,0.4152101530274104,genomic_traits+gtdb_distance+rrna16s
3300012005_6,0.33435124,5393751.0,0.6549803652411837,genomic_traits+gtdb_distance
3300013641_1,0.33463204,4576341.0,0.5523661807544499,genomic_traits+gtdb_distance
3300011985_8,0.33467785,2718868.0,0.3751862907651273,genomic_traits+gtdb_distance
3300025545_5,0.3348039,3422799.0,0.3754167276547644,genomic_traits+gtdb_distance+rrna16s
3300025860_18,0.33500046,2711006.0,0.3954561517016192,genomic_traits+gtdb_distance+rrna16s
3300018019_13,0.335122,3039727.0,0.4328747285529259,genomic_traits+gtdb_distance
3300006056_50,0.33555064,4202266.0,0.4046435899107767,genomic_traits+gtdb_distance+rrna16s
3300012251_4,0.33560354,4429504.0,0.5519931802748118,genomic_traits+gtdb_distance
3300011776_2,0.3362424,4459119.0,0.5612115307978998,genomic_traits+gtdb_distance
3300026848_11,0.3362583,2621954.0,0.5036053264092353,genomic_traits+gtdb_distance+rrna16s
3300020179_39,0.33647373,2349390.0,0.4332430971443651,genomic_traits+gtdb_distance+rrna16s
3300011606_2,0.3364786,4546664.0,0.556804065574232,genomic_traits+gtdb_distance
3300011976_5,0.3366014,3268536.0,0.4746559315852724,genomic_traits+gtdb_distance+rrna16s
3300022177_33,0.33703107,2209427.0,0.4932097779197955,genomic_traits+gtdb_distance
3300014037_16,0.3384918,2478015.0,0.3798092424783546,genomic_traits+gtdb_distance
3300005326_28,0.33863753,3048907.0,0.5799399588114692,genomic_traits+gtdb_distance
3300013683_1,0.33879954,5476965.0,0.5609615909541141,genomic_traits+gtdb_distance
3300011501_1,0.33937094,4761093.0,0.352213451827133,genomic_traits+gtdb_distance+rrna16s
3300011799_1,0.33946738,5359956.0,0.4450793999055216,genomic_traits+gtdb_distance+rrna16s
3300013349_1,0.33951893,4648512.0,0.5562829567827297,genomic_traits+gtdb_distance
3300026278_21,0.3398323,2408236.0,0.3397366371069945,genomic_traits+gtdb_distance+rrna16s
3300025161_32,0.33993986,3562972.0,0.5219027822840033,genomic_traits+gtdb_distance
3300017987_31,0.3404873,3338292.0,0.5468110638613998,genomic_traits+gtdb_distance
3300027709_15,0.34055498,2332423.0,0.4251471538395908,genomic_traits+gtdb_distance
3300027835_10,0.34074664,5727768.0,0.6769334931163413,genomic_traits+gtdb_distance
3300011564_3,0.34125218,4626181.0,0.5574889957829147,genomic_traits+gtdb_distance
3300013712_2,0.34145507,4673665.0,0.559919677597774,genomic_traits+gtdb_distance
3300025622_11,0.342754,2480586.0,0.4187409749147983,genomic_traits+gtdb_distance+rrna16s
3300021402_5,0.3428442,3857349.0,0.3930090328876127,genomic_traits+gtdb_distance+rrna16s
3300005858_25,0.3428521,1549052.0,0.4394810503456307,genomic_traits+gtdb_distance
3300011504_3,0.34288225,4078417.0,0.5672872587575032,genomic_traits+gtdb_distance
3300008099_2,0.3435382,2738934.0,0.4288924085063751,genomic_traits+gtdb_distance+rrna16s
3300025657_31,0.34363365,1916867.0,0.3161017431047642,genomic_traits+gtdb_distance
3300024314_5,0.34385055,2990452.0,0.3602853347921986,genomic_traits+gtdb_distance+rrna16s
3300028129_7,0.34391105,3080852.0,0.3599958712719728,genomic_traits+gtdb_distance+rrna16s
3300024344_29,0.34410557,2464530.0,0.3922232636648772,genomic_traits+gtdb_distance+rrna16s
3300024344_27,0.34513307,2731616.0,0.3226968944390427,genomic_traits+gtdb_distance+rrna16s
3300029891_20,0.34513608,1660102.0,0.4626306094444799,genomic_traits+gtdb_distance
3300008594_5,0.34595641,2350999.0,0.4077003010209702,genomic_traits+gtdb_distance+rrna16s
3300025296_15,0.34610978,2705598.0,0.4422874351622081,genomic_traits+gtdb_distance+rrna16s
3300025345_11,0.34646437,1453921.0,0.4465001881120088,genomic_traits+gtdb_distance
3300027977_31,0.34659326,2750499.0,0.4188967165594315,genomic_traits+gtdb_distance+rrna16s
3300027553_7,0.34676972,2364641.0,0.4898730927866006,genomic_traits+gtdb_distance+rrna16s
3300014149_15,0.34697455,2483302.0,0.3868345452949339,genomic_traits+gtdb_distance+rrna16s
3300011513_4,0.34745073,3125616.0,0.356409744511162,genomic_traits+gtdb_distance+rrna16s
3300013136_27,0.3475253,3874877.0,0.3447327489362888,genomic_traits+gtdb_distance+rrna16s
3300026638_2,0.34773058,2437471.0,0.3360749727894198,genomic_traits+gtdb_distance
3300011725_2,0.34775662,3830886.0,0.5609861530726834,genomic_traits+gtdb_distance
3300013630_1,0.34829068,4257310.0,0.5589358068827499,genomic_traits+gtdb_distance
3300011650_3,0.34838414,4154714.0,0.5652555145793429,genomic_traits+gtdb_distance
3300029359_13,0.34856245,2597883.0,0.4867386252575655,genomic_traits+gtdb_distance+rrna16s
3300014149_21,0.34882432,1947571.0,0.4889141397155739,genomic_traits+gtdb_distance
3300027532_26,0.34894717,2705566.0,0.3599598013872143,genomic_traits+gtdb_distance+rrna16s
3300029886_9,0.34894982,2658766.0,0.4163822615453936,genomic_traits+gtdb_distance+rrna16s
3300027834_42,0.3490644,2860529.0,0.3343888490555418,genomic_traits+gtdb_distance+rrna16s
3300009503_57,0.3492556,2988918.0,0.3660281078303252,genomic_traits+gtdb_distance+rrna16s
3300013853_2,0.34942916,4003080.0,0.3597385013539574,genomic_traits+gtdb_distance+rrna16s
3300007664_8,0.34997442,3188705.0,0.4683368326640438,genomic_traits+gtdb_distance+rrna16s
3300003281_6,0.35011882,4091905.0,0.4206380646667016,genomic_traits+gtdb_distance+rrna16s
3300025809_23,0.35056046,2777967.0,0.4448339379121494,genomic_traits+gtdb_distance+rrna16s
3300025859_33,0.35138375,2584589.0,0.3954199294355892,genomic_traits+gtdb_distance+rrna16s
3300025748_10,0.35156268,3570426.0,0.4250884908411489,genomic_traits+gtdb_distance+rrna16s
3300027262_7,0.351785,5172014.0,0.6851042939945639,genomic_traits+gtdb_distance
3300017431_14,0.35179028,3282625.0,0.364667910589848,genomic_traits+gtdb_distance+rrna16s
3300025128_6,0.35184,3417589.0,0.3814894067133292,genomic_traits+gtdb_distance+rrna16s
3300026848_8,0.35185578,2970791.0,0.4388555101991355,genomic_traits+gtdb_distance+rrna16s
3300011154_1,0.35189623,4383602.0,0.5660970133693707,genomic_traits+gtdb_distance
3300027736_21,0.35243696,2311996.0,0.3568885932328602,genomic_traits+gtdb_distance+rrna16s
3300011546_3,0.35254285,3848422.0,0.400742174324957,genomic_traits+gtdb_distance+rrna16s
3300026549_33,0.35259366,2833997.0,0.4010184202735571,genomic_traits+gtdb_distance
3300023109_18,0.35260135,3217476.0,0.4948027584354941,genomic_traits+gtdb_distance+rrna16s
3300011742_3,0.35261047,3937577.0,0.3879223187254497,genomic_traits+gtdb_distance+rrna16s
3300017444_49,0.35280022,3306023.0,0.4348200239381274,genomic_traits+gtdb_distance+rrna16s
3300011387_2,0.35304567,3503394.0,0.3575372909812599,genomic_traits+gtdb_distance+rrna16s
3300021338_17,0.35329235,2472628.0,0.5219224242385025,genomic_traits+gtdb_distance+rrna16s
3300025729_11,0.35329744,3445452.0,0.4357524063606168,genomic_traits+gtdb_distance+rrna16s
3300020710_1,0.35359845,2985008.0,0.4583991064680563,genomic_traits+gtdb_distance+rrna16s
3300025601_6,0.35384828,3646018.0,0.4279786879823413,genomic_traits+gtdb_distance+rrna16s
3300024932_1,0.354388,4006248.0,0.4151912213123102,genomic_traits+gtdb_distance+rrna16s
3300007519_36,0.3547115,4322580.0,0.5072072697324284,genomic_traits+gtdb_distance+rrna16s
3300007208_9,0.35484967,2385803.0,0.4330303046814846,genomic_traits+gtdb_distance+rrna16s
3300027554_16,0.3548539,4878010.0,0.6876094964954972,genomic_traits+gtdb_distance
3300023238_6,0.35534766,3386504.0,0.4035716479295462,genomic_traits+gtdb_distance+rrna16s
3300010282_8,0.35594496,2940767.0,0.4008957527066918,genomic_traits+gtdb_distance
3300011616_1,0.35611528,6386981.0,0.4540890289167918,genomic_traits+gtdb_distance+rrna16s
3300027386_27,0.35622072,2657091.0,0.3597626125714174,genomic_traits+gtdb_distance+rrna16s
3300014005_3,0.3562845,3016646.0,0.3574645483759115,genomic_traits+gtdb_distance+rrna16s
3300008635_7,0.35681358,2121912.0,0.3944645206775776,genomic_traits+gtdb_distance
3300025929_20,0.35691652,3272240.0,0.519294122680488,genomic_traits+gtdb_distance+rrna16s
3300014595_4,0.3569629,3017232.0,0.3474956516436256,genomic_traits+gtdb_distance+rrna16s
3300029134_5,0.35705137,5111160.0,0.5769013296394556,genomic_traits+gtdb_distance
3300008134_12,0.35711816,1891483.0,0.4002504912811799,genomic_traits+gtdb_distance+rrna16s
3300021341_14,0.35714322,4136470.0,0.4281805500825583,genomic_traits+gtdb_distance+rrna16s
3300029523_19,0.3577097,2408017.0,0.601027733608193,genomic_traits+gtdb_distance
3300027970_29,0.35771325,2918226.0,0.4181485601183732,genomic_traits+gtdb_distance+rrna16s
3300024901_3,0.35792285,3906593.0,0.4185460323099949,genomic_traits+gtdb_distance+rrna16s
3300024267_4,0.35812446,2920860.0,0.3605653814287572,genomic_traits+gtdb_distance+rrna16s
3300025822_9,0.35819143,3036130.0,0.4371314798773438,genomic_traits+gtdb_distance+rrna16s
3300010270_13,0.3584899,3148871.0,0.3856931579604245,genomic_traits+gtdb_distance
3300028569_32,0.35850763,2903170.0,0.4178243092895007,genomic_traits+gtdb_distance+rrna16s
3300027828_45,0.3586974,3165447.0,0.3183029126692059,genomic_traits+gtdb_distance+rrna16s
3300002481_13,0.35895437,2105548.0,0.452500726651684,genomic_traits+gtdb_distance
3300007024_1,0.359066,1962137.0,0.3817057626455237,genomic_traits+gtdb_distance
3300011945_3,0.35970473,3698221.0,0.5823426993681556,genomic_traits+gtdb_distance
3300019861_19,0.359728,2680415.0,0.4440845913785738,genomic_traits+gtdb_distance+rrna16s
3300011979_11,0.35992387,2513041.0,0.4405793618170177,genomic_traits+gtdb_distance+rrna16s
3300025816_5,0.36084968,3412352.0,0.4598751828650737,genomic_traits+gtdb_distance+rrna16s
3300020190_44,0.36123714,2395852.0,0.4336741167651424,genomic_traits+gtdb_distance+rrna16s
3300020051_20,0.3620067,2202328.0,0.4387734252118667,genomic_traits+gtdb_distance+rrna16s
3300027739_6,0.36204657,4241103.0,0.5239903393056005,genomic_traits+gtdb_distance+rrna16s
3300021142_12,0.36238745,2378215.0,0.4588971140119796,genomic_traits+gtdb_distance+rrna16s
3300009503_120,0.3627595,2054028.0,0.3704745018081545,genomic_traits+gtdb_distance
3300022752_43,0.36298946,1919338.0,0.4764741801600343,genomic_traits+gtdb_distance
3300025488_7,0.36303997,2913379.0,0.3727750491782909,genomic_traits+gtdb_distance+rrna16s
3300020145_11,0.3635302,1345102.0,0.433633285802861,genomic_traits+gtdb_distance
3300020183_42,0.36371827,2106146.0,0.429945502353588,genomic_traits+gtdb_distance+rrna16s
3300025605_43,0.36375198,1451888.0,0.4030634594403976,genomic_traits+gtdb_distance
3300009566_26,0.36411157,2263332.0,0.3306832581344672,genomic_traits+gtdb_distance+rrna16s
3300013855_2,0.36420617,4247123.0,0.3589575814027519,genomic_traits+gtdb_distance+rrna16s
3300025522_2,0.36447653,3901322.0,0.4646553142755199,genomic_traits+gtdb_distance+rrna16s
3300025520_9,0.3646486,2777354.0,0.3840565516675224,genomic_traits+gtdb_distance+rrna16s
3300013138_53,0.36465746,2961413.0,0.529964918773572,genomic_traits+gtdb_distance
3300005253_9,0.36470234,4548928.0,0.3903858227696723,genomic_traits+gtdb_distance+rrna16s
3300029857_25,0.3648086,2565717.0,0.4227219915524588,genomic_traits+gtdb_distance+rrna16s
3300027963_15,0.36528346,2455334.0,0.4117008113763749,genomic_traits+gtdb_distance+rrna16s
3300020178_23,0.36530057,2144725.0,0.5023660376038886,genomic_traits+gtdb_distance+rrna16s
3300008725_8,0.3654471,3560970.0,0.409319090023224,genomic_traits+gtdb_distance+rrna16s
3300020721_3,0.3654738,3308510.0,0.4597323266364617,genomic_traits+gtdb_distance+rrna16s
3300013713_2,0.36547846,3380573.0,0.3406617753854154,genomic_traits+gtdb_distance+rrna16s
3300011521_2,0.36589608,4790984.0,0.5792774511457354,genomic_traits+gtdb_distance
3300008742_15,0.36593366,1828205.0,0.5523510766024597,genomic_traits+gtdb_distance+rrna16s
3300028115_24,0.3660708,2265837.0,0.4483363101582329,genomic_traits+gtdb_distance+rrna16s
3300020204_41,0.3661241,2472878.0,0.4331932266775797,genomic_traits+gtdb_distance+rrna16s
3300025659_16,0.36620596,3400011.0,0.3746026115797861,genomic_traits+gtdb_distance+rrna16s
3300013136_44,0.36628437,2847855.0,0.5308883352558329,genomic_traits+gtdb_distance
3300014287_3,0.36630026,3044934.0,0.3550874994334853,genomic_traits+gtdb_distance+rrna16s
3300029603_12,0.366693,2686416.0,0.470234691871996,genomic_traits+gtdb_distance+rrna16s
3300025855_11,0.36697745,4290770.0,0.4085129242536887,genomic_traits+gtdb_distance+rrna16s
3300029684_23,0.3669954,2170827.0,0.469463480968313,genomic_traits+gtdb_distance+rrna16s
3300028923_13,0.36708337,2767160.0,0.4408425967417858,genomic_traits+gtdb_distance+rrna16s
3300025869_16,0.3673251,2962881.0,0.3874499178333521,genomic_traits+gtdb_distance+rrna16s
3300020190_51,0.3674351,2144072.0,0.4306665074680328,genomic_traits+gtdb_distance+rrna16s
3300027695_2,0.36746863,3513714.0,0.7140928373794794,genomic_traits+gtdb_distance
3300025888_25,0.3674912,2698530.0,0.4987367196214235,genomic_traits+gtdb_distance+rrna16s
3300013644_2,0.36778897,2863212.0,0.3493028109689398,genomic_traits+gtdb_distance+rrna16s
3300011966_5,0.36791396,3115480.0,0.3153199506978058,genomic_traits+gtdb_distance+rrna16s
3300025502_4,0.36795282,4394774.0,0.4215661601711487,genomic_traits+gtdb_distance+rrna16s
3300028571_29,0.36806825,2898743.0,0.4172101493647419,genomic_traits+gtdb_distance+rrna16s
3300024226_3,0.36810768,2972478.0,0.3597335287258644,genomic_traits+gtdb_distance+rrna16s
3300017518_25,0.36821896,3996243.0,0.4317372592207231,genomic_traits+gtdb_distance+rrna16s
3300024038_3,0.36825153,4830243.0,0.4452558597983579,genomic_traits+gtdb_distance+rrna16s
3300027835_47,0.36828887,2312459.0,0.3343358736306244,genomic_traits+gtdb_distance
3300025718_16,0.3685847,3109957.0,0.4625205428885351,genomic_traits+gtdb_distance+rrna16s
3300020204_55,0.36879724,2120318.0,0.4305788094050043,genomic_traits+gtdb_distance+rrna16s
3300017391_18,0.36891076,1339277.0,0.4337056486447538,genomic_traits+gtdb_distance
3300022736_3,0.3692035,4839925.0,0.445280866955583,genomic_traits+gtdb_distance+rrna16s
3300005281_16,0.36922333,4338480.0,0.4782248621637071,genomic_traits+gtdb_distance+rrna16s
3300025603_12,0.36929217,3002481.0,0.3593251714165718,genomic_traits+gtdb_distance+rrna16s
3300022847_10,0.36930168,2633023.0,0.458383386700382,genomic_traits+gtdb_distance+rrna16s
3300017419_15,0.36960903,2376336.0,0.3531356676833579,genomic_traits+gtdb_distance+rrna16s
3300013414_12,0.37002185,2847403.0,0.4593898369847893,genomic_traits+gtdb_distance
3300011694_4,0.37024054,3506564.0,0.345508594738325,genomic_traits+gtdb_distance+rrna16s
3300027015_1,0.3703377,6630308.0,0.3939691791090248,genomic_traits+gtdb_distance+rrna16s
3300025740_18,0.37039757,3079970.0,0.3747669620158638,genomic_traits+gtdb_distance+rrna16s
3300014561_4,0.37051657,2714641.0,0.4503987820120598,genomic_traits+gtdb_distance+rrna16s
3300008408_11,0.37089473,2166610.0,0.468614102214981,genomic_traits+gtdb_distance
3300028959_2,0.37125897,6647321.0,0.4701859591254883,genomic_traits+gtdb_distance+rrna16s
3300008381_2,0.37159157,1982039.0,0.4269144048124179,genomic_traits+gtdb_distance+rrna16s
3300024931_2,0.37182286,3963387.0,0.4149645240295737,genomic_traits+gtdb_distance+rrna16s
3300025856_18,0.37186062,2793899.0,0.3771954533789518,genomic_traits+gtdb_distance+rrna16s
3300011604_2,0.37249056,3283709.0,0.3448128320749494,genomic_traits+gtdb_distance+rrna16s
3300027734_11,0.37256444,2468144.0,0.4093379478668992,genomic_traits+gtdb_distance+rrna16s
3300008347_14,0.37263837,1915467.0,0.4265706483066531,genomic_traits+gtdb_distance
3300025536_8,0.37291119,3356062.0,0.4037794891751106,genomic_traits+gtdb_distance+rrna16s
3300025809_22,0.37292814,2891277.0,0.3619642808350773,genomic_traits+gtdb_distance+rrna16s
3300025682_27,0.37299216,2637632.0,0.3768709964089001,genomic_traits+gtdb_distance+rrna16s
3300027732_7,0.37322968,2192318.0,0.4239544628105959,genomic_traits+gtdb_distance+rrna16s
3300027863_86,0.37355572,2522043.0,0.3865524893905457,genomic_traits+gtdb_distance+rrna16s
3300011980_18,0.37358397,2016660.0,0.3716521376930172,genomic_traits+gtdb_distance
3300012196_1,0.37359142,4624003.0,0.3743010114829078,genomic_traits+gtdb_distance+rrna16s
3300017444_35,0.37381682,4247698.0,0.543283208928695,genomic_traits+gtdb_distance
3300028570_46,0.37388888,1983753.0,0.3829287214688522,genomic_traits+gtdb_distance
3300011870_1,0.3741012,5335551.0,0.4454546493886011,genomic_traits+gtdb_distance+rrna16s
3300025105_14,0.3741142,3285927.0,0.6308508983918389,genomic_traits+gtdb_distance
3300025614_11,0.37417877,3251535.0,0.435843071041831,genomic_traits+gtdb_distance+rrna16s
3300025713_42,0.37425703,1833005.0,0.5184328466098019,genomic_traits+gtdb_distance
3300027828_14,0.37453112,5936581.0,0.4904962974479755,genomic_traits+gtdb_distance
3300011799_3,0.37470886,4340810.0,0.3685890421372969,genomic_traits+gtdb_distance+rrna16s
3300025784_29,0.37471512,2748276.0,0.388779729546814,genomic_traits+gtdb_distance+rrna16s
3300029846_19,0.37480494,2491129.0,0.4497462796988835,genomic_traits+gtdb_distance+rrna16s
3300029391_13,0.37494993,2711402.0,0.4287641596487721,genomic_traits+gtdb_distance+rrna16s
3300014700_6,0.375021,2969445.0,0.4198612872102362,genomic_traits+gtdb_distance+rrna16s
3300025880_28,0.3752201,2752014.0,0.4454581263031365,genomic_traits+gtdb_distance+rrna16s
3300023235_6,0.3758379,3172412.0,0.4554821378812084,genomic_traits+gtdb_distance+rrna16s
3300021414_5,0.37587762,3977401.0,0.3699830618034239,genomic_traits+gtdb_distance+rrna16s
3300011755_2,0.37599665,3995673.0,0.3644792754562247,genomic_traits+gtdb_distance+rrna16s
3300029121_9,0.3762955,2792269.0,0.4931723985045853,genomic_traits+gtdb_distance+rrna16s
3300027154_5,0.37641785,2362797.0,0.3783202704252629,genomic_traits+gtdb_distance+rrna16s
3300025680_8,0.3765694,3203090.0,0.4372543387791164,genomic_traits+gtdb_distance+rrna16s
3300029870_17,0.37661684,2308664.0,0.3672409670701323,genomic_traits+gtdb_distance+rrna16s
3300023184_33,0.37666145,2865806.0,0.4827814583401668,genomic_traits+gtdb_distance+rrna16s
3300011590_1,0.376686,4973360.0,0.5952193285826886,genomic_traits+gtdb_distance
3300011578_1,0.37676588,6541727.0,0.3974334300407217,genomic_traits+gtdb_distance+rrna16s
3300011481_3,0.3768309,2355537.0,0.4491217926103474,genomic_traits+gtdb_distance+rrna16s
3300020367_2,0.37724787,4184814.0,0.3939262294572709,genomic_traits+gtdb_distance+rrna16s
3300029798_7,0.3773006,3923116.0,0.6529992995363889,genomic_traits+gtdb_distance
3300011953_3,0.37731755,3725694.0,0.4037092149811552,genomic_traits+gtdb_distance+rrna16s
3300014518_3,0.37752983,4914534.0,0.3750402377926371,genomic_traits+gtdb_distance+rrna16s
3300020201_40,0.37758952,2712884.0,0.4852555435470149,genomic_traits+gtdb_distance+rrna16s
3300011745_4,0.37767634,3242205.0,0.313610644607605,genomic_traits+gtdb_distance+rrna16s
3300020603_67,0.37780094,2125327.0,0.4309134547295545,genomic_traits+gtdb_distance+rrna16s
3300025478_7,0.37782255,3316628.0,0.3743359219062252,genomic_traits+gtdb_distance+rrna16s
3300024301_25,0.3783059,2298608.0,0.4476226481418319,genomic_traits+gtdb_distance+rrna16s
3300008521_7,0.3788105,2188023.0,0.3902710346280638,genomic_traits+gtdb_distance+rrna16s
3300027758_12,0.3792455,4334298.0,0.3802216645002259,genomic_traits+gtdb_distance+rrna16s
3300011494_3,0.37938005,2642320.0,0.447699370250386,genomic_traits+gtdb_distance+rrna16s
3300014843_2,0.37942296,4478678.0,0.4895839799155018,genomic_traits+gtdb_distance+rrna16s
3300028564_24,0.37948933,2922092.0,0.445316574563703,genomic_traits+gtdb_distance+rrna16s
3300024302_20,0.3796137,2657221.0,0.4375277780809349,genomic_traits+gtdb_distance+rrna16s
3300006176_16,0.37972432,3097634.0,0.610426538448377,genomic_traits+gtdb_distance
3300029404_12,0.38010144,2728192.0,0.3740477209815145,genomic_traits+gtdb_distance+rrna16s
3300025685_10,0.38013357,2986797.0,0.4365077372181638,genomic_traits+gtdb_distance+rrna16s
3300011818_3,0.38025936,2585371.0,0.447420505606352,genomic_traits+gtdb_distance+rrna16s
3300026096_4,0.38029724,2938187.0,0.3374043245035119,genomic_traits+gtdb_distance+rrna16s
3300007968_6,0.38049287,1993100.0,0.3629105413677186,genomic_traits+gtdb_distance+rrna16s
3300027863_59,0.38062087,3141942.0,0.4071806545124003,genomic_traits+gtdb_distance+rrna16s
3300015196_18,0.38065293,2827785.0,0.3882137432654887,genomic_traits+gtdb_distance+rrna16s
3300011203_1,0.3807929,5911433.0,0.3991947468574878,genomic_traits+gtdb_distance+rrna16s
3300025044_13,0.38119876,3055553.0,0.3778536978412745,genomic_traits+gtdb_distance+rrna16s
3300027806_25,0.38167554,3312935.0,0.6877285548916595,genomic_traits+gtdb_distance
3300022905_28,0.38201824,2324389.0,0.4486150984194126,genomic_traits+gtdb_distance+rrna16s
3300020198_52,0.38226378,2045759.0,0.4105400489500473,genomic_traits+gtdb_distance+rrna16s
3300011882_5,0.38227394,4030769.0,0.3852708999200896,genomic_traits+gtdb_distance+rrna16s
3300025772_13,0.38248867,2915973.0,0.3759314643859871,genomic_traits+gtdb_distance+rrna16s
3300018933_11,0.38256142,3849266.0,0.4072311448468357,genomic_traits+gtdb_distance+rrna16s
3300008650_10,0.38258842,2343826.0,0.4679007742042285,genomic_traits+gtdb_distance+rrna16s
3300022859_6,0.38267824,3281541.0,0.3557752287720921,genomic_traits+gtdb_distance+rrna16s
3300020182_20,0.3827325,2918205.0,0.4461259575663807,genomic_traits+gtdb_distance+rrna16s
3300007897_2,0.3828951,2544009.0,0.4015543970166772,genomic_traits+gtdb_distance+rrna16s
3300021091_45,0.38296655,2528656.0,0.4326053049525123,genomic_traits+gtdb_distance+rrna16s
3300006001_5,0.38304833,6109484.0,0.4514274855290561,genomic_traits+gtdb_distance+rrna16s
3300011883_1,0.38324448,4502724.0,0.3978924757546765,genomic_traits+gtdb_distance+rrna16s
3300020391_10,0.383285,2622413.0,0.4265987088990178,genomic_traits+gtdb_distance+rrna16s
3300011653_1,0.38341445,6063672.0,0.3991345508134345,genomic_traits+gtdb_distance+rrna16s
3300027673_20,0.38356915,2993277.0,0.4129955229669689,genomic_traits+gtdb_distance+rrna16s
3300011873_5,0.38370365,2446110.0,0.4472987723364853,genomic_traits+gtdb_distance+rrna16s
3300027498_20,0.38373923,3518021.0,0.3144017616722583,genomic_traits+gtdb_distance+rrna16s
3300011478_3,0.38373998,3248508.0,0.3754323523291308,genomic_traits+gtdb_distance+rrna16s
3300025105_19,0.3838438,3081419.0,0.6398169155184673,genomic_traits+gtdb_distance
3300029236_10,0.38398913,2705188.0,0.4275396016838755,genomic_traits+gtdb_distance+rrna16s
3300011836_5,0.38404652,3491359.0,0.32480933642172,genomic_traits+gtdb_distance+rrna16s
3300025775_16,0.38421702,3094340.0,0.6398059036822069,genomic_traits+gtdb_distance
3300017419_13,0.3843241,2576155.0,0.3219526775368718,genomic_traits+gtdb_distance+rrna16s
3300008742_2,0.38447744,3276639.0,0.4446718115727732,genomic_traits+gtdb_distance+rrna16s
3300011522_7,0.38449532,2672809.0,0.3917952985043076,genomic_traits+gtdb_distance+rrna16s
3300021379_13,0.3845044,1907403.0,0.4276133570095045,genomic_traits+gtdb_distance+rrna16s
3300029573_25,0.38462162,2172436.0,0.4722044746082278,genomic_traits+gtdb_distance+rrna16s
3300024259_28,0.38472876,1981807.0,0.4236431700967854,genomic_traits+gtdb_distance+rrna16s
3300007732_6,0.38476786,2107402.0,0.3868758784512874,genomic_traits+gtdb_distance+rrna16s
3300013482_1,0.38481048,5243838.0,0.3720324693478326,genomic_traits+gtdb_distance+rrna16s
3300029795_15,0.38491514,2783832.0,0.4525998695323568,genomic_traits+gtdb_distance+rrna16s
3300025720_15,0.3849876,3182536.0,0.3811812340850189,genomic_traits+gtdb_distance+rrna16s
3300029129_11,0.38498768,2593151.0,0.4335505336943356,genomic_traits+gtdb_distance+rrna16s
3300021343_13,0.38502374,4705606.0,0.4470792922314363,genomic_traits+gtdb_distance+rrna16s
3300029554_13,0.38507774,2560678.0,0.4494836914285982,genomic_traits+gtdb_distance+rrna16s
3300027009_8,0.385261,2378420.0,0.3118183499970569,genomic_traits+gtdb_distance+rrna16s
3300017444_57,0.3855257,2953722.0,0.4283446444858385,genomic_traits+gtdb_distance+rrna16s
3300027706_11,0.385656,5956011.0,0.5887113035889289,genomic_traits+gtdb_distance
3300021506_4,0.38575992,2957434.0,0.424382420706599,genomic_traits+gtdb_distance+rrna16s
3300027215_1,0.38577703,2121825.0,0.4450673359018769,genomic_traits+gtdb_distance+rrna16s
3300029818_12,0.38579032,3073501.0,0.5066531619804255,genomic_traits+gtdb_distance+rrna16s
3300029375_19,0.38587356,2449685.0,0.5047963309568373,genomic_traits+gtdb_distance+rrna16s
3300020601_25,0.38595036,2356276.0,0.4479611047262714,genomic_traits+gtdb_distance+rrna16s
3300011696_2,0.38621983,5800874.0,0.3988097310853502,genomic_traits+gtdb_distance+rrna16s
3300028028_13,0.38638636,3175155.0,0.4107390032927526,genomic_traits+gtdb_distance+rrna16s
3300029898_8,0.3864643,3129501.0,0.389893149099489,genomic_traits+gtdb_distance+rrna16s
3300025105_21,0.3864695,3032710.0,0.3220789327037534,genomic_traits+gtdb_distance+rrna16s
3300027832_22,0.38675955,5695397.0,0.4565988990758677,genomic_traits+gtdb_distance+rrna16s
3300021093_41,0.38682824,2447087.0,0.4327884541906356,genomic_traits+gtdb_distance+rrna16s
3300003109_2,0.38695592,4963493.0,0.6022845201957573,genomic_traits+gtdb_distance
3300011144_1,0.38699073,5977524.0,0.3981576652808086,genomic_traits+gtdb_distance+rrna16s
3300011473_1,0.38703904,5773254.0,0.400013406650738,genomic_traits+gtdb_distance+rrna16s
3300015199_6,0.38717628,3894654.0,0.4493053811712157,genomic_traits+gtdb_distance+rrna16s
3300006296_2,0.38717982,4762599.0,0.4498149014855124,genomic_traits+gtdb_distance+rrna16s
3300028419_8,0.38724643,2806597.0,0.3597830397452858,genomic_traits+gtdb_distance+rrna16s
3300029254_9,0.3872809,2493244.0,0.5233639387079644,genomic_traits+gtdb_distance+rrna16s
3300008630_8,0.3873093,1951432.0,0.3668301022018702,genomic_traits+gtdb_distance+rrna16s
3300008534_10,0.38739812,1755870.0,0.3667725970601468,genomic_traits+gtdb_distance+rrna16s
3300006745_3,0.38744226,2511197.0,0.3869111025538816,genomic_traits+gtdb_distance+rrna16s
3300025690_6,0.38744274,3137416.0,0.4370026161656599,genomic_traits+gtdb_distance+rrna16s
3300023225_7,0.38763008,3105937.0,0.379479364842236,genomic_traits+gtdb_distance+rrna16s
3300020083_49,0.3879341,2090344.0,0.4107869326771096,genomic_traits+gtdb_distance+rrna16s
3300028103_4,0.3881445,2280594.0,0.469629403567667,genomic_traits+gtdb_distance+rrna16s
3300025605_7,0.3883172,3889203.0,0.5124263248794162,genomic_traits+gtdb_distance+rrna16s
3300027801_24,0.38835102,2408439.0,0.3832694122624654,genomic_traits+gtdb_distance+rrna16s
3300011900_5,0.38862363,3608421.0,0.3144256171882383,genomic_traits+gtdb_distance+rrna16s
3300025694_12,0.388813,2766852.0,0.4453671537183774,genomic_traits+gtdb_distance+rrna16s
3300017458_4,0.3888609,3036395.0,0.4993049323292918,genomic_traits+gtdb_distance+rrna16s
3300029942_14,0.3889472,2367705.0,0.4579603455666985,genomic_traits+gtdb_distance
3300029557_9,0.38906386,2952967.0,0.4257314761729474,genomic_traits+gtdb_distance+rrna16s
3300027828_44,0.38922876,3210985.0,0.3320918658916189,genomic_traits+gtdb_distance+rrna16s
3300011206_2,0.3893885,5466868.0,0.3997680207387484,genomic_traits+gtdb_distance+rrna16s
3300025525_10,0.38941166,3363128.0,0.3710298864628405,genomic_traits+gtdb_distance+rrna16s
3300027677_4,0.38970336,3015858.0,0.5664941784394358,genomic_traits+gtdb_distance
3300029650_7,0.38972387,2580188.0,0.3725747891238933,genomic_traits+gtdb_distance+rrna16s
3300020192_29,0.38977844,3748139.0,0.4510195593066319,genomic_traits+gtdb_distance+rrna16s
3300025859_15,0.38981622,4010784.0,0.3719552087571906,genomic_traits+gtdb_distance+rrna16s
3300011659_3,0.38998675,2842753.0,0.3559718343450873,genomic_traits+gtdb_distance+rrna16s
3300008485_3,0.39000896,2022972.0,0.3857428575383149,genomic_traits+gtdb_distance+rrna16s
3300029843_11,0.39002883,2735358.0,0.4302248553936998,genomic_traits+gtdb_distance+rrna16s
3300029343_17,0.39004782,2720108.0,0.4221416943738998,genomic_traits+gtdb_distance+rrna16s
3300025476_4,0.3900637,3274284.0,0.4524583084423953,genomic_traits+gtdb_distance+rrna16s
3300012003_11,0.39017963,3163381.0,0.3703429969390345,genomic_traits+gtdb_distance+rrna16s
3300029584_15,0.39037794,2671626.0,0.429550019351511,genomic_traits+gtdb_distance+rrna16s
3300024507_4,0.39040574,2392483.0,0.467943554875834,genomic_traits+gtdb_distance+rrna16s
3300006498_25,0.39056367,1693269.0,0.3731917374026218,genomic_traits+gtdb_distance
3300025105_28,0.39077732,2808157.0,0.633422561487837,genomic_traits+gtdb_distance
3300008406_7,0.39078635,2781587.0,0.3808455388956017,genomic_traits+gtdb_distance+rrna16s
3300012275_6,0.3908171,2434303.0,0.4478834393253428,genomic_traits+gtdb_distance+rrna16s
3300011203_4,0.39104822,3537050.0,0.3108392587042874,genomic_traits+gtdb_distance+rrna16s
3300027690_12,0.3910904,4749589.0,0.3732419794639073,genomic_traits+gtdb_distance+rrna16s
3300027980_44,0.39112434,3162533.0,0.3183217376704053,genomic_traits+gtdb_distance+rrna16s
3300011140_5,0.39119282,2914319.0,0.439492382268379,genomic_traits+gtdb_distance+rrna16s
3300029477_9,0.39129946,2721051.0,0.431710026750693,genomic_traits+gtdb_distance+rrna16s
3300027828_19,0.39152506,5268263.0,0.4090908141829669,genomic_traits+gtdb_distance+rrna16s
3300013925_3,0.3915419,3684445.0,0.299002970596657,genomic_traits+gtdb_distance+rrna16s
3300020084_42,0.391658,2208639.0,0.4081504492132938,genomic_traits+gtdb_distance+rrna16s
3300017449_6,0.39170867,2585970.0,0.4526653441455237,genomic_traits+gtdb_distance+rrna16s
3300011822_4,0.39180666,4082638.0,0.3494380349176194,genomic_traits+gtdb_distance+rrna16s
3300027820_23,0.39181906,3372543.0,0.6885338452319214,genomic_traits+gtdb_distance
3300008083_12,0.39182088,1977712.0,0.361843382656322,genomic_traits+gtdb_distance+rrna16s
3300025658_13,0.3918276,2247622.0,0.4051722220195389,genomic_traits+gtdb_distance+rrna16s
3300008083_7,0.39211357,2117947.0,0.3849921645820221,genomic_traits+gtdb_distance+rrna16s
3300020715_5,0.39236078,2734486.0,0.4586298851045498,genomic_traits+gtdb_distance+rrna16s
3300025886_22,0.39255595,2736487.0,0.4455508102176257,genomic_traits+gtdb_distance+rrna16s
3300028082_4,0.3926427,3330284.0,0.3869808100450292,genomic_traits+gtdb_distance+rrna16s
3300026964_2,0.39276397,3864586.0,0.451026060747516,genomic_traits+gtdb_distance+rrna16s
3300011923_2,0.39291573,3331004.0,0.4007107166487941,genomic_traits+gtdb_distance+rrna16s
3300024939_7,0.3930097,2780008.0,0.3246728066969591,genomic_traits+gtdb_distance+rrna16s
3300029394_12,0.3930104,2889358.0,0.4286170145755562,genomic_traits+gtdb_distance+rrna16s
3300011719_1,0.39316678,4939022.0,0.3720121108996882,genomic_traits+gtdb_distance+rrna16s
3300025914_15,0.39318678,6791138.0,0.4341060364257065,genomic_traits+gtdb_distance+rrna16s
3300020196_48,0.39320314,2203029.0,0.4103255109215539,genomic_traits+gtdb_distance+rrna16s
3300028559_29,0.39339986,2739900.0,0.4194912223073835,genomic_traits+gtdb_distance+rrna16s
3300020131_6,0.39356837,3944785.0,0.4402138519589788,genomic_traits+gtdb_distance+rrna16s
3300029496_10,0.39362648,2651492.0,0.4293461945199155,genomic_traits+gtdb_distance+rrna16s
3300029494_15,0.39363667,2649882.0,0.426776739492551,genomic_traits+gtdb_distance+rrna16s
3300007979_4,0.39387527,2572444.0,0.2800255321398638,genomic_traits+gtdb_distance+rrna16s
3300029488_13,0.39388102,2634593.0,0.431216130916616,genomic_traits+gtdb_distance+rrna16s
3300011965_4,0.3939255,3156088.0,0.4278071460618335,genomic_traits+gtdb_distance+rrna16s
3300025642_20,0.39394706,2449495.0,0.3848221776325324,genomic_traits+gtdb_distance+rrna16s
3300011842_4,0.39420336,2620265.0,0.3956523481403598,genomic_traits+gtdb_distance+rrna16s
3300021092_44,0.39424652,2099390.0,0.4303959721633427,genomic_traits+gtdb_distance+rrna16s
3300025881_20,0.39425284,3266262.0,0.4157866086676451,genomic_traits+gtdb_distance+rrna16s
3300028553_27,0.39446452,2708498.0,0.4187660467166673,genomic_traits+gtdb_distance+rrna16s
3300029095_6,0.39454854,2639911.0,0.4483404932969331,genomic_traits+gtdb_distance+rrna16s
3300011902_1,0.39488062,5147835.0,0.3733085850653721,genomic_traits+gtdb_distance+rrna16s
3300007119_16,0.39498338,1836396.0,0.3719181483732267,genomic_traits+gtdb_distance
3300027148_4,0.39501294,2303123.0,0.3794725683343877,genomic_traits+gtdb_distance+rrna16s
3300027329_4,0.39503327,2148344.0,0.3798097511385513,genomic_traits+gtdb_distance+rrna16s
3300024243_18,0.39504638,1980476.0,0.4240546212122742,genomic_traits+gtdb_distance+rrna16s
3300013723_4,0.39514795,2396105.0,0.4325920608654462,genomic_traits+gtdb_distance+rrna16s
3300006253_19,0.395292,2207879.0,0.3874410690078577,genomic_traits+gtdb_distance+rrna16s
3300020084_54,0.39532673,2070052.0,0.4105462085010425,genomic_traits+gtdb_distance+rrna16s
3300029451_6,0.39535746,2518357.0,0.5202721456886374,genomic_traits+gtdb_distance+rrna16s
3300029444_12,0.39542663,2865954.0,0.4225074791849416,genomic_traits+gtdb_distance+rrna16s
3300028274_12,0.39547017,1957513.0,0.4235859480882119,genomic_traits+gtdb_distance+rrna16s
3300020220_78,0.39554933,2049853.0,0.4110641104508469,genomic_traits+gtdb_distance+rrna16s
3300029377_14,0.39567968,2737288.0,0.4276601512153635,genomic_traits+gtdb_distance+rrna16s
3300007501_16,0.3956969,2420148.0,0.4320562213550576,genomic_traits+gtdb_distance+rrna16s
3300029702_17,0.3957034,2989000.0,0.537576781532285,genomic_traits+gtdb_distance+rrna16s
3300014502_30,0.3957642,2530948.0,0.4502490766305748,genomic_traits+gtdb_distance+rrna16s
3300025280_2,0.3959493,4653907.0,0.4196933888021398,genomic_traits+gtdb_distance+rrna16s
3300025592_8,0.39598107,3091666.0,0.470425654000141,genomic_traits+gtdb_distance+rrna16s
3300007317_7,0.39606997,1931770.0,0.3627724832666414,genomic_traits+gtdb_distance+rrna16s
3300029329_23,0.3961359,2083447.0,0.4777784124098189,genomic_traits+gtdb_distance+rrna16s
3300011827_5,0.39616364,3562516.0,0.3129027350333304,genomic_traits+gtdb_distance+rrna16s
3300021093_51,0.39620608,2102746.0,0.4303548788108502,genomic_traits+gtdb_distance+rrna16s
3300029361_11,0.39646587,2721232.0,0.4281027857970213,genomic_traits+gtdb_distance+rrna16s
3300025238_3,0.39653948,4039520.0,0.5733829761951915,genomic_traits+gtdb_distance
3300026288_5,0.3965547,5058402.0,0.3756316718204682,genomic_traits+gtdb_distance+rrna16s
3300027760_9,0.39659137,4022694.0,0.7017844260587557,genomic_traits+gtdb_distance
3300014684_3,0.39672077,2810088.0,0.3586901904851378,genomic_traits+gtdb_distance+rrna16s
3300029423_6,0.3967322,2838526.0,0.4249275856553718,genomic_traits+gtdb_distance+rrna16s
3300011360_1,0.39673734,3479324.0,0.4005985070663151,genomic_traits+gtdb_distance+rrna16s
3300011760_2,0.3967678,4620492.0,0.3776825065382647,genomic_traits+gtdb_distance+rrna16s
3300024320_3,0.39678615,2996670.0,0.3604470962768673,genomic_traits+gtdb_distance+rrna16s
3300025809_38,0.3968466,2014321.0,0.4091055993558127,genomic_traits+gtdb_distance+rrna16s
3300025595_1,0.39690736,4047353.0,0.4651672339921919,genomic_traits+gtdb_distance+rrna16s
3300014675_4,0.39695743,3156540.0,0.4144002610453218,genomic_traits+gtdb_distance+rrna16s
3300023296_6,0.3969819,2869040.0,0.4586460976493879,genomic_traits+gtdb_distance+rrna16s
3300027541_1,0.39705822,4403608.0,0.4824489373259382,genomic_traits+gtdb_distance+rrna16s
3300026289_22,0.3972304,2692732.0,0.3406569981713739,genomic_traits+gtdb_distance+rrna16s
3300008406_19,0.3972492,1809980.0,0.3670891391065095,genomic_traits+gtdb_distance+rrna16s
3300029420_9,0.39725447,2862229.0,0.425049847513948,genomic_traits+gtdb_distance+rrna16s
3300024313_4,0.3973453,3075679.0,0.3595853143322173,genomic_traits+gtdb_distance+rrna16s
3300014721_2,0.39740455,4659388.0,0.4640843389732729,genomic_traits+gtdb_distance+rrna16s
3300025093_7,0.39762762,3601217.0,0.3624263686414898,genomic_traits+gtdb_distance+rrna16s
3300011151_2,0.39769503,3206018.0,0.3176881726802532,genomic_traits+gtdb_distance+rrna16s
3300029611_16,0.39775866,2783813.0,0.427189972889702,genomic_traits+gtdb_distance+rrna16s
3300005529_36,0.39792672,5380763.0,0.6327567298541118,genomic_traits+gtdb_distance
3300020196_56,0.3979607,1841643.0,0.4952903467175777,genomic_traits+gtdb_distance+rrna16s
3300025680_15,0.3980303,1888986.0,0.3875973670530115,genomic_traits+gtdb_distance+rrna16s
3300029346_12,0.3980908,2597283.0,0.4289505610285826,genomic_traits+gtdb_distance+rrna16s
3300011949_1,0.3981116,6039469.0,0.3971092491740582,genomic_traits+gtdb_distance+rrna16s
3300014728_3,0.39834023,4381894.0,0.3671323404902081,genomic_traits+gtdb_distance+rrna16s
3300018892_3,0.39835876,6457820.0,0.4517443967159196,genomic_traits+gtdb_distance+rrna16s
3300021504_5,0.39868405,3135590.0,0.4978390031860032,genomic_traits+gtdb_distance+rrna16s
3300007318_4,0.39887306,2529723.0,0.3818248084869371,genomic_traits+gtdb_distance+rrna16s
3300029414_8,0.39887413,2916550.0,0.4241751384341088,genomic_traits+gtdb_distance+rrna16s
3300027863_46,0.39897722,3436743.0,0.4609692956383413,genomic_traits+gtdb_distance+rrna16s
3300029796_20,0.39898622,2619034.0,0.4319359733397886,genomic_traits+gtdb_distance+rrna16s
3300008679_14,0.39908373,2151291.0,0.4266926231737129,genomic_traits+gtdb_distance+rrna16s
3300027863_11,0.39919344,5171146.0,0.6105000709707288,genomic_traits+gtdb_distance
3300025913_63,0.39923862,2471032.0,0.4177716031196682,genomic_traits+gtdb_distance+rrna16s
3300028198_13,0.39929,1930889.0,0.4240052121069621,genomic_traits+gtdb_distance+rrna16s
3300028622_11,0.39929178,2876232.0,0.3955101674691054,genomic_traits+gtdb_distance+rrna16s
3300024221_7,0.3993009,2502649.0,0.5081327825036591,genomic_traits+gtdb_distance+rrna16s
3300027279_11,0.39954558,2539388.0,0.6384317796256421,genomic_traits+gtdb_distance
3300007125_23,0.399625,1603686.0,0.3732806796342925,genomic_traits+gtdb_distance+rrna16s
3300029123_16,0.39967945,2495246.0,0.4407084511907844,genomic_traits+gtdb_distance+rrna16s
3300008743_14,0.39969277,2071964.0,0.4324211231469272,genomic_traits+gtdb_distance+rrna16s
3300025728_13,0.3997217,5143285.0,0.3620973755100096,genomic_traits+gtdb_distance+rrna16s
3300025860_17,0.39988604,2815350.0,0.4784172482995009,genomic_traits+gtdb_distance+rrna16s
3300029572_18,0.40007353,2565225.0,0.4311633482443061,genomic_traits+gtdb_distance+rrna16s
3300011238_3,0.40009877,4165530.0,0.4107102817648654,genomic_traits+gtdb_distance+rrna16s
3300028073_6,0.40012288,2407072.0,0.4670047260738357,genomic_traits+gtdb_distance+rrna16s
3300021424_39,0.40016934,2161685.0,0.410007933625852,genomic_traits+gtdb_distance+rrna16s
3300029338_12,0.4002719,2730935.0,0.4288681349061768,genomic_traits+gtdb_distance+rrna16s
3300025775_7,0.40037993,3844831.0,0.5958852287655816,genomic_traits+gtdb_distance
3300014540_6,0.4005209,2288486.0,0.5839301616876835,genomic_traits+gtdb_distance+rrna16s
3300024928_1,0.40052572,4025087.0,0.4151540078512589,genomic_traits+gtdb_distance+rrna16s
3300025577_7,0.40060538,2760366.0,0.3881880156472004,genomic_traits+gtdb_distance+rrna16s
3300008630_5,0.40063274,2189139.0,0.3866775933369238,genomic_traits+gtdb_distance+rrna16s
3300017650_9,0.40069622,4811253.0,0.445131029276573,genomic_traits+gtdb_distance+rrna16s
3300029768_14,0.40070966,2824332.0,0.4286818971707292,genomic_traits+gtdb_distance+rrna16s
3300008131_4,0.4007479,2239835.0,0.4069719421296658,genomic_traits+gtdb_distance+rrna16s
3300028580_16,0.40085495,3252205.0,0.4934701225783737,genomic_traits+gtdb_distance+rrna16s
3300011641_4,0.40090957,4169140.0,0.4337803479854358,genomic_traits+gtdb_distance+rrna16s
3300029763_11,0.4011123,2789826.0,0.4260541696865683,genomic_traits+gtdb_distance+rrna16s
3300017418_11,0.40115333,3191031.0,0.4483754623505694,genomic_traits+gtdb_distance+rrna16s
3300025762_25,0.4012236,2560843.0,0.3756149830348834,genomic_traits+gtdb_distance+rrna16s
3300029394_18,0.40128422,2388857.0,0.5068398820021458,genomic_traits+gtdb_distance+rrna16s
3300027773_42,0.40128866,2714951.0,0.6313137879836506,genomic_traits+gtdb_distance
3300008489_8,0.40143675,1733623.0,0.3645584997430237,genomic_traits+gtdb_distance+rrna16s
3300029485_7,0.40172362,4430728.0,0.449790869581703,genomic_traits+gtdb_distance+rrna16s
3300013977_2,0.4019892,3032311.0,0.4125971907235108,genomic_traits+gtdb_distance+rrna16s
3300025660_15,0.40222302,3163905.0,0.436128455184337,genomic_traits+gtdb_distance+rrna16s
3300029593_8,0.4022367,3051031.0,0.2791236798315061,genomic_traits+gtdb_distance+rrna16s
3300025620_10,0.40225697,3096038.0,0.4363438045657062,genomic_traits+gtdb_distance+rrna16s
3300029588_18,0.4023067,2709605.0,0.4293585227367089,genomic_traits+gtdb_distance+rrna16s
3300011210_3,0.40249607,4484990.0,0.3532516237494398,genomic_traits+gtdb_distance+rrna16s
3300011936_10,0.40250167,1880858.0,0.3634341348469688,genomic_traits+gtdb_distance+rrna16s
3300029446_11,0.402529,3039220.0,0.4452326583794526,genomic_traits+gtdb_distance+rrna16s
3300025887_3,0.40264675,10696197.0,0.358526493107784,genomic_traits+gtdb_distance+rrna16s
3300025069_3,0.40268606,3017102.0,0.4297716815672788,genomic_traits+gtdb_distance+rrna16s
3300011778_1,0.40276864,5334974.0,0.3956806537388935,genomic_traits+gtdb_distance+rrna16s
3300027026_12,0.4028234,3029263.0,0.3784415549260662,genomic_traits+gtdb_distance+rrna16s
3300024261_20,0.40288553,3357263.0,0.4669312472689807,genomic_traits+gtdb_distance+rrna16s
2225789004_15,0.40293038,2251383.0,0.4230977137164134,genomic_traits+gtdb_distance+rrna16s
3300007994_3,0.40295842,2694987.0,0.3840649324096925,genomic_traits+gtdb_distance+rrna16s
3300026303_6,0.40306178,4147469.0,0.463478810812088,genomic_traits+gtdb_distance+rrna16s
3300027965_18,0.403165,5871501.0,0.5998355446077588,genomic_traits+gtdb_distance
3300029820_18,0.40322384,2664232.0,0.4308539946971585,genomic_traits+gtdb_distance+rrna16s
3300027708_17,0.4032632,2502685.0,0.4048871511996116,genomic_traits+gtdb_distance+rrna16s
3300006261_7,0.40375197,1976287.0,0.3865642996184258,genomic_traits+gtdb_distance+rrna16s
3300020200_50,0.4037629,2102148.0,0.4109177850465333,genomic_traits+gtdb_distance+rrna16s
3300008489_1,0.40376973,3061129.0,0.3858716832907074,genomic_traits+gtdb_distance+rrna16s
3300027796_21,0.4038227,3797256.0,0.4640666839422994,genomic_traits+gtdb_distance+rrna16s
3300029728_12,0.4038752,2864419.0,0.4254492795921267,genomic_traits+gtdb_distance+rrna16s
3300029563_17,0.40389687,2223303.0,0.389269478788991,genomic_traits+gtdb_distance+rrna16s
3300025686_14,0.40396973,3229907.0,0.3915865069799223,genomic_traits+gtdb_distance+rrna16s
3300027828_56,0.40400717,2611544.0,0.5294385237238967,genomic_traits+gtdb_distance+rrna16s
3300007079_9,0.40405256,1811954.0,0.3658277196882482,genomic_traits+gtdb_distance+rrna16s
3300013939_3,0.40417096,4975322.0,0.4365263193015447,genomic_traits+gtdb_distance+rrna16s
3300014628_3,0.40424442,2508989.0,0.4398891346275332,genomic_traits+gtdb_distance+rrna16s
3300029759_14,0.40429437,2575419.0,0.4327862767184679,genomic_traits+gtdb_distance+rrna16s
3300020197_51,0.40433502,2156746.0,0.4097482967396253,genomic_traits+gtdb_distance+rrna16s
3300017518_21,0.40443602,5054509.0,0.4031242203743232,genomic_traits+gtdb_distance+rrna16s
3300025684_19,0.40454787,2349705.0,0.404918064182525,genomic_traits+gtdb_distance+rrna16s
3300029227_10,0.40459168,2922274.0,0.4386707064429961,genomic_traits+gtdb_distance+rrna16s
3300021341_19,0.40461513,3158784.0,0.4180526430423859,genomic_traits+gtdb_distance+rrna16s
3300029227_18,0.40484345,2200619.0,0.5191475671163431,genomic_traits+gtdb_distance+rrna16s
3300018878_85,0.40489307,2562132.0,0.4533564234785717,genomic_traits+gtdb_distance+rrna16s
3300017437_1,0.40492457,3792489.0,0.4466151385013905,genomic_traits+gtdb_distance+rrna16s
3300020213_28,0.40499386,2710658.0,0.4856193588420228,genomic_traits+gtdb_distance+rrna16s
3300024238_3,0.40507606,5457477.0,0.4942476166184484,genomic_traits+gtdb_distance+rrna16s
3300000254_7,0.40525755,2509444.0,0.4571514646272242,genomic_traits+gtdb_distance+rrna16s
3300024961_7,0.40536648,2793546.0,0.3243690993454197,genomic_traits+gtdb_distance+rrna16s
3300020109_64,0.40554264,2147044.0,0.4101625304371964,genomic_traits+gtdb_distance+rrna16s
3300024503_1,0.40554747,4405363.0,0.4767650248118033,genomic_traits+gtdb_distance+rrna16s
3300029785_20,0.4056479,2037666.0,0.5380926020260435,genomic_traits+gtdb_distance+rrna16s
3300029354_14,0.4056581,2675327.0,0.4277499535570792,genomic_traits+gtdb_distance+rrna16s
3300007357_15,0.40567413,1855086.0,0.3639906721305643,genomic_traits+gtdb_distance+rrna16s
3300011804_2,0.40572196,4900644.0,0.3680830519417448,genomic_traits+gtdb_distance+rrna16s
3300007296_13,0.40572843,2463852.0,0.4292822783186652,genomic_traits+gtdb_distance+rrna16s
3300025869_19,0.40578407,2875955.0,0.4932695400310505,genomic_traits+gtdb_distance+rrna16s
3300026509_12,0.40586516,2665774.0,0.3013871393448957,genomic_traits+gtdb_distance+rrna16s
3300022742_6,0.4058944,3914996.0,0.3725985926933258,genomic_traits+gtdb_distance+rrna16s
3300029426_17,0.4058969,2255110.0,0.4063260772201799,genomic_traits+gtdb_distance+rrna16s
3300028557_29,0.40603966,2780573.0,0.4190575108080241,genomic_traits+gtdb_distance+rrna16s
3300029356_9,0.40606382,2877292.0,0.4248446108354661,genomic_traits+gtdb_distance+rrna16s
3300029572_16,0.4060982,2712450.0,0.450434478054895,genomic_traits+gtdb_distance+rrna16s
3300008645_11,0.4060997,2215936.0,0.3861794744974584,genomic_traits+gtdb_distance+rrna16s
3300029703_19,0.406386,2346415.0,0.5180447619027325,genomic_traits+gtdb_distance+rrna16s
3300008341_11,0.40644765,1960744.0,0.361058353359745,genomic_traits+gtdb_distance+rrna16s
3300029388_9,0.4065476,2813230.0,0.4306722166335493,genomic_traits+gtdb_distance+rrna16s
3300012822_4,0.40657672,3195214.0,0.3070611232925244,genomic_traits+gtdb_distance+rrna16s
3300028553_25,0.40657946,2973743.0,0.4818328281899276,genomic_traits+gtdb_distance+rrna16s
3300029748_17,0.40661833,2737431.0,0.4283315268951071,genomic_traits+gtdb_distance+rrna16s
3300025550_2,0.40662736,4376519.0,0.4703763424767492,genomic_traits+gtdb_distance+rrna16s
3300008743_18,0.4066292,1839241.0,0.3649168325412493,genomic_traits+gtdb_distance+rrna16s
3300029732_15,0.40668577,2355346.0,0.5836845202360927,genomic_traits+gtdb_distance+rrna16s
3300017938_18,0.40672383,2521317.0,0.4811481459887828,genomic_traits+gtdb_distance
3300027793_12,0.40675673,3751817.0,0.5074258685858078,genomic_traits+gtdb_distance+rrna16s
3300029703_12,0.40683487,2953992.0,0.4270255301977798,genomic_traits+gtdb_distance+rrna16s
3300027838_20,0.40685806,3259539.0,0.582403523933906,genomic_traits+gtdb_distance
3300020156_7,0.4068904,3914978.0,0.5108782220487573,genomic_traits+gtdb_distance+rrna16s
3300029893_5,0.40690354,2858936.0,0.5043789018012296,genomic_traits+gtdb_distance+rrna16s
3300008745_16,0.4069461,1778899.0,0.3634647048539574,genomic_traits+gtdb_distance+rrna16s
3300012886_2,0.40696922,4986929.0,0.3652179527721369,genomic_traits+gtdb_distance+rrna16s
3300029340_9,0.40698332,2798762.0,0.4232985870181173,genomic_traits+gtdb_distance+rrna16s
3300026473_2,0.40707815,4463747.0,0.4760964275081003,genomic_traits+gtdb_distance+rrna16s
3300029479_14,0.4071817,1992407.0,0.4081389997124081,genomic_traits+gtdb_distance+rrna16s
3300029234_8,0.40721363,2924588.0,0.5527756388250242,genomic_traits+gtdb_distance+rrna16s
3300008160_2,0.40746915,3334126.0,0.3818721907930294,genomic_traits+gtdb_distance+rrna16s
3300029336_18,0.4075364,2540150.0,0.4292892152038265,genomic_traits+gtdb_distance+rrna16s
3300025860_15,0.40777662,2875876.0,0.4068245640632628,genomic_traits+gtdb_distance+rrna16s
3300029386_15,0.40778804,2650565.0,0.4640055988062922,genomic_traits+gtdb_distance+rrna16s
3300027739_8,0.40784654,3585228.0,0.3152993338220052,genomic_traits+gtdb_distance+rrna16s
3300027498_24,0.40799227,3208230.0,0.3721905848396156,genomic_traits+gtdb_distance+rrna16s
3300011616_3,0.4081203,3133682.0,0.4361974188829626,genomic_traits+gtdb_distance+rrna16s
3300011649_1,0.40833083,4815890.0,0.3725504527719694,genomic_traits+gtdb_distance+rrna16s
3300026516_11,0.40848804,6343002.0,0.4992877189696613,genomic_traits+gtdb_distance+rrna16s
3300024353_27,0.40852526,3124206.0,0.5247099583062065,genomic_traits+gtdb_distance+rrna16s
3300029387_12,0.40856794,2618013.0,0.4281510443225453,genomic_traits+gtdb_distance+rrna16s
3300008077_12,0.40862888,2640680.0,0.429494675613857,genomic_traits+gtdb_distance+rrna16s
3300027878_64,0.4086301,3896356.0,0.3577314290583304,genomic_traits+gtdb_distance+rrna16s
3300025832_11,0.40866074,2780738.0,0.4517674804314538,genomic_traits+gtdb_distance+rrna16s
3300027744_10,0.40868378,2176949.0,0.4253071615366276,genomic_traits+gtdb_distance+rrna16s
3300025678_16,0.4087006,2785423.0,0.4687438855785997,genomic_traits+gtdb_distance+rrna16s
3300020291_2,0.4087043,2348039.0,0.4606784640289194,genomic_traits+gtdb_distance+rrna16s
3300011796_3,0.40888256,4873016.0,0.3712770489569498,genomic_traits+gtdb_distance+rrna16s
3300025161_48,0.40888983,2782213.0,0.5274157657950703,genomic_traits+gtdb_distance+rrna16s
3300022853_4,0.40918595,2359215.0,0.4983856918508911,genomic_traits+gtdb_distance+rrna16s
3300012609_1,0.4092414,5493559.0,0.3993383888295365,genomic_traits+gtdb_distance+rrna16s
3300020594_9,0.40953973,2852958.0,0.5170650952450053,genomic_traits+gtdb_distance+rrna16s
3300027327_12,0.40971243,4125729.0,0.5084856518690394,genomic_traits+gtdb_distance+rrna16s
3300027976_61,0.40973273,2094265.0,0.3758277963867992,genomic_traits+gtdb_distance+rrna16s
3300026288_16,0.40986463,3452165.0,0.3133639324887425,genomic_traits+gtdb_distance+rrna16s
3300012007_10,0.40992576,2425208.0,0.5599016661663659,genomic_traits+gtdb_distance+rrna16s
3300020128_7,0.40998647,3461910.0,0.4381020881536492,genomic_traits+gtdb_distance+rrna16s
3300027279_18,0.41017047,2167308.0,0.5202426235680393,genomic_traits+gtdb_distance+rrna16s
3300013131_38,0.4101784,3465326.0,0.4375016953671891,genomic_traits+gtdb_distance+rrna16s
3300008518_12,0.4102113,1760151.0,0.3665145774425035,genomic_traits+gtdb_distance+rrna16s
3300029217_8,0.41021854,2631142.0,0.4313906280998897,genomic_traits+gtdb_distance+rrna16s
3300026288_23,0.4102309,2737467.0,0.3681564015200914,genomic_traits+gtdb_distance+rrna16s
3300024218_5,0.4102983,4837984.0,0.4452575700953124,genomic_traits+gtdb_distance+rrna16s
3300023208_9,0.41030344,3197039.0,0.3962763669758173,genomic_traits+gtdb_distance+rrna16s
3300027980_38,0.41033196,3399670.0,0.3146137713366297,genomic_traits+gtdb_distance+rrna16s
3300027847_22,0.41037676,3236586.0,0.581373088804067,genomic_traits+gtdb_distance
3300011765_1,0.41039413,5932767.0,0.3997950703272183,genomic_traits+gtdb_distance+rrna16s
3300029433_13,0.4104948,2469794.0,0.5289846035742252,genomic_traits+gtdb_distance+rrna16s
3300029328_16,0.41058907,2107000.0,0.5163383958234457,genomic_traits+gtdb_distance+rrna16s
3300028593_45,0.4105911,2329391.0,0.4644012104451335,genomic_traits+gtdb_distance+rrna16s
3300029593_16,0.41062054,2218054.0,0.4724465680276494,genomic_traits+gtdb_distance+rrna16s
3300029385_14,0.41063455,2673745.0,0.428106270418458,genomic_traits+gtdb_distance+rrna16s
3300029758_14,0.4106555,2726202.0,0.4283167571588606,genomic_traits+gtdb_distance+rrna16s
3300024185_7,0.4106625,2446549.0,0.5087308694818702,genomic_traits+gtdb_distance+rrna16s
3300023253_8,0.41068074,1797888.0,0.5232745310052684,genomic_traits+gtdb_distance+rrna16s
3300011645_1,0.41068673,5276092.0,0.3995904544499982,genomic_traits+gtdb_distance+rrna16s
3300029549_27,0.41088036,2049389.0,0.4000489902112288,genomic_traits+gtdb_distance+rrna16s
3300017532_43,0.41090608,2759887.0,0.4461429036768534,genomic_traits+gtdb_distance+rrna16s
3300011612_1,0.41107494,5805252.0,0.3990591622895957,genomic_traits+gtdb_distance+rrna16s
3300025859_19,0.41121542,3501268.0,0.4844030791130527,genomic_traits+gtdb_distance+rrna16s
3300008347_15,0.41122288,1877329.0,0.3621767947972891,genomic_traits+gtdb_distance+rrna16s
3300024353_49,0.4112271,1661026.0,0.4746036485882822,genomic_traits+gtdb_distance
3300028042_5,0.41129568,3552337.0,0.4043352305820084,genomic_traits+gtdb_distance+rrna16s
3300020578_59,0.41135895,2157344.0,0.4112964830829019,genomic_traits+gtdb_distance+rrna16s
3300015164_3,0.4113651,4601274.0,0.5499292152564703,genomic_traits+gtdb_distance+rrna16s
3300007208_24,0.41143242,1656863.0,0.4015147902994997,genomic_traits+gtdb_distance+rrna16s
3300029390_12,0.41144332,2650465.0,0.4296098986404272,genomic_traits+gtdb_distance+rrna16s
3300029088_3,0.41150472,4068350.0,0.395033367335652,genomic_traits+gtdb_distance+rrna16s
3300011829_4,0.41151488,3111674.0,0.4018730753928592,genomic_traits+gtdb_distance+rrna16s
3300005337_7,0.41166323,5736630.0,0.6439010359740823,genomic_traits+gtdb_distance
3300029392_16,0.4120144,2630870.0,0.4310235777518463,genomic_traits+gtdb_distance+rrna16s
3300022929_25,0.41203007,2351155.0,0.4477914046500549,genomic_traits+gtdb_distance+rrna16s
3300011226_3,0.4122345,3522336.0,0.314187232563844,genomic_traits+gtdb_distance+rrna16s
3300029040_4,0.41225445,4323237.0,0.4779069479651474,genomic_traits+gtdb_distance+rrna16s
3300029500_4,0.41234875,2574168.0,0.3129209126987827,genomic_traits+gtdb_distance+rrna16s
3300027328_13,0.4124361,3882383.0,0.5070988617042678,genomic_traits+gtdb_distance+rrna16s
3300025669_14,0.4125311,1772585.0,0.5243505953170088,genomic_traits+gtdb_distance+rrna16s
3300020198_42,0.4126123,2525751.0,0.3903943817106278,genomic_traits+gtdb_distance+rrna16s
3300011980_10,0.4126538,2423354.0,0.4190246245492817,genomic_traits+gtdb_distance+rrna16s
3300008134_2,0.412702,3193715.0,0.4068055540334688,genomic_traits+gtdb_distance+rrna16s
3300007356_12,0.41277415,2644094.0,0.4302918126208826,genomic_traits+gtdb_distance+rrna16s
3300027844_27,0.41295105,3352541.0,0.5810962490839038,genomic_traits+gtdb_distance
3300020139_12,0.4129596,2802740.0,0.6439805333352362,genomic_traits+gtdb_distance
3300007302_1,0.4129768,1972075.0,0.4271647883574407,genomic_traits+gtdb_distance+rrna16s
3300001567_38,0.4129929,2421380.0,0.5253438122062626,genomic_traits+gtdb_distance
3300024302_21,0.4132241,2419310.0,0.5347950448681649,genomic_traits+gtdb_distance+rrna16s
3300024906_2,0.41324392,3590980.0,0.3266264362374616,genomic_traits+gtdb_distance+rrna16s
3300024509_5,0.41330314,2380445.0,0.467980986748276,genomic_traits+gtdb_distance+rrna16s
3300011604_4,0.41331643,3091485.0,0.4728439568686246,genomic_traits+gtdb_distance+rrna16s
3300029793_21,0.41335255,2336245.0,0.5113457706704563,genomic_traits+gtdb_distance+rrna16s
3300024336_17,0.41353717,1976797.0,0.4237015738085398,genomic_traits+gtdb_distance+rrna16s
3300028569_37,0.41354612,2741480.0,0.4805812918569532,genomic_traits+gtdb_distance+rrna16s
3300025061_4,0.41357407,3283399.0,0.4337030010668822,genomic_traits+gtdb_distance+rrna16s
3300028195_16,0.4136704,2016452.0,0.4232146364009657,genomic_traits+gtdb_distance+rrna16s
3300029461_8,0.41372228,2130392.0,0.4184380151634065,genomic_traits+gtdb_distance+rrna16s
3300011931_3,0.41387883,2314653.0,0.3416386819104202,genomic_traits+gtdb_distance+rrna16s
3300025617_16,0.41393888,2305979.0,0.4115119868827946,genomic_traits+gtdb_distance+rrna16s
3300006488_8,0.41394562,1568735.0,0.365134327977638,genomic_traits+gtdb_distance+rrna16s
3300029556_15,0.4139697,2707049.0,0.4300058846367391,genomic_traits+gtdb_distance+rrna16s
3300022857_6,0.41401526,4142656.0,0.4787863148665977,genomic_traits+gtdb_distance+rrna16s
3300011703_3,0.41407776,3165144.0,0.4018796617152332,genomic_traits+gtdb_distance+rrna16s
3300011783_5,0.41411155,3173548.0,0.3154986154297965,genomic_traits+gtdb_distance+rrna16s
3300025103_5,0.41415665,3402824.0,0.3861745420862201,genomic_traits+gtdb_distance+rrna16s
3300020197_48,0.4141858,2202222.0,0.5013917761242963,genomic_traits+gtdb_distance+rrna16s
3300017560_8,0.41427127,4835050.0,0.4448578608287401,genomic_traits+gtdb_distance+rrna16s
3300024939_1,0.4142836,4829438.0,0.5274528837516912,genomic_traits+gtdb_distance+rrna16s
3300021541_1,0.41463092,2723783.0,0.3239722107084155,genomic_traits+gtdb_distance
3300028174_16,0.41470224,2013186.0,0.4231173870670668,genomic_traits+gtdb_distance+rrna16s
3300029785_14,0.41483158,2472212.0,0.4317724369916496,genomic_traits+gtdb_distance+rrna16s
3300029858_23,0.4149005,2021944.0,0.4732776971073383,genomic_traits+gtdb_distance+rrna16s
3300020200_41,0.4150227,2183669.0,0.5016318865175995,genomic_traits+gtdb_distance+rrna16s
3300029765_16,0.4150385,2342659.0,0.5110005340085775,genomic_traits+gtdb_distance+rrna16s
3300029676_13,0.41510186,2506464.0,0.3836927240925862,genomic_traits+gtdb_distance+rrna16s
3300024180_4,0.41519892,2994303.0,0.3599685803340544,genomic_traits+gtdb_distance+rrna16s
3300025375_2,0.41541946,2976821.0,0.4885705254027703,genomic_traits+gtdb_distance+rrna16s
3300006747_8,0.41546392,2574087.0,0.4312837911072936,genomic_traits+gtdb_distance+rrna16s
3300011135_1,0.41560537,5341517.0,0.3990263440142566,genomic_traits+gtdb_distance+rrna16s
3300012252_4,0.41578057,3464442.0,0.4130962504207027,genomic_traits+gtdb_distance+rrna16s
3300029431_13,0.41595602,2476131.0,0.5294861216954999,genomic_traits+gtdb_distance+rrna16s
3300029243_16,0.4160007,2291028.0,0.5323706213979053,genomic_traits+gtdb_distance+rrna16s
3300011641_1,0.4160173,6033724.0,0.3984550834608941,genomic_traits+gtdb_distance+rrna16s
3300014595_1,0.41604337,4639714.0,0.447123033876657,genomic_traits+gtdb_distance+rrna16s
3300025720_21,0.4160462,2772404.0,0.5278022250725364,genomic_traits+gtdb_distance+rrna16s
3300029428_10,0.41604975,2776629.0,0.4283816815282128,genomic_traits+gtdb_distance+rrna16s
3300027793_23,0.41615668,2540887.0,0.4196440062072811,genomic_traits+gtdb_distance+rrna16s
3300005512_17,0.41630876,3073430.0,0.5300693362139369,genomic_traits+gtdb_distance+rrna16s
3300024040_7,0.41640064,3461842.0,0.4381782877439236,genomic_traits+gtdb_distance+rrna16s
3300029386_17,0.41650587,2618359.0,0.4289453814392908,genomic_traits+gtdb_distance+rrna16s
3300011871_6,0.41652915,3389914.0,0.2817567053323476,genomic_traits+gtdb_distance+rrna16s
3300025536_7,0.416661,3503261.0,0.3964352070827723,genomic_traits+gtdb_distance+rrna16s
3300020222_65,0.41667944,2151093.0,0.4100357353215318,genomic_traits+gtdb_distance+rrna16s
3300011805_3,0.4167153,3048187.0,0.4327031117185396,genomic_traits+gtdb_distance+rrna16s
3300029502_13,0.41682002,2752303.0,0.4301314208501026,genomic_traits+gtdb_distance+rrna16s
3300008640_15,0.4169551,1987169.0,0.5504881567697564,genomic_traits+gtdb_distance+rrna16s
3300024261_30,0.41704333,1991798.0,0.4237688761611368,genomic_traits+gtdb_distance+rrna16s
3300026282_8,0.4171561,3902158.0,0.4641936589958684,genomic_traits+gtdb_distance+rrna16s
3300026185_9,0.417257,3785496.0,0.339208124906221,genomic_traits+gtdb_distance+rrna16s
3300027124_3,0.41732898,2169742.0,0.3798631358013994,genomic_traits+gtdb_distance+rrna16s
3300025590_10,0.4173593,2940238.0,0.3877226945573793,genomic_traits+gtdb_distance+rrna16s
3300029532_10,0.41747698,2665078.0,0.4305262360051,genomic_traits+gtdb_distance+rrna16s
3300028087_3,0.4175575,3346281.0,0.3834391074748355,genomic_traits+gtdb_distance+rrna16s
3300027026_2,0.41758993,5551908.0,0.4094689609409954,genomic_traits+gtdb_distance+rrna16s
3300011853_2,0.41771066,4788516.0,0.3725592647074793,genomic_traits+gtdb_distance+rrna16s
3300020153_32,0.41777456,2501418.0,0.3846462286591046,genomic_traits+gtdb_distance+rrna16s
3300020195_31,0.41779712,2722472.0,0.4855348374565468,genomic_traits+gtdb_distance+rrna16s
3300024356_3,0.4178168,4038666.0,0.4723267534378926,genomic_traits+gtdb_distance+rrna16s
3300017473_4,0.4179179,3431252.0,0.3428658110800373,genomic_traits+gtdb_distance+rrna16s
3300020186_17,0.4179471,4427381.0,0.4296671101944919,genomic_traits+gtdb_distance+rrna16s
3300024953_8,0.41801015,3810769.0,,genomic_traits+gtdb_distance+rrna16s
3300028567_30,0.41811767,2983198.0,0.4453690301481832,genomic_traits+gtdb_distance+rrna16s
3300014002_3,0.41821083,2530501.0,0.4473323661994206,genomic_traits+gtdb_distance+rrna16s
3300027896_52,0.41821605,2704390.0,0.4785996102633126,genomic_traits+gtdb_distance
3300007805_6,0.41839662,2548153.0,0.4303791805280138,genomic_traits+gtdb_distance+rrna16s
3300024505_1,0.41849303,4364481.0,0.4755825492194834,genomic_traits+gtdb_distance+rrna16s
3300025688_19,0.4186535,1952168.0,0.4238544018752484,genomic_traits+gtdb_distance+rrna16s
3300009566_18,0.41884947,2617831.0,0.5665610194088159,genomic_traits+gtdb_distance
3300029362_18,0.4189438,2564902.0,0.4336563346279897,genomic_traits+gtdb_distance+rrna16s
3300011223_2,0.41899726,4749328.0,0.3689934660229826,genomic_traits+gtdb_distance+rrna16s
3300029772_12,0.41905025,2896541.0,0.4663976791628359,genomic_traits+gtdb_distance+rrna16s
3300007498_7,0.4190651,3797744.0,0.4539618784204517,genomic_traits+gtdb_distance+rrna16s
3300008556_10,0.41919184,1817191.0,0.368141268584315,genomic_traits+gtdb_distance+rrna16s
3300008101_41,0.4192122,1129259.0,0.2490916609918539,genomic_traits+gtdb_distance
3300029433_14,0.41921556,2462222.0,0.4321279722137159,genomic_traits+gtdb_distance+rrna16s
3300014690_3,0.41937092,5210007.0,0.3996929370728292,genomic_traits+gtdb_distance+rrna16s
3300007335_8,0.41945016,2539388.0,0.2676511033367095,genomic_traits+gtdb_distance+rrna16s
3300024339_19,0.41958094,1956020.0,0.4238059938037443,genomic_traits+gtdb_distance+rrna16s
3300027493_3,0.41974357,2273483.0,0.3788996882756545,genomic_traits+gtdb_distance+rrna16s
3300025547_13,0.4197841,1800656.0,0.4242614913675905,genomic_traits+gtdb_distance+rrna16s
3300025664_15,0.41979548,3110115.0,0.6465182155643763,genomic_traits+gtdb_distance
3300029440_6,0.41989046,3611068.0,0.4945251654081286,genomic_traits+gtdb_distance+rrna16s
3300029791_10,0.41996282,2942928.0,0.4287756954978171,genomic_traits+gtdb_distance+rrna16s
3300024306_1,0.41996357,4709027.0,0.478481860477759,genomic_traits+gtdb_distance+rrna16s
3300011681_4,0.42011437,2986376.0,0.4356986528153186,genomic_traits+gtdb_distance+rrna16s
3300029742_17,0.4201726,2598949.0,0.4263488817979883,genomic_traits+gtdb_distance+rrna16s
3300022933_20,0.4201763,2651726.0,0.4379272217416128,genomic_traits+gtdb_distance+rrna16s
3300029788_21,0.42017838,2450931.0,0.449894346270866,genomic_traits+gtdb_distance+rrna16s
3300023292_2,0.420221,1785555.0,0.524314288834564,genomic_traits+gtdb_distance+rrna16s
3300025536_10,0.42027828,2662278.0,0.312000850399545,genomic_traits+gtdb_distance+rrna16s
3300029576_6,0.42047808,4376252.0,0.4520843406641117,genomic_traits+gtdb_distance+rrna16s
3300022865_2,0.42057276,7317156.0,0.4892238186530395,genomic_traits+gtdb_distance+rrna16s
3300027850_78,0.4206184,2691890.0,0.3351229062108778,genomic_traits+gtdb_distance+rrna16s
3300008634_4,0.42075768,2596709.0,0.3966054725423603,genomic_traits+gtdb_distance+rrna16s
3300007976_18,0.4207627,1710793.0,0.3686693831457108,genomic_traits+gtdb_distance+rrna16s
3300006307_7,0.4207759,2518694.0,0.3984926314987053,genomic_traits+gtdb_distance+rrna16s
3300027247_3,0.42082986,2365398.0,0.5150942885721557,genomic_traits+gtdb_distance+rrna16s
3300022823_4,0.42083704,4837568.0,0.4452557566115867,genomic_traits+gtdb_distance+rrna16s
3300029614_13,0.42086992,2877113.0,0.4728893164780111,genomic_traits+gtdb_distance+rrna16s
3300008504_7,0.42103776,1824637.0,0.3668515984275228,genomic_traits+gtdb_distance+rrna16s
3300008334_3,0.42109987,1939505.0,0.3580856971237506,genomic_traits+gtdb_distance+rrna16s
3300008153_9,0.4211212,1875748.0,0.3663978316916771,genomic_traits+gtdb_distance+rrna16s
3300013502_10,0.42113918,3944249.0,0.3554141739023069,genomic_traits+gtdb_distance+rrna16s
3300027754_18,0.4211429,2424960.0,0.3580302355502771,genomic_traits+gtdb_distance+rrna16s
3300029243_10,0.42127174,2537755.0,0.450653431871871,genomic_traits+gtdb_distance+rrna16s
3300012020_6,0.4214007,4776058.0,0.460297802078618,genomic_traits+gtdb_distance+rrna16s
3300022919_6,0.42142513,4203852.0,0.4718270291152019,genomic_traits+gtdb_distance+rrna16s
3300029815_18,0.42150006,2841683.0,0.4323768696226848,genomic_traits+gtdb_distance+rrna16s
3300000325_9,0.42150807,1801805.0,0.4237761577973199,genomic_traits+gtdb_distance+rrna16s
3300025481_6,0.42151254,4091055.0,0.3902382148370041,genomic_traits+gtdb_distance+rrna16s
3300029668_13,0.4215338,2662386.0,0.4297002763686408,genomic_traits+gtdb_distance+rrna16s
3300023256_3,0.42169145,1797328.0,0.5238492918376613,genomic_traits+gtdb_distance+rrna16s
3300026195_20,0.4216951,1860577.0,0.5664054752907297,genomic_traits+gtdb_distance
3300018057_22,0.42173946,2859913.0,0.6260144976438095,genomic_traits+gtdb_distance+rrna16s
3300011587_2,0.4217779,6534355.0,0.3988869597687912,genomic_traits+gtdb_distance+rrna16s
3300029385_12,0.42181104,2713515.0,0.4632504334783482,genomic_traits+gtdb_distance+rrna16s
3300006722_6,0.42203754,3193676.0,0.580749581360163,genomic_traits+gtdb_distance+rrna16s
3300022900_27,0.42206356,2289290.0,0.4485189731314075,genomic_traits+gtdb_distance+rrna16s
3300028634_24,0.42209157,2178004.0,0.4551167031832815,genomic_traits+gtdb_distance+rrna16s
3300020426_2,0.4222365,4420335.0,0.4600133247819453,genomic_traits+gtdb_distance+rrna16s
3300025616_2,0.4222817,3585173.0,0.4649320967216924,genomic_traits+gtdb_distance+rrna16s
3300028298_14,0.42230156,2351027.0,0.4296296894931449,genomic_traits+gtdb_distance+rrna16s
3300008474_3,0.42230517,2036844.0,0.3864188911865612,genomic_traits+gtdb_distance+rrna16s
3300013132_89,0.4224271,2049636.0,0.4704518265682297,genomic_traits+gtdb_distance+rrna16s
3300011225_7,0.42258433,2198988.0,0.4736788013395253,genomic_traits+gtdb_distance+rrna16s
3300024326_5,0.42260987,3061894.0,0.3604259324457345,genomic_traits+gtdb_distance+rrna16s
3300025748_21,0.4226304,2823298.0,0.3764774387967547,genomic_traits+gtdb_distance+rrna16s
3300027980_42,0.4226338,3208419.0,0.3320012130585189,genomic_traits+gtdb_distance+rrna16s
3300023169_3,0.4226807,7267629.0,0.4933529215649285,genomic_traits+gtdb_distance+rrna16s
3300011723_2,0.422698,5721443.0,0.4006047075886275,genomic_traits+gtdb_distance+rrna16s
3300025720_25,0.42272037,2625648.0,0.397731912274608,genomic_traits+gtdb_distance+rrna16s
3300010371_48,0.42273158,2868646.0,0.4526253849377023,genomic_traits+gtdb_distance+rrna16s
3300017470_6,0.42274663,3256073.0,0.4966534841202885,genomic_traits+gtdb_distance+rrna16s
3300011700_2,0.42280194,3463998.0,0.3997661084099933,genomic_traits+gtdb_distance+rrna16s
3300025431_12,0.4228127,1863546.0,0.424842209422252,genomic_traits+gtdb_distance+rrna16s
3300011528_2,0.4228755,2440343.0,0.4479001517409642,genomic_traits+gtdb_distance+rrna16s
3300028177_16,0.42304274,1952911.0,0.4235359419860915,genomic_traits+gtdb_distance+rrna16s
3300026288_8,0.4231334,4410625.0,0.4633824004534504,genomic_traits+gtdb_distance+rrna16s
3300011914_8,0.42336977,1806723.0,0.3624368539062158,genomic_traits+gtdb_distance+rrna16s
3300028559_31,0.4233992,2573616.0,0.54548658385711,genomic_traits+gtdb_distance+rrna16s
3300011877_6,0.42344096,2593048.0,0.4659304417041258,genomic_traits+gtdb_distance+rrna16s
3300026164_6,0.4234764,3600350.0,0.4358506811837738,genomic_traits+gtdb_distance+rrna16s
3300007348_7,0.42364624,2583586.0,0.4034961483767136,genomic_traits+gtdb_distance+rrna16s
3300028188_15,0.42373592,1992127.0,0.423619076494621,genomic_traits+gtdb_distance+rrna16s
3300008537_19,0.42377314,1794534.0,0.3668913489518727,genomic_traits+gtdb_distance+rrna16s
3300029902_14,0.42379183,3259867.0,0.3894671162964624,genomic_traits+gtdb_distance+rrna16s
3300028277_15,0.423837,1977271.0,0.4230912201716406,genomic_traits+gtdb_distance+rrna16s
3300028553_23,0.42396075,3041301.0,0.5115830363387248,genomic_traits+gtdb_distance+rrna16s
3300025287_6,0.42402855,2698844.0,0.5310092024585341,genomic_traits+gtdb_distance+rrna16s
3300029692_12,0.42406446,2668980.0,0.4481146355536572,genomic_traits+gtdb_distance+rrna16s
3300011368_1,0.424213,2409196.0,0.5677188572453217,genomic_traits+gtdb_distance+rrna16s
3300025376_3,0.42425558,2533989.0,0.4805802235132039,genomic_traits+gtdb_distance
3300007296_7,0.42430568,3449364.0,0.3868394289498006,genomic_traits+gtdb_distance+rrna16s
3300026516_24,0.42432326,4318049.0,0.4628164247325586,genomic_traits+gtdb_distance+rrna16s
3300011146_5,0.42433223,2537656.0,0.3928743691028256,genomic_traits+gtdb_distance+rrna16s
3300025605_30,0.42433676,1994663.0,0.5009788620934965,genomic_traits+gtdb_distance+rrna16s
3300006458_8,0.42447487,2400430.0,0.4044642001641372,genomic_traits+gtdb_distance+rrna16s
3300011869_5,0.4244893,3131521.0,0.3156118065310754,genomic_traits+gtdb_distance+rrna16s
3300025832_12,0.42464694,2760888.0,0.4451748857613927,genomic_traits+gtdb_distance+rrna16s
3300011956_3,0.4246504,3221367.0,0.3151913457858108,genomic_traits+gtdb_distance+rrna16s
3300008638_17,0.4246572,1713022.0,0.3690962521205215,genomic_traits+gtdb_distance+rrna16s
3300025699_17,0.4249381,2779895.0,0.4448617663616791,genomic_traits+gtdb_distance+rrna16s
3300026283_13,0.4249386,3117334.0,0.3859076377443033,genomic_traits+gtdb_distance+rrna16s
3300029418_11,0.42503965,2707187.0,0.4281344436125026,genomic_traits+gtdb_distance+rrna16s
3300014688_5,0.42512637,2564460.0,0.448876566606615,genomic_traits+gtdb_distance+rrna16s
3300009767_13,0.42538893,3367633.0,0.4885054279964592,genomic_traits+gtdb_distance+rrna16s
3300008454_20,0.42540956,1766467.0,0.3641460610359548,genomic_traits+gtdb_distance+rrna16s
3300008078_4,0.4254437,2034851.0,0.3878922830221967,genomic_traits+gtdb_distance+rrna16s
3300029841_12,0.42576715,2814104.0,0.4254359469301774,genomic_traits+gtdb_distance+rrna16s
3300025640_32,0.42580006,1835894.0,0.4529335571661544,genomic_traits+gtdb_distance+rrna16s
3300022884_9,0.42580187,1735816.0,0.5245579024504902,genomic_traits+gtdb_distance+rrna16s
3300025393_8,0.42582485,3439051.0,0.3929508460328154,genomic_traits+gtdb_distance+rrna16s
3300008403_2,0.42586085,3198687.0,0.3831725329799383,genomic_traits+gtdb_distance+rrna16s
3300008096_46,0.42589852,1122214.0,0.2641430244142382,genomic_traits+gtdb_distance
3300029125_12,0.42597443,2493400.0,0.4296226036736986,genomic_traits+gtdb_distance+rrna16s
3300011834_5,0.42602065,2942552.0,0.4193502782618625,genomic_traits+gtdb_distance+rrna16s
3300028287_19,0.4260261,1947527.0,0.4238138932091827,genomic_traits+gtdb_distance+rrna16s
3300027690_22,0.42603797,4064427.0,0.3446894236260117,genomic_traits+gtdb_distance+rrna16s
3300029433_17,0.42619067,2299710.0,0.3330724308717186,genomic_traits+gtdb_distance+rrna16s
3300029349_3,0.4262624,4153719.0,0.418822265059336,genomic_traits+gtdb_distance+rrna16s
3300014091_3,0.4262954,3827802.0,0.3888312404873606,genomic_traits+gtdb_distance+rrna16s
3300021092_47,0.42666906,2060496.0,0.411065588091411,genomic_traits+gtdb_distance+rrna16s
3300011223_1,0.42671278,5432576.0,0.3998462239644691,genomic_traits+gtdb_distance+rrna16s
3300029871_19,0.42675737,2387148.0,0.4325705821339942,genomic_traits+gtdb_distance+rrna16s
3300005253_8,0.42710575,4609893.0,0.3437346593510956,genomic_traits+gtdb_distance+rrna16s
3300025266_13,0.4271145,2594969.0,0.427432466437942,genomic_traits+gtdb_distance+rrna16s
3300029825_26,0.42718676,1818752.0,0.4784357625448659,genomic_traits+gtdb_distance+rrna16s
3300011976_16,0.4272553,2099077.0,0.3866728090489296,genomic_traits+gtdb_distance+rrna16s
3300006742_5,0.42726088,1920942.0,0.341985859021251,genomic_traits+gtdb_distance+rrna16s
3300027951_25,0.42729962,2653324.0,0.3599681003903028,genomic_traits+gtdb_distance+rrna16s
3300024258_18,0.427372,1927070.0,0.4239145438411682,genomic_traits+gtdb_distance+rrna16s
3300014026_14,0.4274036,2411770.0,0.4549219038299672,genomic_traits+gtdb_distance+rrna16s
3300029546_9,0.42749572,3412413.0,0.4874873000425212,genomic_traits+gtdb_distance+rrna16s
3300008082_2,0.42761067,2860617.0,0.3877079664981366,genomic_traits+gtdb_distance+rrna16s
3300007297_17,0.42761433,1766548.0,0.3681371805351454,genomic_traits+gtdb_distance+rrna16s
3300003894_33,0.42770693,2025079.0,0.4443426651503472,genomic_traits+gtdb_distance+rrna16s
3300025727_26,0.4277103,1877515.0,0.4240275044407102,genomic_traits+gtdb_distance+rrna16s
3300011888_5,0.42771772,2682720.0,0.5416424375260929,genomic_traits+gtdb_distance+rrna16s
3300007299_10,0.42778394,2722708.0,0.4275746793266116,genomic_traits+gtdb_distance+rrna16s
3300007335_13,0.42788547,2089481.0,0.3853105149077689,genomic_traits+gtdb_distance+rrna16s
3300006292_25,0.42803848,1614656.0,0.3680833564548733,genomic_traits+gtdb_distance+rrna16s
3300017649_16,0.42811474,2789722.0,0.534592694182431,genomic_traits+gtdb_distance+rrna16s
3300029128_12,0.42832506,2576178.0,0.4301853365722399,genomic_traits+gtdb_distance+rrna16s
3300025643_7,0.42849633,3137139.0,0.4360218020304487,genomic_traits+gtdb_distance+rrna16s
3300029771_8,0.42852136,2837732.0,0.4250831297670111,genomic_traits+gtdb_distance+rrna16s
3300027220_1,0.42858502,2135993.0,0.51585843212033,genomic_traits+gtdb_distance+rrna16s
3300029004_5,0.42858785,2073832.0,0.3867810893071377,genomic_traits+gtdb_distance+rrna16s
3300020295_11,0.42883566,1946310.0,0.4290667981976149,genomic_traits+gtdb_distance+rrna16s
3300021133_3,0.42892402,2357586.0,0.4179677856926534,genomic_traits+gtdb_distance+rrna16s
3300029236_5,0.4289409,3240263.0,0.4356556859736386,genomic_traits+gtdb_distance+rrna16s
3300029435_15,0.42904913,2576999.0,0.4487351372662543,genomic_traits+gtdb_distance+rrna16s
3300008102_6,0.42908353,1984831.0,0.3597515355211602,genomic_traits+gtdb_distance+rrna16s
3300000255_8,0.4291325,1833405.0,0.4240705136071953,genomic_traits+gtdb_distance+rrna16s
3300020222_64,0.42914426,2214921.0,0.5016639419645216,genomic_traits+gtdb_distance+rrna16s
3300026455_1,0.42915043,4509355.0,0.4799287259486113,genomic_traits+gtdb_distance+rrna16s
3300009772_7,0.42921743,3542291.0,0.529024295293639,genomic_traits+gtdb_distance+rrna16s
3300014921_7,0.4292645,2028510.0,0.4214620583581052,genomic_traits+gtdb_distance+rrna16s
3300025698_17,0.42929554,1750727.0,0.5246717506498729,genomic_traits+gtdb_distance+rrna16s
3300025623_18,0.42939946,1836911.0,0.3754945122545404,genomic_traits+gtdb_distance+rrna16s
3300008483_3,0.42940333,3128746.0,0.3826900617691561,genomic_traits+gtdb_distance+rrna16s
3300021091_56,0.429514,2178395.0,0.4103273281475582,genomic_traits+gtdb_distance+rrna16s
3300011974_21,0.42954117,1752278.0,0.4358554978148444,genomic_traits+gtdb_distance+rrna16s
3300006249_6,0.42958885,2736574.0,0.401778281895538,genomic_traits+gtdb_distance+rrna16s
3300025086_3,0.42972425,3772859.0,0.5925972849767246,genomic_traits+gtdb_distance+rrna16s
3300019750_1,0.42987847,1530718.0,0.3331822059974469,genomic_traits+gtdb_distance
3300020189_29,0.42996734,2651910.0,0.413188984543216,genomic_traits+gtdb_distance+rrna16s
3300020221_46,0.4299739,2531410.0,0.4811073670405031,genomic_traits+gtdb_distance+rrna16s
3300029215_5,0.4299849,3410337.0,0.4547708921435037,genomic_traits+gtdb_distance+rrna16s
3300029577_8,0.43009055,4663224.0,0.4515436101718468,genomic_traits+gtdb_distance+rrna16s
3300011889_8,0.43020374,2405777.0,0.4479845804494764,genomic_traits+gtdb_distance+rrna16s
3300025772_21,0.4303447,2456183.0,0.3958988397851463,genomic_traits+gtdb_distance+rrna16s
3300024953_7,0.43041793,3983486.0,,genomic_traits+gtdb_distance+rrna16s
3300012821_7,0.4305813,4735121.0,0.4799594350387244,genomic_traits+gtdb_distance+rrna16s
3300020603_65,0.4306031,2204265.0,0.5015894186951206,genomic_traits+gtdb_distance+rrna16s
3300005838_15,0.43070427,2640062.0,0.4381484222719012,genomic_traits+gtdb_distance+rrna16s
3300027509_36,0.43077275,2113796.0,0.3160697626450234,genomic_traits+gtdb_distance+rrna16s
3300027241_2,0.43081436,2327247.0,0.5154579638517097,genomic_traits+gtdb_distance+rrna16s
3300014720_46,0.43086517,2103146.0,0.4702707277573692,genomic_traits+gtdb_distance+rrna16s
3300013502_18,0.43091387,3187468.0,0.5081751408955322,genomic_traits+gtdb_distance+rrna16s
3300027305_3,0.43092296,2119958.0,0.5155771953972673,genomic_traits+gtdb_distance+rrna16s
3300003272_7,0.43103442,5316513.0,0.4914727002454428,genomic_traits+gtdb_distance+rrna16s
3300021091_49,0.43104443,2422420.0,0.4703948943618365,genomic_traits+gtdb_distance+rrna16s
3300014068_4,0.43106127,2610713.0,0.4374138405868435,genomic_traits+gtdb_distance+rrna16s
3300025881_25,0.4310685,2987467.0,0.5316785089174206,genomic_traits+gtdb_distance+rrna16s
3300029117_11,0.43109035,2461482.0,0.5351284307583806,genomic_traits+gtdb_distance+rrna16s
3300014001_1,0.43115956,3967058.0,0.3862421472032927,genomic_traits+gtdb_distance+rrna16s
3300027051_7,0.43120307,3455943.0,0.5133273320769469,genomic_traits+gtdb_distance+rrna16s
3300029441_17,0.43122014,2554473.0,0.3959748253357933,genomic_traits+gtdb_distance+rrna16s
3300029230_6,0.4312866,3547388.0,0.4538632368379213,genomic_traits+gtdb_distance+rrna16s
3300020213_14,0.43138763,4632023.0,0.4404295919946857,genomic_traits+gtdb_distance+rrna16s
3300011895_5,0.43156788,3506640.0,0.4061243811740013,genomic_traits+gtdb_distance+rrna16s
3300025881_30,0.431599,2657449.0,0.4456721464833379,genomic_traits+gtdb_distance+rrna16s
3300011928_2,0.43160763,3165175.0,0.3847322817853673,genomic_traits+gtdb_distance+rrna16s
3300011809_1,0.43168664,6747169.0,0.3978034342996299,genomic_traits+gtdb_distance+rrna16s
3300024500_1,0.4317913,4226577.0,0.4808612264723912,genomic_traits+gtdb_distance+rrna16s
3300008534_5,0.43181732,2121902.0,0.4929473651469295,genomic_traits+gtdb_distance+rrna16s
3300011593_3,0.43184015,3900305.0,0.3863615794149432,genomic_traits+gtdb_distance+rrna16s
3300029441_12,0.43184128,2803368.0,0.5280444807816883,genomic_traits+gtdb_distance+rrna16s
3300020361_19,0.43192554,1813100.0,0.4289465556229662,genomic_traits+gtdb_distance+rrna16s
3300029781_5,0.4319365,3203306.0,0.4930400030468522,genomic_traits+gtdb_distance+rrna16s
3300025855_16,0.43198484,3626868.0,0.3818024256741629,genomic_traits+gtdb_distance+rrna16s
3300025740_46,0.43201187,2018179.0,0.3983447454363562,genomic_traits+gtdb_distance+rrna16s
3300007650_4,0.4320158,4103727.0,0.4554452574452443,genomic_traits+gtdb_distance+rrna16s
3300021376_35,0.43213597,2956283.0,0.5542777873430926,genomic_traits+gtdb_distance+rrna16s
3300014050_12,0.43215492,1971414.0,0.4045350190269522,genomic_traits+gtdb_distance+rrna16s
3300010428_48,0.43215606,1443095.0,0.5056125896077528,genomic_traits+gtdb_distance
3300011516_2,0.43216363,2488216.0,0.4490679265787214,genomic_traits+gtdb_distance+rrna16s
3300013853_3,0.43228436,3849848.0,0.3870768404362977,genomic_traits+gtdb_distance+rrna16s
3300029384_13,0.4324172,2687625.0,0.4634876517371285,genomic_traits+gtdb_distance+rrna16s
3300007736_5,0.43241793,2345334.0,0.4060845917894849,genomic_traits+gtdb_distance+rrna16s
3300007296_5,0.43241954,3827006.0,0.4665409461077406,genomic_traits+gtdb_distance+rrna16s
3300013729_2,0.43247068,5875933.0,0.4000707632302819,genomic_traits+gtdb_distance+rrna16s
3300025886_12,0.43252522,3960850.0,0.5154726889430299,genomic_traits+gtdb_distance+rrna16s
3300020190_52,0.4326507,2086838.0,0.4115992712419459,genomic_traits+gtdb_distance+rrna16s
3300022923_28,0.43282297,2291855.0,0.4482403991526514,genomic_traits+gtdb_distance+rrna16s
3300025161_47,0.43288776,2867469.0,0.4121219793483382,genomic_traits+gtdb_distance+rrna16s
3300014095_7,0.43297678,2915613.0,0.4209025683449758,genomic_traits+gtdb_distance+rrna16s
3300020220_47,0.4331963,3075084.0,0.5506753636648625,genomic_traits+gtdb_distance+rrna16s
3300029340_17,0.43328136,2258227.0,0.386220694376606,genomic_traits+gtdb_distance+rrna16s
3300029116_15,0.43328404,2494832.0,0.5845483784078447,genomic_traits+gtdb_distance+rrna16s
3300008638_5,0.43328494,2683274.0,0.4291589304707607,genomic_traits+gtdb_distance+rrna16s
3300011373_1,0.4333739,3444281.0,0.4002257655516492,genomic_traits+gtdb_distance+rrna16s
3300027815_50,0.4334298,2274042.0,0.5065658417918403,genomic_traits+gtdb_distance+rrna16s
3300028582_29,0.43350387,2350345.0,0.3919611801671669,genomic_traits+gtdb_distance
3300005529_66,0.43350834,3416649.0,0.5398371328163941,genomic_traits+gtdb_distance+rrna16s
3300024256_15,0.43353838,2412971.0,0.5350395839817387,genomic_traits+gtdb_distance+rrna16s
3300017470_7,0.4336371,3224506.0,0.5714047361053135,genomic_traits+gtdb_distance+rrna16s
3300029441_7,0.43382367,4380379.0,0.4541116191087574,genomic_traits+gtdb_distance+rrna16s
3300020723_7,0.43384406,2670476.0,0.5187610748046416,genomic_traits+gtdb_distance+rrna16s
3300029354_13,0.4340545,2708343.0,0.3777516363326211,genomic_traits+gtdb_distance+rrna16s
3300026185_2,0.4342682,7846125.0,0.5258418646146983,genomic_traits+gtdb_distance+rrna16s
3300007646_4,0.43430883,3405568.0,0.4719027780387882,genomic_traits+gtdb_distance+rrna16s
3300029436_20,0.4343255,2414282.0,0.5374976908248498,genomic_traits+gtdb_distance+rrna16s
3300008418_7,0.43436012,1711940.0,0.3593502108718763,genomic_traits+gtdb_distance+rrna16s
3300027847_31,0.43442234,2823920.0,0.4153092155585144,genomic_traits+gtdb_distance+rrna16s
3300014733_4,0.4344698,2480203.0,0.436790859457875,genomic_traits+gtdb_distance+rrna16s
3300025685_17,0.43458045,1933247.0,0.3885463161199785,genomic_traits+gtdb_distance+rrna16s
3300022401_4,0.4346038,3248069.0,0.39542047906002,genomic_traits+gtdb_distance+rrna16s
3300007335_20,0.43471494,1743187.0,0.36428334997909,genomic_traits+gtdb_distance+rrna16s
3300029706_16,0.4349042,2410094.0,0.4576468801631803,genomic_traits+gtdb_distance+rrna16s
3300020139_19,0.4349496,2610809.0,0.3853173479944339,genomic_traits+gtdb_distance+rrna16s
3300020179_46,0.43495277,2115411.0,0.4650117636714567,genomic_traits+gtdb_distance+rrna16s
3300020603_55,0.43496406,2574137.0,0.4671014013628645,genomic_traits+gtdb_distance+rrna16s
3300011988_20,0.4349808,1879171.0,0.3565013508616299,genomic_traits+gtdb_distance+rrna16s
3300006462_2,0.43502986,2427315.0,0.404258202993843,genomic_traits+gtdb_distance+rrna16s
3300008556_1,0.4350607,3050638.0,0.4066496909826731,genomic_traits+gtdb_distance+rrna16s
3300027328_27,0.4352055,1798313.0,0.5038444364245823,genomic_traits+gtdb_distance+rrna16s
3300025666_9,0.43527398,2953731.0,0.3873944512888953,genomic_traits+gtdb_distance+rrna16s
3300027763_4,0.43529323,4146705.0,0.3572954912394299,genomic_traits+gtdb_distance+rrna16s
3300007210_10,0.43531573,2416337.0,0.6295582942279988,genomic_traits+gtdb_distance+rrna16s
3300013127_12,0.4353357,3030105.0,0.4823855938985613,genomic_traits+gtdb_distance+rrna16s
3300025822_12,0.43545508,2697467.0,0.445641781715958,genomic_traits+gtdb_distance+rrna16s
3300028173_10,0.4354747,1963026.0,0.4240218927309164,genomic_traits+gtdb_distance+rrna16s
3300007980_4,0.43549186,2474476.0,0.3967482408396767,genomic_traits+gtdb_distance+rrna16s
3300024954_4,0.43559042,2869748.0,0.5103887170580832,genomic_traits+gtdb_distance+rrna16s
3300026253_8,0.435635,4662997.0,0.4875808412486647,genomic_traits+gtdb_distance+rrna16s
3300014010_1,0.4358139,3139295.0,0.330818225111052,genomic_traits+gtdb_distance+rrna16s
3300029526_5,0.43601355,2321639.0,0.5399392411998593,genomic_traits+gtdb_distance+rrna16s
3300022916_29,0.43610558,1954943.0,0.4239750212666047,genomic_traits+gtdb_distance+rrna16s
3300011759_3,0.43643337,3735060.0,0.3493014837780384,genomic_traits+gtdb_distance+rrna16s
3300011665_4,0.43644014,4411967.0,0.4141347838730435,genomic_traits+gtdb_distance+rrna16s
3300027391_29,0.4365323,2055976.0,0.5027933205445978,genomic_traits+gtdb_distance+rrna16s
3300025676_22,0.43665612,1849562.0,0.4232396643097122,genomic_traits+gtdb_distance+rrna16s
3300012090_19,0.4373482,3335673.0,0.5121695082221789,genomic_traits+gtdb_distance+rrna16s
3300022871_5,0.43741593,1792085.0,0.5241626373749013,genomic_traits+gtdb_distance+rrna16s
3300028602_29,0.43747655,2671477.0,0.4777772745189271,genomic_traits+gtdb_distance+rrna16s
3300029612_15,0.43749648,2785399.0,0.4281357895224346,genomic_traits+gtdb_distance+rrna16s
3300029339_17,0.43749982,2617031.0,0.4300984589024738,genomic_traits+gtdb_distance+rrna16s
3300017429_5,0.43754113,3286596.0,0.474739213459762,genomic_traits+gtdb_distance+rrna16s
3300029851_9,0.437572,3198450.0,0.4529922306117025,genomic_traits+gtdb_distance+rrna16s
3300026457_1,0.4375732,4622388.0,0.4784131059530269,genomic_traits+gtdb_distance+rrna16s
3300002039_10,0.43758625,4504323.0,0.5121015966217343,genomic_traits+gtdb_distance+rrna16s
3300023034_1,0.43779516,2466554.0,0.3672005559172838,genomic_traits+gtdb_distance+rrna16s
3300026479_8,0.4378639,2529025.0,0.50467512183549,genomic_traits+gtdb_distance+rrna16s
3300011215_8,0.4379311,2946123.0,0.4684414058747717,genomic_traits+gtdb_distance+rrna16s
3300027498_13,0.43811026,4312883.0,0.3669614965210046,genomic_traits+gtdb_distance+rrna16s
3300025859_26,0.4381555,2825209.0,0.5007880832887054,genomic_traits+gtdb_distance+rrna16s
3300027850_55,0.43822008,3533316.0,0.5431096454435437,genomic_traits+gtdb_distance+rrna16s
3300012241_4,0.43822694,3075353.0,0.4171017115758744,genomic_traits+gtdb_distance+rrna16s
3300011471_3,0.43827173,2623112.0,0.4351636529435266,genomic_traits+gtdb_distance+rrna16s
3300011357_3,0.43835685,2989909.0,0.4173147075713675,genomic_traits+gtdb_distance+rrna16s
3300025713_44,0.43841374,1846821.0,0.4596882968084075,genomic_traits+gtdb_distance+rrna16s
3300022931_25,0.43846786,1906515.0,0.424812288390073,genomic_traits+gtdb_distance+rrna16s
3300008565_11,0.43855742,1803427.0,0.3650156063982628,genomic_traits+gtdb_distance+rrna16s
3300029252_5,0.43864435,3049076.0,0.4938230467197275,genomic_traits+gtdb_distance+rrna16s
3300007501_21,0.43867388,1975169.0,0.3866145124796916,genomic_traits+gtdb_distance+rrna16s
3300003281_5,0.43877113,4250221.0,0.4803987839691159,genomic_traits+gtdb_distance+rrna16s
3300022864_8,0.43898958,1748321.0,0.5240416376626489,genomic_traits+gtdb_distance+rrna16s
3300021388_4,0.43899047,7525190.0,0.5318255087246967,genomic_traits+gtdb_distance+rrna16s
3300022888_21,0.43902975,1975451.0,0.4235260707554882,genomic_traits+gtdb_distance+rrna16s
3300024236_4,0.43911597,2889777.0,0.3607925455839672,genomic_traits+gtdb_distance+rrna16s
3300026561_5,0.43915284,3936850.0,0.6381027979221967,genomic_traits+gtdb_distance+rrna16s
3300025623_19,0.43919805,1831138.0,0.4238752076577516,genomic_traits+gtdb_distance+rrna16s
3300029399_10,0.4392237,2416144.0,0.5110622545676086,genomic_traits+gtdb_distance+rrna16s
3300011896_1,0.43926644,5079087.0,0.2875400637949301,genomic_traits+gtdb_distance+rrna16s
3300021486_5,0.43927652,2917365.0,0.4963948631727603,genomic_traits+gtdb_distance+rrna16s
3300029445_20,0.43946597,2819277.0,0.4537844277096575,genomic_traits+gtdb_distance+rrna16s
3300008676_3,0.43947044,4219591.0,0.4318292934078208,genomic_traits+gtdb_distance+rrna16s
3300024292_7,0.43969375,2513647.0,0.507830654025804,genomic_traits+gtdb_distance+rrna16s
3300020203_18,0.43978122,3447222.0,0.5456811310672768,genomic_traits+gtdb_distance+rrna16s
3300025525_12,0.43984005,3189801.0,0.4429790447742665,genomic_traits+gtdb_distance+rrna16s
3300015024_24,0.43990925,3610085.0,0.3483629886830919,genomic_traits+gtdb_distance+rrna16s
3300007039_3,0.43991262,1740064.0,0.38617200286886,genomic_traits+gtdb_distance+rrna16s
3300010287_45,0.44003248,1808633.0,0.3424680407799703,genomic_traits+gtdb_distance+rrna16s
3300029780_15,0.44029537,2098987.0,0.4598122808764418,genomic_traits+gtdb_distance+rrna16s
3300029186_10,0.44043058,2833173.0,0.4256189085523545,genomic_traits+gtdb_distance+rrna16s
3300023236_4,0.44054872,4384507.0,0.4792260566581374,genomic_traits+gtdb_distance+rrna16s
3300025654_12,0.44057262,2733724.0,0.4454103632992943,genomic_traits+gtdb_distance+rrna16s
3300029675_14,0.44057566,2153997.0,0.3871978466079572,genomic_traits+gtdb_distance+rrna16s
3300020186_23,0.44058833,3199841.0,0.5044903793657247,genomic_traits+gtdb_distance+rrna16s
3300011900_2,0.44065744,6227870.0,0.4033578093312802,genomic_traits+gtdb_distance+rrna16s
3300025596_16,0.44070655,1813504.0,0.4245400065287973,genomic_traits+gtdb_distance+rrna16s
3300029527_11,0.4407141,2460074.0,0.3108768272824313,genomic_traits+gtdb_distance+rrna16s
3300025393_6,0.4407395,3585461.0,0.334117147000065,genomic_traits+gtdb_distance+rrna16s
3300029581_14,0.4408283,2034206.0,0.3884282122852848,genomic_traits+gtdb_distance+rrna16s
3300029536_8,0.44090503,3319753.0,0.5798976610609283,genomic_traits+gtdb_distance+rrna16s
3300013771_11,0.44099024,3929451.0,0.3838701640509068,genomic_traits+gtdb_distance+rrna16s
3300009702_21,0.441049,4408905.0,0.5545959824491569,genomic_traits+gtdb_distance+rrna16s
3300029584_22,0.4411441,2135140.0,0.5350895023277162,genomic_traits+gtdb_distance+rrna16s
3300011981_14,0.4411735,2067571.0,0.4296128161983313,genomic_traits+gtdb_distance+rrna16s
3300025858_10,0.44124603,4040844.0,0.3353878546165108,genomic_traits+gtdb_distance+rrna16s
3300025052_4,0.44126862,4170205.0,0.6211725802448561,genomic_traits+gtdb_distance+rrna16s
3300014787_6,0.4414505,2583304.0,0.539515674500562,genomic_traits+gtdb_distance+rrna16s
3300011922_4,0.44152153,4487919.0,0.372690772716709,genomic_traits+gtdb_distance+rrna16s
3300010368_5,0.44176733,4086882.0,0.3869874393241596,genomic_traits+gtdb_distance+rrna16s
3300007043_9,0.44180122,2617266.0,0.473276694076949,genomic_traits+gtdb_distance+rrna16s
3300028553_24,0.44180828,3018230.0,0.5358100608634863,genomic_traits+gtdb_distance+rrna16s
3300025678_34,0.4418515,2205048.0,0.3298581255374033,genomic_traits+gtdb_distance+rrna16s
3300015214_24,0.44245347,3600806.0,0.501094199465342,genomic_traits+gtdb_distance+rrna16s
3300027128_8,0.44247597,2156743.0,0.3782393173410091,genomic_traits+gtdb_distance+rrna16s
3300013753_8,0.4425675,3261580.0,0.474064717100301,genomic_traits+gtdb_distance+rrna16s
3300006322_8,0.44274563,2317501.0,0.5409430244043044,genomic_traits+gtdb_distance+rrna16s
3300028959_7,0.44277734,4375090.0,0.4296041909994994,genomic_traits+gtdb_distance+rrna16s
3300024327_22,0.4428639,1966546.0,0.423957029227895,genomic_traits+gtdb_distance+rrna16s
3300014640_1,0.4429864,5876946.0,0.3979864712046018,genomic_traits+gtdb_distance+rrna16s
3300029463_3,0.4432038,4613680.0,0.4507683671169218,genomic_traits+gtdb_distance+rrna16s
3300025707_28,0.44327095,1849999.0,0.4243121212497953,genomic_traits+gtdb_distance+rrna16s
3300025770_29,0.44327122,1859253.0,0.4233786364738957,genomic_traits+gtdb_distance+rrna16s
3300025622_17,0.4432968,1835340.0,0.4242652587531466,genomic_traits+gtdb_distance+rrna16s
3300028630_24,0.44341165,2393917.0,0.3972598047467811,genomic_traits+gtdb_distance+rrna16s
3300011386_4,0.44344276,3868233.0,0.3876470212626798,genomic_traits+gtdb_distance+rrna16s
3300029058_18,0.4434616,1993159.0,0.496881081740092,genomic_traits+gtdb_distance+rrna16s
3300029017_7,0.4435077,2447735.0,0.3172945600728837,genomic_traits+gtdb_distance+rrna16s
3300011689_2,0.44361997,2796709.0,0.5850787479140661,genomic_traits+gtdb_distance+rrna16s
3300008134_16,0.4436285,1779013.0,0.3632716568119513,genomic_traits+gtdb_distance+rrna16s
3300006566_7,0.44363877,2387884.0,0.4223429613833838,genomic_traits+gtdb_distance+rrna16s
3300028978_2,0.4437406,4090527.0,0.4542935421279458,genomic_traits+gtdb_distance+rrna16s
3300029892_3,0.44383508,3983885.0,0.5258756214097545,genomic_traits+gtdb_distance+rrna16s
3300029928_7,0.44384637,2675513.0,0.4914836892962209,genomic_traits+gtdb_distance+rrna16s
3300029379_13,0.44406724,2663120.0,0.463609976268437,genomic_traits+gtdb_distance+rrna16s
3300009566_5,0.44430983,4679606.0,0.5540710051230808,genomic_traits+gtdb_distance+rrna16s
3300020196_52,0.44431266,2060242.0,0.430208684222533,genomic_traits+gtdb_distance+rrna16s
3300021484_3,0.44437554,2857173.0,0.4958684685876564,genomic_traits+gtdb_distance+rrna16s
3300012682_11,0.44445935,4917206.0,0.6416129403567798,genomic_traits+gtdb_distance
3300020153_26,0.44447976,2751047.0,0.4117788609209512,genomic_traits+gtdb_distance+rrna16s
3300029759_17,0.44462964,2433022.0,0.5104844921254308,genomic_traits+gtdb_distance+rrna16s
3300025869_29,0.44467357,2325120.0,0.5069325454170107,genomic_traits+gtdb_distance+rrna16s
3300014948_5,0.4447016,3366311.0,0.4543222536479844,genomic_traits+gtdb_distance+rrna16s
3300026519_23,0.44471458,3102985.0,0.4939824072626841,genomic_traits+gtdb_distance+rrna16s
3300014586_1,0.4447649,6799240.0,0.3986001376624446,genomic_traits+gtdb_distance+rrna16s
3300024311_4,0.44478,3443715.0,0.5251099466709643,genomic_traits+gtdb_distance+rrna16s
3300013469_1,0.44480172,3328652.0,0.4005822777508733,genomic_traits+gtdb_distance+rrna16s
3300008082_8,0.44480333,2131180.0,0.3863549770549648,genomic_traits+gtdb_distance+rrna16s
3300029445_22,0.44482225,2541586.0,0.4489472321613355,genomic_traits+gtdb_distance+rrna16s
3300029559_13,0.44484755,2560916.0,0.4497226773545091,genomic_traits+gtdb_distance+rrna16s
3300029533_9,0.44489697,2277638.0,0.5786880970549315,genomic_traits+gtdb_distance+rrna16s
3300026093_5,0.4449367,3641572.0,0.5136625061923806,genomic_traits+gtdb_distance+rrna16s
3300028624_20,0.4450334,2475968.0,0.3977204067257735,genomic_traits+gtdb_distance+rrna16s
3300025702_22,0.4450407,2455146.0,0.5073384637817873,genomic_traits+gtdb_distance+rrna16s
3300025832_23,0.4450584,1907960.0,0.3552280970250949,genomic_traits+gtdb_distance+rrna16s
3300009704_13,0.44517013,3223575.0,0.3925536089589974,genomic_traits+gtdb_distance+rrna16s
3300027951_16,0.44525716,4093036.0,0.5082738094656387,genomic_traits+gtdb_distance+rrna16s
3300022177_24,0.44535404,2979989.0,0.5526745232952203,genomic_traits+gtdb_distance+rrna16s
3300024260_20,0.44537938,1956612.0,0.4238903778572349,genomic_traits+gtdb_distance+rrna16s
3300025730_43,0.4454204,2474422.0,0.4614010867992606,genomic_traits+gtdb_distance+rrna16s
3300014799_11,0.44551936,2342968.0,0.3135599803326379,genomic_traits+gtdb_distance+rrna16s
3300029631_1,0.4455254,4379972.0,0.3912079803249884,genomic_traits+gtdb_distance+rrna16s
3300023234_7,0.44555673,1681376.0,0.5247469929391165,genomic_traits+gtdb_distance+rrna16s
3300027777_22,0.44557288,2624092.0,0.537245645350849,genomic_traits+gtdb_distance+rrna16s
3300024329_6,0.44562832,2941079.0,0.3607036737197471,genomic_traits+gtdb_distance+rrna16s
3300011950_1,0.44585904,5822866.0,0.3970336944040958,genomic_traits+gtdb_distance+rrna16s
3300006299_2,0.44594705,3935300.0,0.4341046425939572,genomic_traits+gtdb_distance+rrna16s
3300020187_29,0.44611892,2535797.0,0.5666865289295634,genomic_traits+gtdb_distance+rrna16s
3300029235_10,0.44621894,2739982.0,0.4288951533258248,genomic_traits+gtdb_distance+rrna16s
3300011618_2,0.44627187,3571050.0,0.4002878705142745,genomic_traits+gtdb_distance+rrna16s
3300025902_9,0.4463678,4048458.0,0.4962257234729865,genomic_traits+gtdb_distance+rrna16s
3300020084_39,0.4463846,2385068.0,0.4329037998078042,genomic_traits+gtdb_distance+rrna16s
3300029365_38,0.4464946,1914731.0,0.5088187322396723,genomic_traits+gtdb_distance+rrna16s
3300014941_5,0.4465894,2223582.0,0.3156389105506341,genomic_traits+gtdb_distance+rrna16s
3300011739_6,0.44692105,3678395.0,0.3255892855443746,genomic_traits+gtdb_distance+rrna16s
3300024301_27,0.44703278,2113763.0,0.5045972514420964,genomic_traits+gtdb_distance+rrna16s
3300027770_2,0.4471015,6926765.0,0.6048878516883422,genomic_traits+gtdb_distance+rrna16s
3300011710_1,0.44728437,5941776.0,0.3974707225583731,genomic_traits+gtdb_distance+rrna16s
3300027607_31,0.4473877,4312590.0,0.4455749329289359,genomic_traits+gtdb_distance+rrna16s
3300024257_14,0.44742748,2428328.0,0.534622176246372,genomic_traits+gtdb_distance+rrna16s
3300012936_36,0.44755903,1811191.0,0.4659663171912846,genomic_traits+gtdb_distance+rrna16s
3300011894_4,0.4475792,4259126.0,0.4133340971833188,genomic_traits+gtdb_distance+rrna16s
3300008421_6,0.44778433,3873284.0,0.4560620909801605,genomic_traits+gtdb_distance+rrna16s
3300007354_3,0.4478458,7393142.0,0.4966959920423549,genomic_traits+gtdb_distance+rrna16s
3300007119_17,0.4478506,1807822.0,0.3631419464969449,genomic_traits+gtdb_distance+rrna16s
3300028175_14,0.44787958,1970997.0,0.4236054139098131,genomic_traits+gtdb_distance+rrna16s
3300025660_25,0.44793853,1979849.0,0.3746765536159576,genomic_traits+gtdb_distance+rrna16s
3300002092_2,0.4479386,4362400.0,0.4082264349899138,genomic_traits+gtdb_distance+rrna16s
3300029376_15,0.44796497,2605818.0,0.4288472947842098,genomic_traits+gtdb_distance+rrna16s
3300020692_4,0.44799712,1789336.0,0.4213222111442457,genomic_traits+gtdb_distance+rrna16s
3300024509_3,0.44821635,4825977.0,0.4781813091939725,genomic_traits+gtdb_distance+rrna16s
3300007288_1,0.44822237,4153638.0,0.4549455200477268,genomic_traits+gtdb_distance+rrna16s
3300021603_38,0.44835275,2125170.0,0.555785184244084,genomic_traits+gtdb_distance
3300019775_6,0.44845143,3609555.0,0.5075210102076295,genomic_traits+gtdb_distance+rrna16s
3300013916_1,0.4485409,4524328.0,0.4147877872691812,genomic_traits+gtdb_distance+rrna16s
3300029822_19,0.44864997,2383509.0,0.5654427988314707,genomic_traits+gtdb_distance
3300027976_29,0.44889244,3997975.0,0.4394342135706201,genomic_traits+gtdb_distance+rrna16s
3300029311_16,0.44911498,2686244.0,0.3759777592802441,genomic_traits+gtdb_distance+rrna16s
3300008483_5,0.44926777,2192272.0,0.3849294248158987,genomic_traits+gtdb_distance+rrna16s
3300029592_9,0.4492779,2710817.0,0.4485975999117609,genomic_traits+gtdb_distance+rrna16s
3300003282_6,0.44941887,3680772.0,0.3977817696939664,genomic_traits+gtdb_distance+rrna16s
3300011482_3,0.44946912,3867857.0,0.3860685645824031,genomic_traits+gtdb_distance+rrna16s
3300029388_12,0.44957036,2478645.0,0.5076350183265453,genomic_traits+gtdb_distance+rrna16s
3300025629_11,0.4495782,2942480.0,0.5279784399554117,genomic_traits+gtdb_distance+rrna16s
3300020074_60,0.4496006,2024351.0,0.4114167948147332,genomic_traits+gtdb_distance+rrna16s
3300029246_13,0.44960526,2330099.0,0.5329159833981303,genomic_traits+gtdb_distance+rrna16s
3300007285_6,0.44965336,2000485.0,0.4278997343144287,genomic_traits+gtdb_distance+rrna16s
3300017518_12,0.44969687,6208999.0,0.5328121328413807,genomic_traits+gtdb_distance+rrna16s
3300025861_25,0.44971776,2773281.0,0.3893431642880761,genomic_traits+gtdb_distance+rrna16s
3300022912_29,0.44978842,2031499.0,0.423265775666146,genomic_traits+gtdb_distance+rrna16s
3300028416_6,0.44979885,2535327.0,0.5070103383113894,genomic_traits+gtdb_distance+rrna16s
3300024226_5,0.44980916,2130857.0,0.5115082804711907,genomic_traits+gtdb_distance+rrna16s
3300024502_2,0.4498967,4440509.0,0.4815409674881866,genomic_traits+gtdb_distance+rrna16s
3300026286_12,0.44995013,3752490.0,0.4103883021673609,genomic_traits+gtdb_distance+rrna16s
3300021092_37,0.45008725,2402161.0,0.5829792424404526,genomic_traits+gtdb_distance+rrna16s
3300011919_2,0.4501337,6911495.0,0.3969646219812067,genomic_traits+gtdb_distance+rrna16s
3300029227_14,0.45019332,2401894.0,0.5865025683897791,genomic_traits+gtdb_distance+rrna16s
3300027672_83,0.45024645,2330155.0,0.4732801036840897,genomic_traits+gtdb_distance+rrna16s
3300024252_20,0.4504209,1940421.0,0.4240327227957232,genomic_traits+gtdb_distance+rrna16s
3300026192_7,0.45043364,2093214.0,0.3968681654145252,genomic_traits+gtdb_distance+rrna16s
3300023244_8,0.45048365,1784037.0,0.5243702905264858,genomic_traits+gtdb_distance+rrna16s
3300027627_8,0.4505595,1736289.0,0.5772823533409472,genomic_traits+gtdb_distance+rrna16s
3300029129_15,0.4505614,2156987.0,0.510661399442834,genomic_traits+gtdb_distance+rrna16s
3300014025_14,0.45057377,2540270.0,0.3959594846217134,genomic_traits+gtdb_distance+rrna16s
3300011915_2,0.4506699,5637366.0,0.3997636484840615,genomic_traits+gtdb_distance+rrna16s
3300025471_23,0.45070893,2227939.0,0.5804930027258376,genomic_traits+gtdb_distance+rrna16s
3300029857_20,0.4507772,2873146.0,0.5089967582573249,genomic_traits+gtdb_distance+rrna16s
3300028189_18,0.4508285,2003461.0,0.4232954871594705,genomic_traits+gtdb_distance+rrna16s
3300013495_3,0.45088503,2583263.0,0.3554198701409806,genomic_traits+gtdb_distance+rrna16s
3300011454_1,0.45089048,4482580.0,0.4141978503451137,genomic_traits+gtdb_distance+rrna16s
3300029414_5,0.4509482,4318203.0,0.4523992966518712,genomic_traits+gtdb_distance+rrna16s
3300029393_7,0.45098114,3721633.0,0.4832029380650913,genomic_traits+gtdb_distance+rrna16s
3300024046_12,0.45100126,2486958.0,0.4958250199641489,genomic_traits+gtdb_distance+rrna16s
3300029325_5,0.4510327,3823222.0,0.48212999402075,genomic_traits+gtdb_distance+rrna16s
3300028580_7,0.45105878,4792258.0,0.3850479252160463,genomic_traits+gtdb_distance+rrna16s
3300021067_4,0.45113584,5162846.0,0.5734955100345817,genomic_traits+gtdb_distance+rrna16s
3300011833_3,0.45120344,4414609.0,0.3780826342718007,genomic_traits+gtdb_distance+rrna16s
3300021092_35,0.45132005,2421711.0,0.4340146285002628,genomic_traits+gtdb_distance+rrna16s
3300029485_11,0.45137247,2707369.0,0.539011859853607,genomic_traits+gtdb_distance+rrna16s
3300025720_16,0.451491,3020588.0,0.369877321898915,genomic_traits+gtdb_distance+rrna16s
3300029760_6,0.45162055,4595203.0,0.4506782398949513,genomic_traits+gtdb_distance+rrna16s
3300024307_2,0.45165968,2980494.0,0.5276038133275893,genomic_traits+gtdb_distance+rrna16s
3300028275_3,0.4518511,4690805.0,0.4788804906620505,genomic_traits+gtdb_distance+rrna16s
3300007934_1,0.4518951,2021985.0,0.4270046513698173,genomic_traits+gtdb_distance+rrna16s
3300014667_6,0.45192057,3104155.0,0.4317335957772727,genomic_traits+gtdb_distance+rrna16s
3300029700_10,0.45200378,2827071.0,0.5398870421011711,genomic_traits+gtdb_distance+rrna16s
3300011636_5,0.4520305,3056022.0,0.4355099537895996,genomic_traits+gtdb_distance+rrna16s
3300022902_25,0.45218655,1991593.0,0.4238381034679274,genomic_traits+gtdb_distance+rrna16s
3300029386_22,0.4523747,2107754.0,0.3880286788685966,genomic_traits+gtdb_distance+rrna16s
3300025847_19,0.45240584,3379379.0,0.5417137290608718,genomic_traits+gtdb_distance+rrna16s
3300008680_16,0.45249298,1913072.0,0.4780797586290531,genomic_traits+gtdb_distance+rrna16s
3300029443_13,0.45261517,2975307.0,0.4273750574310483,genomic_traits+gtdb_distance+rrna16s
3300021093_53,0.4526536,2076757.0,0.4942345204566543,genomic_traits+gtdb_distance+rrna16s
3300023257_7,0.45273015,1789942.0,0.5234231053296698,genomic_traits+gtdb_distance+rrna16s
3300017990_22,0.45282575,3864837.0,0.5460411396392655,genomic_traits+gtdb_distance+rrna16s
3300024318_6,0.45285323,2500742.0,0.5079440422082726,genomic_traits+gtdb_distance+rrna16s
3300024054_47,0.4530389,1743435.0,0.41253846573001,genomic_traits+gtdb_distance+rrna16s
3300014514_2,0.45330074,5117862.0,0.4197922882641228,genomic_traits+gtdb_distance+rrna16s
3300000256_8,0.45332882,1836610.0,0.4239201572462308,genomic_traits+gtdb_distance+rrna16s
3300014622_1,0.453396,5768767.0,0.4000386911102493,genomic_traits+gtdb_distance+rrna16s
3300008301_1,0.45349437,4888651.0,0.4221702469658808,genomic_traits+gtdb_distance+rrna16s
3300014206_47,0.45352644,1988621.0,0.4624430698458882,genomic_traits+gtdb_distance+rrna16s
3300012824_8,0.45354503,4203338.0,0.3667306792839405,genomic_traits+gtdb_distance+rrna16s
3300012936_16,0.45354563,3250387.0,0.4860531992036641,genomic_traits+gtdb_distance+rrna16s
3300021603_24,0.45359796,3515454.0,0.5307624562858737,genomic_traits+gtdb_distance+rrna16s
3300029373_11,0.4536111,3146785.0,0.4829491051978448,genomic_traits+gtdb_distance+rrna16s
3300029873_21,0.4538345,2531355.0,0.4855743267933577,genomic_traits+gtdb_distance+rrna16s
3300025611_18,0.45389467,2541907.0,0.5071456194109383,genomic_traits+gtdb_distance+rrna16s
3300029419_16,0.45394707,2358129.0,0.5112315738451968,genomic_traits+gtdb_distance+rrna16s
3300022933_30,0.45395288,1572195.0,0.4943483473742124,genomic_traits+gtdb_distance+rrna16s
3300025861_15,0.45398375,3841787.0,0.3734491266694379,genomic_traits+gtdb_distance+rrna16s
3300029363_20,0.45398635,2328694.0,0.4717755961066589,genomic_traits+gtdb_distance+rrna16s
3300007299_2,0.4541039,6341831.0,0.4292727131959208,genomic_traits+gtdb_distance+rrna16s
3300027816_11,0.45434552,3698067.0,0.5074378046693042,genomic_traits+gtdb_distance+rrna16s
3300014958_8,0.45438582,2439424.0,0.5619752859691468,genomic_traits+gtdb_distance+rrna16s
3300021604_9,0.45440692,3282011.0,0.422035757954498,genomic_traits+gtdb_distance+rrna16s
3300029292_13,0.45441112,2636115.0,0.5842654815893844,genomic_traits+gtdb_distance+rrna16s
3300005627_1,0.45442846,3913188.0,0.4419700765718386,genomic_traits+gtdb_distance+rrna16s
3300021504_6,0.45443484,3086487.0,0.4250771184197439,genomic_traits+gtdb_distance+rrna16s
3300022916_16,0.4545334,3307453.0,0.4783901691120025,genomic_traits+gtdb_distance+rrna16s
3300021843_8,0.45453596,7413504.0,0.7332871203684519,genomic_traits+gtdb_distance
3300029335_17,0.45458022,2345830.0,0.530372618646705,genomic_traits+gtdb_distance+rrna16s
3300005985_12,0.45459178,6640915.0,0.3728273889968476,genomic_traits+gtdb_distance+rrna16s
3300029206_16,0.45471662,2144076.0,0.3943521591585373,genomic_traits+gtdb_distance+rrna16s
3300008360_14,0.45484844,2726768.0,0.4273762931059774,genomic_traits+gtdb_distance+rrna16s
3300000225_12,0.45494756,1659266.0,0.4939418996110328,genomic_traits+gtdb_distance+rrna16s
3300029295_4,0.4550629,2940222.0,0.5814516726968235,genomic_traits+gtdb_distance+rrna16s
3300029778_16,0.4550638,2509149.0,0.4667124192305837,genomic_traits+gtdb_distance+rrna16s
3300026211_3,0.45516258,2666547.0,0.398346625804833,genomic_traits+gtdb_distance+rrna16s
3300029696_7,0.45524824,3139781.0,0.4325671121648293,genomic_traits+gtdb_distance+rrna16s
3300014025_24,0.45527932,1723700.0,0.4544421883158322,genomic_traits+gtdb_distance+rrna16s
3300029608_9,0.4552961,3123350.0,0.4343819936926697,genomic_traits+gtdb_distance+rrna16s
3300014736_3,0.4553154,2655170.0,0.4352192138356489,genomic_traits+gtdb_distance+rrna16s
3300022851_4,0.45533195,1796868.0,0.5240418327890529,genomic_traits+gtdb_distance+rrna16s
3300027223_3,0.45540628,2234593.0,0.5154795526523175,genomic_traits+gtdb_distance+rrna16s
3300012011_10,0.45543066,3054426.0,0.6204779555962396,genomic_traits+gtdb_distance+rrna16s
3300023237_5,0.45554242,4414825.0,0.4797884400853941,genomic_traits+gtdb_distance+rrna16s
3300029370_14,0.45557055,2477271.0,0.5503947690825913,genomic_traits+gtdb_distance+rrna16s
3300011480_2,0.45565793,4169348.0,0.3838674536162488,genomic_traits+gtdb_distance+rrna16s
3300020423_20,0.4558038,3279977.0,0.5580148885190354,genomic_traits+gtdb_distance+rrna16s
3300024506_3,0.45580497,4735469.0,0.478952982270605,genomic_traits+gtdb_distance+rrna16s
3300014602_2,0.45580983,4134737.0,0.3872613905068206,genomic_traits+gtdb_distance+rrna16s
3300027878_32,0.4558762,5355107.0,0.4172323727611792,genomic_traits+gtdb_distance+rrna16s
3300029496_14,0.45588234,2314234.0,0.4070409474582086,genomic_traits+gtdb_distance+rrna16s
3300025662_20,0.45592004,1808917.0,0.4242262082782129,genomic_traits+gtdb_distance+rrna16s
3300011165_3,0.4559555,3092461.0,0.4143589846403883,genomic_traits+gtdb_distance+rrna16s
3300025105_18,0.4560661,3100743.0,0.4499376439775886,genomic_traits+gtdb_distance+rrna16s
3300008412_4,0.45626572,3726695.0,0.4716326396445107,genomic_traits+gtdb_distance+rrna16s
3300029446_14,0.45626822,2541165.0,0.6307327544649797,genomic_traits+gtdb_distance+rrna16s
3300027607_50,0.4563749,2816765.0,0.3937016400019171,genomic_traits+gtdb_distance+rrna16s
3300025439_6,0.4566312,3541077.0,0.6140047222921162,genomic_traits+gtdb_distance+rrna16s
3300025719_23,0.45673397,1933260.0,0.4236672770346461,genomic_traits+gtdb_distance+rrna16s
3300011939_6,0.4568764,2593661.0,0.4383221245953114,genomic_traits+gtdb_distance+rrna16s
3300029419_18,0.45703363,2226061.0,0.5000963585454307,genomic_traits+gtdb_distance+rrna16s
3300029684_21,0.45713568,2312650.0,0.5602538213737487,genomic_traits+gtdb_distance+rrna16s
3300029127_17,0.45714283,2395408.0,0.4615685511612218,genomic_traits+gtdb_distance+rrna16s
3300029138_6,0.45729792,2485351.0,0.311927369614996,genomic_traits+gtdb_distance+rrna16s
3300025869_24,0.45737,2503932.0,0.5166925459637083,genomic_traits+gtdb_distance+rrna16s
3300029885_11,0.45738038,2964729.0,0.490876231857954,genomic_traits+gtdb_distance+rrna16s
3300017658_20,0.45739862,3997024.0,0.512319916017517,genomic_traits+gtdb_distance+rrna16s
3300007638_3,0.45741144,3564443.0,0.4739842943203187,genomic_traits+gtdb_distance+rrna16s
3300025921_13,0.4574922,7247960.0,0.5131921257843587,genomic_traits+gtdb_distance+rrna16s
3300029333_22,0.45761606,2292075.0,0.3327443473708321,genomic_traits+gtdb_distance+rrna16s
3300029382_16,0.45762095,2382935.0,0.5425103915969173,genomic_traits+gtdb_distance+rrna16s
3300027211_1,0.4578827,2072602.0,0.5160117572018168,genomic_traits+gtdb_distance+rrna16s
3300027819_25,0.45789447,4442315.0,0.5065734870219694,genomic_traits+gtdb_distance+rrna16s
3300025596_12,0.457979,2108407.0,0.4187844187578584,genomic_traits+gtdb_distance+rrna16s
3300023435_5,0.45798177,1746873.0,0.5240587037523621,genomic_traits+gtdb_distance+rrna16s
3300008585_4,0.4580083,4317423.0,0.4517771365001761,genomic_traits+gtdb_distance+rrna16s
3300025631_6,0.45806795,3831699.0,0.5114924215080568,genomic_traits+gtdb_distance+rrna16s
3300013749_10,0.45819083,2742143.0,0.5123018748475189,genomic_traits+gtdb_distance+rrna16s
3300029854_5,0.45823115,3292918.0,0.4340047337953754,genomic_traits+gtdb_distance+rrna16s
3300029427_15,0.4582526,2457867.0,0.4674341614090591,genomic_traits+gtdb_distance+rrna16s
3300029490_14,0.4582792,3189959.0,0.4340695287933168,genomic_traits+gtdb_distance+rrna16s
3300029134_11,0.45857963,2324190.0,0.5155572479014194,genomic_traits+gtdb_distance+rrna16s
3300029363_11,0.45874622,2718474.0,0.5298292350782093,genomic_traits+gtdb_distance+rrna16s
3300029584_8,0.45876485,4677313.0,0.4510861257307347,genomic_traits+gtdb_distance+rrna16s
3300015024_18,0.4588419,3955397.0,0.590095507480033,genomic_traits+gtdb_distance+rrna16s
3300021419_19,0.45886135,2472384.0,0.5219071956459838,genomic_traits+gtdb_distance+rrna16s
3300011774_2,0.45889142,3016387.0,0.4422714989820603,genomic_traits+gtdb_distance+rrna16s
3300029122_15,0.4589655,2575708.0,0.4889731289416347,genomic_traits+gtdb_distance+rrna16s
3300029253_8,0.45905873,3071643.0,0.4598301299988312,genomic_traits+gtdb_distance+rrna16s
3300011724_4,0.45927867,3553017.0,0.3873406741369377,genomic_traits+gtdb_distance+rrna16s
3300008541_11,0.45928606,2409729.0,0.5933401639769451,genomic_traits+gtdb_distance+rrna16s
3300014757_5,0.45929328,2478876.0,0.5636772472685201,genomic_traits+gtdb_distance+rrna16s
3300029650_10,0.45932156,2333841.0,0.562197681847221,genomic_traits+gtdb_distance+rrna16s
3300029450_5,0.45939207,2556376.0,0.3179673099731808,genomic_traits+gtdb_distance+rrna16s
3300026286_13,0.45947808,3169626.0,0.2961636483294874,genomic_traits+gtdb_distance+rrna16s
3300029537_13,0.45950928,2629848.0,0.5461327042475459,genomic_traits+gtdb_distance+rrna16s
3300014676_3,0.4596976,3484106.0,0.2979536213880978,genomic_traits+gtdb_distance+rrna16s
3300029498_3,0.4597122,4773410.0,0.44867254227062,genomic_traits+gtdb_distance+rrna16s
3300028277_20,0.45971236,1597816.0,0.4931224871950212,genomic_traits+gtdb_distance+rrna16s
3300029211_3,0.45976064,4593946.0,0.467851167601883,genomic_traits+gtdb_distance+rrna16s
3300008361_9,0.45984283,3319514.0,0.4356743185900105,genomic_traits+gtdb_distance+rrna16s
3300025437_1,0.45988742,2228467.0,0.4179267631066558,genomic_traits+gtdb_distance+rrna16s
3300022933_25,0.4598888,1914306.0,0.424074312048335,genomic_traits+gtdb_distance+rrna16s
3300029453_3,0.46008813,3696818.0,0.4206312022934318,genomic_traits+gtdb_distance+rrna16s
3300029336_16,0.4602258,2683614.0,0.3973362040889636,genomic_traits+gtdb_distance+rrna16s
3300006226_63,0.4602366,2717648.0,0.5292223275420511,genomic_traits+gtdb_distance+rrna16s
3300024433_6,0.46028757,4662446.0,0.3728703774799751,genomic_traits+gtdb_distance+rrna16s
3300025545_19,0.46037522,1791606.0,0.4242143640956773,genomic_traits+gtdb_distance+rrna16s
3300029412_11,0.4604512,3783835.0,0.4562905094963179,genomic_traits+gtdb_distance+rrna16s
3300011958_1,0.46047118,5938394.0,0.4009680058278383,genomic_traits+gtdb_distance+rrna16s
3300029482_4,0.4605271,4780689.0,0.4506452940151513,genomic_traits+gtdb_distance+rrna16s
3300029877_9,0.46064165,2227813.0,0.4063859937975045,genomic_traits+gtdb_distance+rrna16s
3300029590_22,0.46066305,2324518.0,0.5389173153316086,genomic_traits+gtdb_distance+rrna16s
3300007648_16,0.46074232,1830799.0,0.3684768235071136,genomic_traits+gtdb_distance+rrna16s
3300020219_22,0.46076632,3382685.0,0.5461767796883246,genomic_traits+gtdb_distance+rrna16s
3300011980_21,0.46096033,1629534.0,0.4522292876368336,genomic_traits+gtdb_distance+rrna16s
3300027977_29,0.46096084,3112506.0,0.5096186159962423,genomic_traits+gtdb_distance+rrna16s
3300029348_9,0.46098804,2652001.0,0.385268331346783,genomic_traits+gtdb_distance+rrna16s
3300006052_12,0.46100846,2995608.0,0.6794376967880977,genomic_traits+gtdb_distance
3300011839_1,0.4610089,5409133.0,0.3994061525201913,genomic_traits+gtdb_distance+rrna16s
3300022854_6,0.46104547,1793372.0,0.5241299629970804,genomic_traits+gtdb_distance+rrna16s
3300029776_12,0.46105856,2450400.0,0.5292637936663402,genomic_traits+gtdb_distance+rrna16s
3300025775_19,0.46110055,2889725.0,0.5615980759414824,genomic_traits+gtdb_distance+rrna16s
3300020201_38,0.46118724,3119624.0,0.4727156221390783,genomic_traits+gtdb_distance+rrna16s
3300029307_13,0.4612195,2471142.0,0.4863302068436375,genomic_traits+gtdb_distance+rrna16s
3300009704_10,0.46127006,3950217.0,0.7059333702426981,genomic_traits+gtdb_distance
3300029376_7,0.46142697,3620597.0,0.4848297117851006,genomic_traits+gtdb_distance+rrna16s
3300029543_11,0.46146604,3596042.0,0.4871161126594183,genomic_traits+gtdb_distance+rrna16s
3300027896_37,0.46146727,3610387.0,0.4506037718394177,genomic_traits+gtdb_distance+rrna16s
3300029716_18,0.46167487,2550311.0,0.4058783418963412,genomic_traits+gtdb_distance+rrna16s
3300011944_4,0.46180087,2958168.0,0.4156792311998507,genomic_traits+gtdb_distance+rrna16s
3300017470_15,0.46180725,2759768.0,0.4228558342585319,genomic_traits+gtdb_distance+rrna16s
3300029587_20,0.46187067,2506767.0,0.5636854163151183,genomic_traits+gtdb_distance+rrna16s
3300029783_8,0.46195465,4016470.0,0.4335070347842757,genomic_traits+gtdb_distance+rrna16s
3300029245_16,0.46199396,2503085.0,0.4368105757495251,genomic_traits+gtdb_distance+rrna16s
3300029527_15,0.46206757,2032768.0,0.3380917054971349,genomic_traits+gtdb_distance+rrna16s
3300029333_15,0.46208772,2560307.0,0.4302316089437712,genomic_traits+gtdb_distance+rrna16s
3300028603_44,0.4621242,2809617.0,0.5014744002474358,genomic_traits+gtdb_distance+rrna16s
3300029573_17,0.4622129,2710800.0,0.4701767006049874,genomic_traits+gtdb_distance+rrna16s
3300005365_16,0.46222588,3196312.0,0.5499441231018749,genomic_traits+gtdb_distance+rrna16s
3300025640_19,0.4623439,2620651.0,0.566410407185085,genomic_traits+gtdb_distance+rrna16s
3300025729_32,0.46237174,1811868.0,0.4244260619427022,genomic_traits+gtdb_distance+rrna16s
3300029675_6,0.46250325,3392359.0,0.4350421049187306,genomic_traits+gtdb_distance+rrna16s
3300011772_1,0.4625154,3682675.0,0.44750568540531,genomic_traits+gtdb_distance+rrna16s
3300029621_19,0.4625177,2603866.0,0.4798672435524715,genomic_traits+gtdb_distance+rrna16s
3300029438_15,0.46256202,2529156.0,0.4338767557240439,genomic_traits+gtdb_distance+rrna16s
3300029384_14,0.46256357,2635884.0,0.431578931394553,genomic_traits+gtdb_distance+rrna16s
3300029384_6,0.46261856,3628399.0,0.4829430280407419,genomic_traits+gtdb_distance+rrna16s
3300007135_8,0.46264726,1906170.0,0.3873657648583284,genomic_traits+gtdb_distance+rrna16s
3300012192_1,0.4626529,5851863.0,0.4016457664849638,genomic_traits+gtdb_distance+rrna16s
3300011213_6,0.46266872,3057801.0,0.4153566566300423,genomic_traits+gtdb_distance+rrna16s
3300024501_2,0.46267968,3330805.0,0.5258020208328017,genomic_traits+gtdb_distance+rrna16s
3300027815_30,0.46269837,2973139.0,0.4702191858503756,genomic_traits+gtdb_distance+rrna16s
3300027965_29,0.4627375,4802284.0,0.5891438323930863,genomic_traits+gtdb_distance+rrna16s
3300029403_12,0.46276793,2784651.0,0.4960564178419486,genomic_traits+gtdb_distance+rrna16s
3300011163_4,0.46279266,2677236.0,0.4750305912515744,genomic_traits+gtdb_distance+rrna16s
3300029360_18,0.4628899,2640146.0,0.5533750784994467,genomic_traits+gtdb_distance+rrna16s
3300011719_2,0.46290535,4652470.0,0.663058977274437,genomic_traits+gtdb_distance+rrna16s
3300007869_1,0.46290693,2082392.0,0.3057507904371511,genomic_traits+gtdb_distance+rrna16s
3300029704_19,0.4629987,2427163.0,0.4733855946221988,genomic_traits+gtdb_distance+rrna16s
3300029794_26,0.46301398,2308366.0,0.4914818533975981,genomic_traits+gtdb_distance+rrna16s
3300029424_13,0.46302834,2524764.0,0.4400181561524166,genomic_traits+gtdb_distance+rrna16s
3300026311_1,0.4630308,10239740.0,0.6177757443060078,genomic_traits+gtdb_distance+rrna16s
3300023262_7,0.46303174,1741261.0,0.5243619422935447,genomic_traits+gtdb_distance+rrna16s
3300029747_6,0.46303558,4662343.0,0.450973255292457,genomic_traits+gtdb_distance+rrna16s
3300011459_4,0.4630919,3837967.0,0.3878154762664713,genomic_traits+gtdb_distance+rrna16s
3300023061_2,0.4631427,1812610.0,0.5238688962325045,genomic_traits+gtdb_distance+rrna16s
3300020810_16,0.46318096,2439171.0,0.5035837995778074,genomic_traits+gtdb_distance+rrna16s
3300025882_29,0.46326557,2485824.0,0.3969271356298756,genomic_traits+gtdb_distance+rrna16s
3300011646_1,0.46341482,3217557.0,0.40218712520089,genomic_traits+gtdb_distance+rrna16s
3300025621_26,0.46347308,1849329.0,0.4515989312880509,genomic_traits+gtdb_distance+rrna16s
3300025914_14,0.4636496,6550142.0,0.7026114853693248,genomic_traits+gtdb_distance
3300021426_43,0.4637586,2153296.0,0.531013385990593,genomic_traits+gtdb_distance+rrna16s
3300008714_4,0.463768,1846934.0,0.3974056463306215,genomic_traits+gtdb_distance+rrna16s
3300029619_32,0.46378317,1830895.0,0.5369892866603492,genomic_traits+gtdb_distance+rrna16s
3300005300_4,0.4637869,2579934.0,0.3842288213574455,genomic_traits+gtdb_distance+rrna16s
3300025503_15,0.4639399,3247906.0,0.5498678225293466,genomic_traits+gtdb_distance+rrna16s
3300029422_19,0.46399984,2454108.0,0.4685127956878833,genomic_traits+gtdb_distance+rrna16s
3300029875_9,0.46400717,3249999.0,0.4325742869459344,genomic_traits+gtdb_distance+rrna16s
3300029501_11,0.46427962,2184363.0,0.390436479651047,genomic_traits+gtdb_distance+rrna16s
3300029608_11,0.46431926,2829635.0,0.4493265032415842,genomic_traits+gtdb_distance+rrna16s
3300028028_11,0.46449026,3507538.0,0.5328013552526016,genomic_traits+gtdb_distance+rrna16s
3300014632_2,0.46462175,4081485.0,0.6687953036701103,genomic_traits+gtdb_distance+rrna16s
3300027826_21,0.46462926,4203985.0,0.5447053212606611,genomic_traits+gtdb_distance+rrna16s
3300005289_17,0.46469823,3432319.0,0.4548097073727704,genomic_traits+gtdb_distance+rrna16s
3300022865_4,0.46474397,4878816.0,0.3767893685681116,genomic_traits+gtdb_distance+rrna16s
3300025709_24,0.46474552,1790365.0,0.4243179463405506,genomic_traits+gtdb_distance+rrna16s
3300014014_1,0.46476227,3822614.0,0.386886826658407,genomic_traits+gtdb_distance+rrna16s
3300010273_35,0.46499124,1818975.0,0.342783710606248,genomic_traits+gtdb_distance+rrna16s
3300023231_5,0.46500632,1783647.0,0.5242960070013853,genomic_traits+gtdb_distance+rrna16s
3300029848_11,0.46506318,3025520.0,0.4326112536026865,genomic_traits+gtdb_distance+rrna16s
3300029359_15,0.46507335,2440697.0,0.471818501026551,genomic_traits+gtdb_distance+rrna16s
3300029587_12,0.46513143,2934708.0,0.4353768756550907,genomic_traits+gtdb_distance+rrna16s
3300025585_3,0.46517187,2024512.0,0.3833195357696077,genomic_traits+gtdb_distance+rrna16s
3300027815_42,0.46531725,2421028.0,0.4191405469081729,genomic_traits+gtdb_distance+rrna16s
3300005838_11,0.4653782,3094761.0,0.4360097597197328,genomic_traits+gtdb_distance+rrna16s
3300029774_15,0.46552297,2400624.0,0.4683140716746979,genomic_traits+gtdb_distance+rrna16s
3300029447_13,0.46572378,2937451.0,0.4988699385964225,genomic_traits+gtdb_distance+rrna16s
3300014070_3,0.46583518,3808126.0,0.3860791370873758,genomic_traits+gtdb_distance+rrna16s
3300025105_43,0.46600974,1940938.0,0.6882873126292545,genomic_traits+gtdb_distance
3300011452_2,0.46604067,3986046.0,0.3865020624448388,genomic_traits+gtdb_distance+rrna16s
3300011657_3,0.46606037,3016695.0,0.4164776352929282,genomic_traits+gtdb_distance+rrna16s
3300029060_6,0.46606186,3180813.0,0.4332052843093888,genomic_traits+gtdb_distance+rrna16s
3300029430_18,0.46611032,2428614.0,0.562005324847835,genomic_traits+gtdb_distance+rrna16s
3300024261_35,0.46614498,1602350.0,0.4931587980154148,genomic_traits+gtdb_distance+rrna16s
3300025677_27,0.46616554,2595080.0,0.377116697751129,genomic_traits+gtdb_distance+rrna16s
3300002931_5,0.4662409,2892424.0,0.5501797108584356,genomic_traits+gtdb_distance+rrna16s
3300014748_2,0.46624112,4776754.0,0.4499685351181995,genomic_traits+gtdb_distance+rrna16s
3300009772_9,0.46625355,3312835.0,0.5338669145912791,genomic_traits+gtdb_distance+rrna16s
3300029619_30,0.46628004,1843617.0,0.5644409874719098,genomic_traits+gtdb_distance+rrna16s
3300006991_1,0.46633765,1949820.0,0.3677354832753792,genomic_traits+gtdb_distance+rrna16s
3300014524_4,0.46644568,3831366.0,0.3860526506734151,genomic_traits+gtdb_distance+rrna16s
3300025775_32,0.46647283,2109687.0,0.6891022222727826,genomic_traits+gtdb_distance
3300029846_12,0.4665402,3125419.0,0.434575972053667,genomic_traits+gtdb_distance+rrna16s
3300029395_9,0.46658733,3332387.0,0.4854850291997898,genomic_traits+gtdb_distance+rrna16s
3300029136_10,0.46670464,3289121.0,0.4341567245473791,genomic_traits+gtdb_distance+rrna16s
3300028114_24,0.4667193,2434483.0,0.4414645737924643,genomic_traits+gtdb_distance+rrna16s
3300029702_12,0.46673393,3204606.0,0.4339438296002691,genomic_traits+gtdb_distance+rrna16s
3300029257_17,0.46674305,2569436.0,0.43535079293666,genomic_traits+gtdb_distance+rrna16s
3300011477_1,0.4667564,3402915.0,0.3882527186250611,genomic_traits+gtdb_distance+rrna16s
3300025520_3,0.46693993,4488516.0,0.4354637479291596,genomic_traits+gtdb_distance+rrna16s
3300024257_16,0.46696973,2003854.0,0.4237773809868383,genomic_traits+gtdb_distance+rrna16s
3300029510_18,0.46697688,2046634.0,0.3020921180826664,genomic_traits+gtdb_distance+rrna16s
3300006321_7,0.46700865,2394512.0,0.5716054043579653,genomic_traits+gtdb_distance+rrna16s
3300024312_7,0.4670399,2156043.0,0.6947676832048341,genomic_traits+gtdb_distance
3300011831_2,0.46705908,4728644.0,0.3769395623777133,genomic_traits+gtdb_distance+rrna16s
3300029385_16,0.46716568,2606131.0,0.4320611665338388,genomic_traits+gtdb_distance+rrna16s
3300024256_17,0.46717942,1981181.0,0.423717974278978,genomic_traits+gtdb_distance+rrna16s
3300008214_5,0.46724084,1535624.0,0.4199022677426245,genomic_traits+gtdb_distance+rrna16s
3300029419_13,0.46729216,2675520.0,0.3827069130486784,genomic_traits+gtdb_distance+rrna16s
3300001594_26,0.46749896,2406013.0,0.4732102444999258,genomic_traits+gtdb_distance+rrna16s
3300023233_7,0.46753073,1811803.0,0.523748442849471,genomic_traits+gtdb_distance+rrna16s
3300014830_6,0.4676267,4426947.0,0.4071074264046983,genomic_traits+gtdb_distance+rrna16s
3300007222_12,0.46767786,3153860.0,0.4353173571433101,genomic_traits+gtdb_distance+rrna16s
3300025628_10,0.46768656,2859302.0,0.3972189716231444,genomic_traits+gtdb_distance+rrna16s
3300025161_34,0.46769047,3464916.0,0.3395808152347704,genomic_traits+gtdb_distance+rrna16s
3300029254_10,0.46774563,2408468.0,0.5220231283953118,genomic_traits+gtdb_distance+rrna16s
3300024344_38,0.46775866,2000353.0,0.4219905186734541,genomic_traits+gtdb_distance+rrna16s
3300017658_25,0.46783715,2948498.0,0.3907796444155634,genomic_traits+gtdb_distance+rrna16s
3300014631_3,0.46788138,3125129.0,0.415425411239024,genomic_traits+gtdb_distance+rrna16s
3300027287_3,0.4679279,2052719.0,0.3801470147643199,genomic_traits+gtdb_distance+rrna16s
3300025821_28,0.46797574,1718944.0,0.4522898942606623,genomic_traits+gtdb_distance+rrna16s
3300020222_62,0.46797922,2242916.0,0.4339689939346814,genomic_traits+gtdb_distance+rrna16s
3300029532_5,0.46801051,3001064.0,0.4347554733921036,genomic_traits+gtdb_distance+rrna16s
3300018428_43,0.46802202,2129622.0,0.4300875930094636,genomic_traits+gtdb_distance+rrna16s
3300011157_4,0.46819404,3001013.0,0.4272800551013941,genomic_traits+gtdb_distance+rrna16s
3300008077_24,0.46819982,2148219.0,0.5501515441395872,genomic_traits+gtdb_distance+rrna16s
3300025702_4,0.4682066,3976678.0,0.4867278668275379,genomic_traits+gtdb_distance+rrna16s
3300020361_18,0.4682241,1933593.0,0.5064437035094769,genomic_traits+gtdb_distance+rrna16s
3300012000_5,0.4682274,2782660.0,0.4253484076387341,genomic_traits+gtdb_distance+rrna16s
3300029747_10,0.4682826,3092315.0,0.4347357885597036,genomic_traits+gtdb_distance+rrna16s
3300029376_16,0.46836323,2597755.0,0.429523569389723,genomic_traits+gtdb_distance+rrna16s
3300029566_12,0.46840256,2753883.0,0.5472988503868901,genomic_traits+gtdb_distance+rrna16s
3300020196_46,0.46848416,2262160.0,0.5849325423489055,genomic_traits+gtdb_distance+rrna16s
3300029794_10,0.46854243,4774135.0,0.4512004792491205,genomic_traits+gtdb_distance+rrna16s
3300028091_6,0.4686098,2161577.0,0.6947529512018309,genomic_traits+gtdb_distance
3300024326_13,0.46861565,2162865.0,0.6947742924315664,genomic_traits+gtdb_distance
3300022177_11,0.46864566,3947410.0,0.5199183768597637,genomic_traits+gtdb_distance+rrna16s
3300029615_12,0.46869385,3186631.0,0.4335682418202798,genomic_traits+gtdb_distance+rrna16s
3300027863_61,0.4686987,3117149.0,0.3081921974214258,genomic_traits+gtdb_distance+rrna16s
3300025676_26,0.46877688,1499177.0,0.4940157166231873,genomic_traits+gtdb_distance+rrna16s
3300014009_1,0.4687975,3532699.0,0.4001954313118666,genomic_traits+gtdb_distance+rrna16s
3300026289_18,0.46896064,3187077.0,0.6698162611069641,genomic_traits+gtdb_distance+rrna16s
3300014789_10,0.46899793,2439678.0,0.5618893149013927,genomic_traits+gtdb_distance+rrna16s
3300014630_3,0.46907872,3050488.0,0.4170483542305362,genomic_traits+gtdb_distance+rrna16s
3300027144_3,0.46911094,2397427.0,0.3774192081760988,genomic_traits+gtdb_distance+rrna16s
3300026977_1,0.469213,4573197.0,0.5892588926302541,genomic_traits+gtdb_distance+rrna16s
3300029195_8,0.46923608,2382048.0,0.4682210434046669,genomic_traits+gtdb_distance+rrna16s
3300029494_7,0.46929902,5021137.0,0.4515393624989718,genomic_traits+gtdb_distance+rrna16s
3300014930_3,0.46933398,3685259.0,0.606386145451378,genomic_traits+gtdb_distance+rrna16s
3300029580_12,0.46937048,3137859.0,0.4337951450336041,genomic_traits+gtdb_distance+rrna16s
3300029622_14,0.46940577,3171432.0,0.4352749798829046,genomic_traits+gtdb_distance+rrna16s
3300008746_5,0.4694387,3187765.0,0.468249384757032,genomic_traits+gtdb_distance+rrna16s
3300029024_7,0.46944192,2146154.0,0.4608942321939618,genomic_traits+gtdb_distance+rrna16s
3300025681_22,0.4694451,1876835.0,0.4248482152133778,genomic_traits+gtdb_distance+rrna16s
3300020197_49,0.46946594,2184668.0,0.5856766337036108,genomic_traits+gtdb_distance+rrna16s
3300008725_6,0.46947536,4445576.0,0.4517203170072899,genomic_traits+gtdb_distance+rrna16s
3300014526_5,0.46982417,3436699.0,0.4344002777083474,genomic_traits+gtdb_distance+rrna16s
3300024344_46,0.4698354,1186038.0,0.394250437169804,genomic_traits+gtdb_distance+rrna16s
3300029756_6,0.46986386,3122167.0,0.4338416234621658,genomic_traits+gtdb_distance+rrna16s
3300014830_4,0.46986553,5190869.0,0.4449759760841585,genomic_traits+gtdb_distance+rrna16s
3300006502_5,0.46986988,4466967.0,0.4500391428904668,genomic_traits+gtdb_distance+rrna16s
3300029386_16,0.46994513,2622544.0,0.4315492895448084,genomic_traits+gtdb_distance+rrna16s
3300022661_64,0.46994868,2663427.0,0.4513684812836995,genomic_traits+gtdb_distance+rrna16s
3300025629_34,0.46998417,2077911.0,0.3979207964152459,genomic_traits+gtdb_distance+rrna16s
3300014522_2,0.46999016,4836355.0,0.4515127611600058,genomic_traits+gtdb_distance+rrna16s
3300014062_2,0.469995,3860323.0,0.3868715130832316,genomic_traits+gtdb_distance+rrna16s
3300021517_12,0.47007814,3631185.0,0.4061354626657689,genomic_traits+gtdb_distance+rrna16s
3300029604_7,0.4701963,3143489.0,0.4332676207869663,genomic_traits+gtdb_distance+rrna16s
3300013829_8,0.47021788,2168460.0,0.3661469429918006,genomic_traits+gtdb_distance+rrna16s
3300014689_3,0.47031626,4344157.0,0.3860346207561099,genomic_traits+gtdb_distance+rrna16s
3300000366_16,0.4703236,2726022.0,0.6180478367379281,genomic_traits+gtdb_distance+rrna16s
3300029784_13,0.47033933,2868147.0,0.3837380022711528,genomic_traits+gtdb_distance+rrna16s
3300029537_7,0.47036034,4321112.0,0.4529623393237666,genomic_traits+gtdb_distance+rrna16s
3300017526_17,0.47036844,2365540.0,0.5066373851213677,genomic_traits+gtdb_distance+rrna16s
3300029365_29,0.47039944,2255739.0,0.4589901579925692,genomic_traits+gtdb_distance+rrna16s
3300029552_3,0.47040457,4646798.0,0.4511263454964042,genomic_traits+gtdb_distance+rrna16s
3300007802_19,0.47041532,1919328.0,0.4123552618416445,genomic_traits+gtdb_distance+rrna16s
3300013493_2,0.47045997,4052058.0,0.4341786321913457,genomic_traits+gtdb_distance+rrna16s
3300029357_8,0.47056845,4810944.0,0.4481561207114445,genomic_traits+gtdb_distance+rrna16s
3300029136_18,0.47060764,2492947.0,0.4366254075999209,genomic_traits+gtdb_distance+rrna16s
3300025432_14,0.47062624,1910624.0,0.5177674937612006,genomic_traits+gtdb_distance
3300025622_21,0.47062683,1761712.0,0.375534707148501,genomic_traits+gtdb_distance+rrna16s
3300029453_2,0.4706571,4543462.0,0.4513360076523144,genomic_traits+gtdb_distance+rrna16s
3300029586_12,0.4706722,2540922.0,0.4350932456801114,genomic_traits+gtdb_distance+rrna16s
3300024252_25,0.47068322,1618185.0,0.4938125121664086,genomic_traits+gtdb_distance+rrna16s
3300029530_12,0.47068536,2331651.0,0.6047886240264946,genomic_traits+gtdb_distance+rrna16s
3300028576_31,0.47070882,2555217.0,0.5176350971365641,genomic_traits+gtdb_distance+rrna16s
3300028603_60,0.47076946,2190290.0,0.4218834035675641,genomic_traits+gtdb_distance+rrna16s
3300029494_16,0.47082272,2551489.0,0.5882463142110352,genomic_traits+gtdb_distance+rrna16s
3300025592_18,0.47083852,1837657.0,0.4246760957022992,genomic_traits+gtdb_distance+rrna16s
3300005512_20,0.47087297,2776807.0,0.580413763001894,genomic_traits+gtdb_distance+rrna16s
3300027319_9,0.47088462,2396020.0,0.6887947512958991,genomic_traits+gtdb_distance
3300029443_8,0.47089025,4750038.0,0.4500740836178574,genomic_traits+gtdb_distance+rrna16s
3300029703_5,0.47100738,4385246.0,0.4514519823973387,genomic_traits+gtdb_distance+rrna16s
3300026874_5,0.47101676,3792170.0,0.4136428482900292,genomic_traits+gtdb_distance+rrna16s
3300007184_8,0.4710764,2969555.0,0.481787338506948,genomic_traits+gtdb_distance+rrna16s
3300007798_5,0.47120857,4100109.0,0.4330184880450739,genomic_traits+gtdb_distance+rrna16s
3300029435_21,0.47126937,2403789.0,0.4721545859474355,genomic_traits+gtdb_distance+rrna16s
3300014952_10,0.47131273,2024218.0,0.4763236963607675,genomic_traits+gtdb_distance+rrna16s
3300012281_3,0.4713817,3991585.0,0.2980956186577512,genomic_traits+gtdb_distance+rrna16s
3300029714_13,0.471403,3001150.0,0.4456721590057145,genomic_traits+gtdb_distance+rrna16s
3300029176_3,0.47142234,4087586.0,0.4548608885537821,genomic_traits+gtdb_distance+rrna16s
3300029619_9,0.4714262,3080482.0,0.4350802893832848,genomic_traits+gtdb_distance+rrna16s
3300029339_10,0.4715926,3332020.0,0.437208360093877,genomic_traits+gtdb_distance+rrna16s
3300011869_2,0.47165808,6292204.0,0.3964348581196668,genomic_traits+gtdb_distance+rrna16s
3300023109_14,0.47167546,4260341.0,0.5042669119678448,genomic_traits+gtdb_distance+rrna16s
3300007806_6,0.4717606,3226396.0,0.4361739848425301,genomic_traits+gtdb_distance+rrna16s
3300008676_2,0.47180694,4625370.0,0.4522950596384721,genomic_traits+gtdb_distance+rrna16s
3300029054_5,0.47182557,3712914.0,0.4559173737931986,genomic_traits+gtdb_distance+rrna16s
3300029375_22,0.4718359,2233771.0,0.5815887125403634,genomic_traits+gtdb_distance+rrna16s
3300025672_15,0.47191966,1940538.0,0.4222282686553935,genomic_traits+gtdb_distance+rrna16s
3300028998_6,0.47192124,2027471.0,0.4928080352320699,genomic_traits+gtdb_distance+rrna16s
3300006739_6,0.4719538,3196774.0,0.4342462119624346,genomic_traits+gtdb_distance+rrna16s
3300029517_14,0.4719716,2457788.0,0.4306860477795481,genomic_traits+gtdb_distance+rrna16s
3300007803_4,0.47204396,2110433.0,0.2744967501929699,genomic_traits+gtdb_distance+rrna16s
3300025261_8,0.47205493,5383705.0,0.4484892838667795,genomic_traits+gtdb_distance+rrna16s
3300029553_12,0.47231808,2665638.0,0.5588838394410643,genomic_traits+gtdb_distance+rrna16s
3300029665_8,0.4723213,2464601.0,0.4700700032175594,genomic_traits+gtdb_distance+rrna16s
3300027784_38,0.47232595,2443268.0,0.4747993261484209,genomic_traits+gtdb_distance+rrna16s
3300029354_20,0.47235787,2202403.0,0.4988405845796614,genomic_traits+gtdb_distance+rrna16s
3300027751_6,0.47236305,2341685.0,0.515549273279711,genomic_traits+gtdb_distance+rrna16s
3300025673_14,0.4723821,1576379.0,0.4331972197041447,genomic_traits+gtdb_distance+rrna16s
3300007316_5,0.4724408,2740326.0,0.3850815559900537,genomic_traits+gtdb_distance+rrna16s
3300029380_27,0.47257906,2261341.0,0.5087693541133337,genomic_traits+gtdb_distance+rrna16s
3300029773_13,0.47260612,2571915.0,0.4351481289233898,genomic_traits+gtdb_distance+rrna16s
3300027706_27,0.47283646,3783460.0,0.636088395278396,genomic_traits+gtdb_distance+rrna16s
3300029365_18,0.4728644,2756000.0,0.4367939042089985,genomic_traits+gtdb_distance+rrna16s
3300028582_17,0.47290802,3631235.0,0.5543675911914266,genomic_traits+gtdb_distance+rrna16s
3300029043_6,0.47293702,3277536.0,0.4339406188063228,genomic_traits+gtdb_distance+rrna16s
3300028640_12,0.4729911,3364862.0,0.4999170842667544,genomic_traits+gtdb_distance+rrna16s
3300029404_14,0.47299364,2462147.0,0.3825405225601883,genomic_traits+gtdb_distance+rrna16s
3300011209_5,0.4730048,3881721.0,0.3855660929778312,genomic_traits+gtdb_distance+rrna16s
3300012044_7,0.47301468,5499397.0,0.6720484082163918,genomic_traits+gtdb_distance
3300013724_3,0.47305873,3848375.0,0.387370773378374,genomic_traits+gtdb_distance+rrna16s
3300017458_2,0.47308648,4901890.0,0.5287960358147572,genomic_traits+gtdb_distance+rrna16s
3300025669_5,0.47314033,3755166.0,0.4412438757700724,genomic_traits+gtdb_distance+rrna16s
3300029761_9,0.47314298,2546092.0,0.4352281849988139,genomic_traits+gtdb_distance+rrna16s
3300029503_16,0.47317472,2305002.0,0.5371904232621056,genomic_traits+gtdb_distance+rrna16s
3300014733_2,0.47317743,2812092.0,0.4843902688816724,genomic_traits+gtdb_distance+rrna16s
3300025775_29,0.4731999,2272580.0,0.5718795377940491,genomic_traits+gtdb_distance+rrna16s
3300029730_7,0.4733062,3198039.0,0.433416227882149,genomic_traits+gtdb_distance+rrna16s
3300029906_11,0.47339985,2446697.0,0.4735694693703389,genomic_traits+gtdb_distance+rrna16s
3300029441_26,0.47342232,2164190.0,0.5409381801043347,genomic_traits+gtdb_distance+rrna16s
3300022137_10,0.47345525,1958253.0,0.2902071387098602,genomic_traits+gtdb_distance
3300025654_17,0.47351655,2512891.0,0.4264462724407863,genomic_traits+gtdb_distance+rrna16s
3300009503_67,0.47358242,2857445.0,0.5571953265942127,genomic_traits+gtdb_distance+rrna16s
3300005253_15,0.47360474,3645676.0,0.5603567075077435,genomic_traits+gtdb_distance+rrna16s
3300025643_23,0.47363406,1844981.0,0.4241106005969709,genomic_traits+gtdb_distance+rrna16s
3300011605_3,0.47370428,3529844.0,0.3987909947295121,genomic_traits+gtdb_distance+rrna16s
3300021425_11,0.47376433,4308705.0,0.5945856121502865,genomic_traits+gtdb_distance+rrna16s
3300029706_8,0.47380435,2983152.0,0.4337247984681974,genomic_traits+gtdb_distance+rrna16s
3300025897_33,0.47387123,2348380.0,0.5188193563222306,genomic_traits+gtdb_distance+rrna16s
3300011586_1,0.47396672,5406888.0,0.3768653983585382,genomic_traits+gtdb_distance+rrna16s
3300029391_11,0.4740908,3032227.0,0.4378204534159217,genomic_traits+gtdb_distance+rrna16s
3300029355_13,0.4740969,2461980.0,0.4106645870396997,genomic_traits+gtdb_distance+rrna16s
3300020221_34,0.47410217,3218164.0,0.5414198903474154,genomic_traits+gtdb_distance+rrna16s
3300029876_9,0.47430065,4728735.0,0.4511580792749012,genomic_traits+gtdb_distance+rrna16s
3300029745_15,0.4744414,2673884.0,0.4555332243283553,genomic_traits+gtdb_distance+rrna16s
3300028911_9,0.47444993,2509648.0,0.4364568258178039,genomic_traits+gtdb_distance+rrna16s
3300021318_35,0.47448844,1713113.0,0.4535024834905812,genomic_traits+gtdb_distance+rrna16s
3300025385_1,0.47449753,2325368.0,0.4181011349601439,genomic_traits+gtdb_distance+rrna16s
3300029119_18,0.47450483,2640243.0,0.4510899186173394,genomic_traits+gtdb_distance+rrna16s
3300008756_3,0.47454366,2275119.0,0.370365681970921,genomic_traits+gtdb_distance+rrna16s
3300027815_25,0.47465175,3223948.0,0.5722477533756748,genomic_traits+gtdb_distance+rrna16s
3300029474_6,0.47467178,4209014.0,0.4530654922981962,genomic_traits+gtdb_distance+rrna16s
3300011602_3,0.474727,2993343.0,0.4168857361151061,genomic_traits+gtdb_distance+rrna16s
3300024352_1,0.4747593,4127753.0,0.4820872276030082,genomic_traits+gtdb_distance+rrna16s
3300029227_9,0.47478455,3078071.0,0.4336378205700908,genomic_traits+gtdb_distance+rrna16s
3300011768_5,0.47488317,3157259.0,0.4234112564094361,genomic_traits+gtdb_distance+rrna16s
3300029708_21,0.47501612,2087420.0,0.5696649452434105,genomic_traits+gtdb_distance+rrna16s
3300027819_76,0.47504956,1895491.0,0.4902386769443906,genomic_traits+gtdb_distance+rrna16s
3300025656_16,0.4750946,1831608.0,0.4244751060270538,genomic_traits+gtdb_distance+rrna16s
3300029557_8,0.47510225,3328444.0,0.4367214830713691,genomic_traits+gtdb_distance+rrna16s
3300025459_3,0.4751068,6203893.0,0.5887282388654994,genomic_traits+gtdb_distance+rrna16s
3300008726_4,0.47522148,3116514.0,0.4334028340639573,genomic_traits+gtdb_distance+rrna16s
3300019487_23,0.4752278,2839426.0,0.4938494611234806,genomic_traits+gtdb_distance+rrna16s
3300024950_3,0.47529045,3800960.0,,genomic_traits+gtdb_distance+rrna16s
3300029844_14,0.47531712,2543646.0,0.4515427854347656,genomic_traits+gtdb_distance+rrna16s
3300011815_1,0.47532624,4355675.0,0.6640706664294282,genomic_traits+gtdb_distance+rrna16s
3300027815_18,0.47538608,4069572.0,0.5326759177623592,genomic_traits+gtdb_distance+rrna16s
3300029350_11,0.47540262,2445159.0,0.4328393368284026,genomic_traits+gtdb_distance+rrna16s
3300029128_15,0.47544688,2452567.0,0.4340020068768763,genomic_traits+gtdb_distance+rrna16s
3300013497_4,0.4754752,3915273.0,0.3872603519601315,genomic_traits+gtdb_distance+rrna16s
3300027592_34,0.47552493,3229100.0,0.6596159920720944,genomic_traits+gtdb_distance+rrna16s
3300011988_12,0.47552627,2394798.0,0.4399222815452493,genomic_traits+gtdb_distance+rrna16s
3300007853_9,0.47552714,3476061.0,0.3839688083724653,genomic_traits+gtdb_distance+rrna16s
3300008512_13,0.47561085,2023422.0,0.4118498266797534,genomic_traits+gtdb_distance+rrna16s
3300012921_19,0.4756123,4734379.0,0.6347288630673632,genomic_traits+gtdb_distance+rrna16s
3300013635_2,0.4756551,3891748.0,0.3855357541135757,genomic_traits+gtdb_distance+rrna16s
3300014709_4,0.47568104,2865149.0,0.4378955509818163,genomic_traits+gtdb_distance+rrna16s
3300029409_9,0.47581667,2534785.0,0.4348932946975779,genomic_traits+gtdb_distance+rrna16s
3300011503_2,0.47582242,3166390.0,0.3165712372765199,genomic_traits+gtdb_distance+rrna16s
3300011565_1,0.47593883,3834941.0,0.6899462077773817,genomic_traits+gtdb_distance+rrna16s
3300007859_1,0.47600213,1856333.0,0.4023302931101262,genomic_traits+gtdb_distance+rrna16s
3300029418_5,0.47607777,4730131.0,0.4505038021145714,genomic_traits+gtdb_distance+rrna16s
3300013131_71,0.47611147,2107166.0,0.4703521222343185,genomic_traits+gtdb_distance+rrna16s
3300006247_13,0.47611228,2295541.0,0.4356524235463448,genomic_traits+gtdb_distance+rrna16s
3300029126_13,0.47612232,2284594.0,0.4277928594752503,genomic_traits+gtdb_distance+rrna16s
3300021093_31,0.47614977,3160516.0,0.5489888360001974,genomic_traits+gtdb_distance+rrna16s
3300020578_60,0.47615173,2125153.0,0.4302174949286004,genomic_traits+gtdb_distance+rrna16s
3300029503_8,0.4762573,4414005.0,0.4514698102969978,genomic_traits+gtdb_distance+rrna16s
3300027819_40,0.47635242,3131442.0,0.527980719425747,genomic_traits+gtdb_distance+rrna16s
3300029055_6,0.47636506,3382277.0,0.4322576181666965,genomic_traits+gtdb_distance+rrna16s
3300018906_2,0.4764654,5211236.0,0.7144516195390115,genomic_traits+gtdb_distance
3300029742_13,0.47646588,2896385.0,0.4359890000811356,genomic_traits+gtdb_distance+rrna16s
3300000153_9,0.47650823,1733141.0,0.4239678133515969,genomic_traits+gtdb_distance+rrna16s
3300026284_5,0.47652522,4420308.0,0.4630209026158358,genomic_traits+gtdb_distance+rrna16s
3300028189_21,0.4765548,1516602.0,0.4932117984810781,genomic_traits+gtdb_distance+rrna16s
3300021092_40,0.47660673,2220464.0,0.5012952247818474,genomic_traits+gtdb_distance+rrna16s
3300029530_5,0.4768024,4348469.0,0.4520075916374246,genomic_traits+gtdb_distance+rrna16s
3300029703_11,0.47683695,3135835.0,0.4335629903996862,genomic_traits+gtdb_distance+rrna16s
3300025408_2,0.4768815,4621775.0,0.5944289802078205,genomic_traits+gtdb_distance+rrna16s
3300007669_7,0.47690108,3153344.0,0.4349737929004891,genomic_traits+gtdb_distance+rrna16s
3300014094_4,0.47695765,3959022.0,0.387421944106398,genomic_traits+gtdb_distance+rrna16s
3300029884_7,0.47700903,3182401.0,0.4326126720045651,genomic_traits+gtdb_distance+rrna16s
3300026483_9,0.4770215,2805403.0,0.3602655304781523,genomic_traits+gtdb_distance+rrna16s
3300029754_18,0.47713387,2109176.0,0.5029973790712582,genomic_traits+gtdb_distance+rrna16s
3300025667_21,0.4772382,1757745.0,0.4239454528387223,genomic_traits+gtdb_distance+rrna16s
3300027673_8,0.477279,4826902.0,0.4337307863304455,genomic_traits+gtdb_distance+rrna16s
3300029737_17,0.47731847,2781478.0,0.4916792439127687,genomic_traits+gtdb_distance+rrna16s
3300029567_25,0.4773366,2199646.0,0.5198122788848751,genomic_traits+gtdb_distance+rrna16s
3300011230_6,0.47737747,2961149.0,0.4171492214677478,genomic_traits+gtdb_distance+rrna16s
3300029690_9,0.47745207,3005039.0,0.433585720518103,genomic_traits+gtdb_distance+rrna16s
3300029341_17,0.47748435,2494649.0,0.4344759523283636,genomic_traits+gtdb_distance+rrna16s
3300029508_14,0.47749457,2498013.0,0.4356510554588787,genomic_traits+gtdb_distance+rrna16s
3300014963_31,0.4775096,2243440.0,0.4711180151909567,genomic_traits+gtdb_distance+rrna16s
3300014832_5,0.47752795,4000926.0,0.4110188491364249,genomic_traits+gtdb_distance+rrna16s
3300025698_4,0.4775847,3384142.0,0.5566799501912154,genomic_traits+gtdb_distance+rrna16s
3300010882_40,0.47758618,1905349.0,0.3805266121849593,genomic_traits+gtdb_distance+rrna16s
3300021378_8,0.47767955,5430698.0,0.532994837864304,genomic_traits+gtdb_distance+rrna16s
3300029390_20,0.47786385,2099691.0,0.502725877283848,genomic_traits+gtdb_distance+rrna16s
3300011695_2,0.47788072,2483308.0,0.4388050133128874,genomic_traits+gtdb_distance+rrna16s
3300006257_9,0.4780218,2502200.0,0.5380768923347454,genomic_traits+gtdb_distance+rrna16s
3300008513_7,0.47803015,3471696.0,0.3839806250316848,genomic_traits+gtdb_distance+rrna16s
3300027980_50,0.4780325,2684095.0,0.4411464571857553,genomic_traits+gtdb_distance+rrna16s
3300024294_13,0.4780334,1957767.0,0.4424341609599099,genomic_traits+gtdb_distance+rrna16s
3300025869_22,0.4780434,2653471.0,0.4456962220427508,genomic_traits+gtdb_distance+rrna16s
3300029843_6,0.47806346,4350080.0,0.4535859110637045,genomic_traits+gtdb_distance+rrna16s
3300029056_8,0.4780664,4398333.0,0.4532342139624262,genomic_traits+gtdb_distance+rrna16s
3300013129_27,0.47807297,2328096.0,0.6613021971602545,genomic_traits+gtdb_distance+rrna16s
3300024062_7,0.47821295,3722206.0,0.3988599771210943,genomic_traits+gtdb_distance+rrna16s
3300029228_9,0.47824815,2511609.0,0.4343701587309171,genomic_traits+gtdb_distance+rrna16s
3300029815_16,0.47829622,2924193.0,0.4825738246415336,genomic_traits+gtdb_distance+rrna16s
3300017969_36,0.47842786,2076676.0,0.6949081127725268,genomic_traits+gtdb_distance
3300005512_26,0.47844702,2030806.0,0.5065240106637463,genomic_traits+gtdb_distance+rrna16s
3300008302_4,0.47849515,2013784.0,0.3876433619494444,genomic_traits+gtdb_distance+rrna16s
3300029381_27,0.47851127,2125330.0,0.5672742585857256,genomic_traits+gtdb_distance+rrna16s
3300029528_8,0.4785648,2432827.0,0.4387747258641901,genomic_traits+gtdb_distance+rrna16s
3300012950_5,0.4786586,5612819.0,0.5507031315280254,genomic_traits+gtdb_distance+rrna16s
3300011778_5,0.47865868,3027379.0,0.4278010780942855,genomic_traits+gtdb_distance+rrna16s
3300027536_28,0.47866836,3340527.0,0.6570750662994193,genomic_traits+gtdb_distance+rrna16s
3300024321_8,0.47876874,2461521.0,0.5094606139862304,genomic_traits+gtdb_distance+rrna16s
3300026978_4,0.47876972,4311795.0,0.5732248402347514,genomic_traits+gtdb_distance+rrna16s
3300005512_25,0.47878212,2089549.0,0.5238460548185279,genomic_traits+gtdb_distance+rrna16s
3300029621_29,0.47893125,1993678.0,0.3816448794639857,genomic_traits+gtdb_distance+rrna16s
3300029353_7,0.47905827,4517676.0,0.4512231510183555,genomic_traits+gtdb_distance+rrna16s
3300025858_33,0.47907478,2063510.0,0.4004817035051926,genomic_traits+gtdb_distance+rrna16s
3300029816_15,0.47907597,2271662.0,0.5632475253800961,genomic_traits+gtdb_distance+rrna16s
3300029416_10,0.47910142,2538094.0,0.4350524448661081,genomic_traits+gtdb_distance+rrna16s
3300028419_11,0.47914705,2526389.0,0.5048636611384866,genomic_traits+gtdb_distance+rrna16s
3300029717_11,0.4792683,4670314.0,0.4510446192697108,genomic_traits+gtdb_distance+rrna16s
3300011588_1,0.47927567,4442055.0,0.6412311418926601,genomic_traits+gtdb_distance+rrna16s
3300029825_24,0.47933483,2109757.0,0.4825148109474219,genomic_traits+gtdb_distance+rrna16s
3300029511_14,0.47937942,2463990.0,0.4434644621122651,genomic_traits+gtdb_distance+rrna16s
3300017971_34,0.47942728,3401250.0,0.5456708563028299,genomic_traits+gtdb_distance+rrna16s
3300029470_11,0.4794601,2384126.0,0.5476203858353124,genomic_traits+gtdb_distance+rrna16s
3300029719_19,0.4794615,3039928.0,0.4349408933369474,genomic_traits+gtdb_distance+rrna16s
3300025740_34,0.4794776,2489872.0,0.3784070024483186,genomic_traits+gtdb_distance+rrna16s
3300029885_5,0.4795108,4559607.0,0.451012335054315,genomic_traits+gtdb_distance+rrna16s
3300007921_6,0.47955814,3147839.0,0.4341775421169888,genomic_traits+gtdb_distance+rrna16s
3300027849_21,0.4795935,3112211.0,0.338640921197181,genomic_traits+gtdb_distance+rrna16s
3300029045_6,0.47963318,3384254.0,0.433393888283799,genomic_traits+gtdb_distance+rrna16s
3300025715_13,0.4797829,3827284.0,0.4944054321550217,genomic_traits+gtdb_distance+rrna16s
3300011770_2,0.47987464,6203599.0,0.4032473730168568,genomic_traits+gtdb_distance+rrna16s
3300029885_9,0.4799065,3263864.0,0.434871060804004,genomic_traits+gtdb_distance+rrna16s
3300027541_4,0.47997546,2156204.0,0.6947236903372779,genomic_traits+gtdb_distance
3300029430_17,0.48000503,2450998.0,0.4681207410205965,genomic_traits+gtdb_distance+rrna16s
3300026459_7,0.48005944,2158383.0,0.6948386824766504,genomic_traits+gtdb_distance
3300006252_1,0.4800897,4644208.0,0.4510911225337022,genomic_traits+gtdb_distance+rrna16s
3300029617_7,0.48011076,4658022.0,0.4509102790841263,genomic_traits+gtdb_distance+rrna16s
3300029770_19,0.48013172,2377385.0,0.4338060516071229,genomic_traits+gtdb_distance+rrna16s
3300029849_6,0.48014,3189523.0,0.4337391515910059,genomic_traits+gtdb_distance+rrna16s
3300013498_3,0.48015767,4042801.0,0.3004350201753685,genomic_traits+gtdb_distance+rrna16s
3300008077_9,0.48016605,3197283.0,0.3998257270313575,genomic_traits+gtdb_distance+rrna16s
3300029714_6,0.48023432,4671376.0,0.4521470761505817,genomic_traits+gtdb_distance+rrna16s
3300029556_10,0.4802394,2984257.0,0.4837579337168347,genomic_traits+gtdb_distance+rrna16s
3300011864_1,0.480272,5425345.0,0.398748835327523,genomic_traits+gtdb_distance+rrna16s
3300029877_6,0.48040476,3135726.0,0.4334138250599701,genomic_traits+gtdb_distance+rrna16s
3300029236_15,0.4805006,2317437.0,0.4054940867863937,genomic_traits+gtdb_distance+rrna16s
3300020601_18,0.48058498,4802981.0,0.5124057330228873,genomic_traits+gtdb_distance+rrna16s
3300029774_6,0.48062065,4473830.0,0.4513562205090493,genomic_traits+gtdb_distance+rrna16s
3300029499_5,0.48062816,4977673.0,0.451505954690073,genomic_traits+gtdb_distance+rrna16s
3300026457_3,0.4807076,2045468.0,0.6948747181574094,genomic_traits+gtdb_distance
3300020168_29,0.4807278,2144887.0,0.6951070149616273,genomic_traits+gtdb_distance
3300027782_6,0.48080444,3282912.0,0.5918934165765029,genomic_traits+gtdb_distance+rrna16s
3300022225_29,0.4808599,1863406.0,0.5077476406107955,genomic_traits+gtdb_distance+rrna16s
3300022882_7,0.48087934,1780829.0,0.5243086225572472,genomic_traits+gtdb_distance+rrna16s
3300007804_11,0.4809659,1950721.0,0.3867544359239481,genomic_traits+gtdb_distance+rrna16s
3300011536_5,0.481077,2569826.0,0.4377728297557889,genomic_traits+gtdb_distance+rrna16s
3300029413_10,0.48110452,2415933.0,0.4371313277313567,genomic_traits+gtdb_distance+rrna16s
3300008077_14,0.4811495,2579248.0,0.3716970993095662,genomic_traits+gtdb_distance+rrna16s
3300029794_23,0.4811664,2459794.0,0.4398864295140162,genomic_traits+gtdb_distance+rrna16s
3300029542_5,0.48118556,4402421.0,0.4534913857625157,genomic_traits+gtdb_distance+rrna16s
3300025617_17,0.48118758,2293123.0,0.5878524614684865,genomic_traits+gtdb_distance+rrna16s
3300018426_34,0.48123127,2127479.0,0.6951288355842761,genomic_traits+gtdb_distance
3300029471_9,0.48130858,2857536.0,0.4814315550180295,genomic_traits+gtdb_distance+rrna16s
3300002481_19,0.48130882,1834368.0,0.4240741225315749,genomic_traits+gtdb_distance
3300029185_7,0.48131278,2804348.0,0.4845172567741236,genomic_traits+gtdb_distance+rrna16s
3300021319_31,0.48136538,2244982.0,0.4797944927843519,genomic_traits+gtdb_distance+rrna16s
3300028576_27,0.48141748,3050896.0,0.445443240280888,genomic_traits+gtdb_distance+rrna16s
3300011708_3,0.48143545,4554896.0,0.3730965536864069,genomic_traits+gtdb_distance+rrna16s
3300029780_12,0.48144642,2542791.0,0.4336758310061661,genomic_traits+gtdb_distance+rrna16s
3300025589_14,0.4814566,2867148.0,0.4047014664049431,genomic_traits+gtdb_distance+rrna16s
3300029445_25,0.48146385,2380949.0,0.4720768903491843,genomic_traits+gtdb_distance+rrna16s
3300011836_3,0.48151672,4574407.0,0.661336212540773,genomic_traits+gtdb_distance+rrna16s
3300013138_33,0.48152497,3717826.0,0.5745995105741905,genomic_traits+gtdb_distance
3300029822_11,0.48153695,3266315.0,0.3897401199823042,genomic_traits+gtdb_distance+rrna16s
3300025649_20,0.48159587,1717607.0,0.5250182375828697,genomic_traits+gtdb_distance+rrna16s
3300028564_19,0.481608,3459697.0,0.5243259742110364,genomic_traits+gtdb_distance+rrna16s
3300014947_12,0.48162496,2527504.0,0.4852332577910856,genomic_traits+gtdb_distance+rrna16s
3300029536_15,0.48163974,2157999.0,0.40789824277027,genomic_traits+gtdb_distance+rrna16s
3300029547_8,0.48166025,2155160.0,0.3904647450769316,genomic_traits+gtdb_distance+rrna16s
3300027339_7,0.4817284,2163470.0,0.6947182073243446,genomic_traits+gtdb_distance
3300020052_28,0.4817818,2160065.0,0.694683261846287,genomic_traits+gtdb_distance
3300029197_11,0.481858,2234787.0,0.5202701644496769,genomic_traits+gtdb_distance+rrna16s
3300014637_2,0.48194402,4164234.0,0.3857307250264994,genomic_traits+gtdb_distance+rrna16s
3300029355_8,0.48196983,2881561.0,0.3799825858276122,genomic_traits+gtdb_distance+rrna16s
3300011822_6,0.48200935,3235161.0,0.4164766452117839,genomic_traits+gtdb_distance+rrna16s
3300022751_8,0.48207986,3905460.0,0.4206306043334203,genomic_traits+gtdb_distance+rrna16s
3300011762_5,0.48212376,3328532.0,0.4229711476410622,genomic_traits+gtdb_distance+rrna16s
3300029325_13,0.48214886,2190966.0,0.5008982339296912,genomic_traits+gtdb_distance+rrna16s
3300008725_14,0.482247,2728789.0,0.5349717402115004,genomic_traits+gtdb_distance+rrna16s
3300029830_8,0.48225662,3138036.0,0.4341709272933771,genomic_traits+gtdb_distance+rrna16s
3300029330_16,0.48228294,2383058.0,0.4701920809313076,genomic_traits+gtdb_distance+rrna16s
3300029057_12,0.4823468,2128589.0,0.4083305889488295,genomic_traits+gtdb_distance+rrna16s
3300012244_1,0.48235816,3945498.0,0.3852560563964295,genomic_traits+gtdb_distance+rrna16s
3300001095_24,0.48238748,1854096.0,0.5236880938203847,genomic_traits+gtdb_distance
3300006250_9,0.48243928,2363947.0,0.4040936619983443,genomic_traits+gtdb_distance+rrna16s
3300029250_25,0.48246413,1979290.0,0.5686518903243082,genomic_traits+gtdb_distance+rrna16s
3300025857_14,0.48251462,2608132.0,0.5827504129392224,genomic_traits+gtdb_distance
3300029445_32,0.48254392,2082230.0,0.4071140075784135,genomic_traits+gtdb_distance+rrna16s
3300014547_6,0.48254582,2313034.0,0.5400984161927581,genomic_traits+gtdb_distance+rrna16s
3300029763_16,0.4825718,2495142.0,0.433735234307306,genomic_traits+gtdb_distance+rrna16s
3300029181_9,0.48260614,2304262.0,0.3873049158472431,genomic_traits+gtdb_distance+rrna16s
3300025094_19,0.48261982,2908329.0,0.5619219833794594,genomic_traits+gtdb_distance+rrna16s
3300018428_47,0.48262256,2007488.0,0.6946367798960691,genomic_traits+gtdb_distance
3300007853_2,0.4826458,4258581.0,0.4328850384670387,genomic_traits+gtdb_distance+rrna16s
3300011834_8,0.4826501,2182748.0,0.3666295880239038,genomic_traits+gtdb_distance+rrna16s
3300027051_4,0.48270443,4523636.0,0.3973177771155769,genomic_traits+gtdb_distance+rrna16s
3300029033_3,0.48272446,4005214.0,0.4504483405880435,genomic_traits+gtdb_distance+rrna16s
3300029083_5,0.4827375,1999749.0,0.3403247107511993,genomic_traits+gtdb_distance+rrna16s
3300005298_1,0.48275733,5265462.0,0.5492556968410369,genomic_traits+gtdb_distance+rrna16s
3300029873_12,0.48276606,3600562.0,0.4375528042566688,genomic_traits+gtdb_distance+rrna16s
3300029364_13,0.48282242,2497801.0,0.4669010861954175,genomic_traits+gtdb_distance+rrna16s
3300029696_11,0.48283657,2641480.0,0.4498716628556718,genomic_traits+gtdb_distance+rrna16s
3300029794_27,0.48290202,2308294.0,0.4107405729079571,genomic_traits+gtdb_distance+rrna16s
3300029789_13,0.48291314,2509345.0,0.6003259814812232,genomic_traits+gtdb_distance+rrna16s
3300027185_1,0.4829664,2098664.0,0.5171833128123415,genomic_traits+gtdb_distance+rrna16s
3300029733_12,0.48302862,2817802.0,0.5483980066732865,genomic_traits+gtdb_distance+rrna16s
3300029390_15,0.4830559,2400926.0,0.5215054524795849,genomic_traits+gtdb_distance+rrna16s
3300029307_18,0.48311004,2252219.0,0.4617366250795326,genomic_traits+gtdb_distance+rrna16s
3300009767_23,0.48312005,2827057.0,0.3695008625577765,genomic_traits+gtdb_distance+rrna16s
3300022905_29,0.4832166,2118124.0,0.6948011542289309,genomic_traits+gtdb_distance
3300029763_7,0.48324966,4643562.0,0.451215252429062,genomic_traits+gtdb_distance+rrna16s
3300029760_16,0.48328924,2296331.0,0.4717616928918348,genomic_traits+gtdb_distance+rrna16s
3300011418_10,0.48333073,2472326.0,0.4193318356883356,genomic_traits+gtdb_distance+rrna16s
3300029749_12,0.4833756,3481294.0,0.5126395529938006,genomic_traits+gtdb_distance+rrna16s
3300029204_18,0.48344177,2057101.0,0.4944341575839008,genomic_traits+gtdb_distance+rrna16s
3300029462_10,0.48353362,2437386.0,0.5402316251919064,genomic_traits+gtdb_distance+rrna16s
3300014927_3,0.48363015,5388739.0,0.4341915613281697,genomic_traits+gtdb_distance+rrna16s
3300029359_16,0.4837621,2428099.0,0.4567284941841333,genomic_traits+gtdb_distance+rrna16s
3300011511_2,0.48383123,3804974.0,0.3854000053614032,genomic_traits+gtdb_distance+rrna16s
3300029414_13,0.48383787,2497132.0,0.4344279757738077,genomic_traits+gtdb_distance+rrna16s
3300028975_5,0.48396206,2037680.0,0.3873871265360606,genomic_traits+gtdb_distance+rrna16s
3300027055_2,0.4839703,3766189.0,0.4386415551635884,genomic_traits+gtdb_distance+rrna16s
3300029354_4,0.48397252,4610887.0,0.4496763854763736,genomic_traits+gtdb_distance+rrna16s
3300029398_9,0.48397785,2990016.0,0.4360070314005008,genomic_traits+gtdb_distance+rrna16s
3300029718_5,0.48404416,5115681.0,0.4134059570954483,genomic_traits+gtdb_distance+rrna16s
3300006488_1,0.48424023,2674839.0,0.4016114614748775,genomic_traits+gtdb_distance+rrna16s
3300028400_14,0.48425436,3411909.0,0.3697073984095121,genomic_traits+gtdb_distance+rrna16s
3300029709_12,0.48433405,3105922.0,0.434468412278222,genomic_traits+gtdb_distance+rrna16s
3300029847_20,0.48436671,2394650.0,0.4366901217296891,genomic_traits+gtdb_distance+rrna16s
3300028571_32,0.48437232,2611918.0,0.5445094371262804,genomic_traits+gtdb_distance+rrna16s
3300029419_10,0.48438963,3231698.0,0.4816508225706734,genomic_traits+gtdb_distance+rrna16s
3300029389_10,0.48439267,3212010.0,0.4396041730878796,genomic_traits+gtdb_distance+rrna16s
3300011681_1,0.48453927,4632477.0,0.3746315416136982,genomic_traits+gtdb_distance+rrna16s
3300011977_9,0.48454264,2813771.0,0.4892558776105091,genomic_traits+gtdb_distance+rrna16s
3300029364_16,0.4845767,2204052.0,0.4588589561407807,genomic_traits+gtdb_distance+rrna16s
3300022857_9,0.48461983,3403600.0,0.376883006228699,genomic_traits+gtdb_distance+rrna16s
3300008497_3,0.48470882,4645990.0,0.4501621828716807,genomic_traits+gtdb_distance+rrna16s
3300008073_3,0.48482013,3307116.0,0.4675490669211482,genomic_traits+gtdb_distance+rrna16s
3300029571_8,0.485048,4449617.0,0.4531691154542065,genomic_traits+gtdb_distance+rrna16s
3300013704_1,0.48505,4026010.0,0.386670922327565,genomic_traits+gtdb_distance+rrna16s
3300011736_6,0.48522633,3901074.0,0.3863161785703116,genomic_traits+gtdb_distance+rrna16s
3300029372_16,0.48532933,2467485.0,0.4371900943673416,genomic_traits+gtdb_distance+rrna16s
3300029700_18,0.485363,2325688.0,0.4372839349044239,genomic_traits+gtdb_distance+rrna16s
3300029336_27,0.48543018,2022364.0,0.4748116560619156,genomic_traits+gtdb_distance+rrna16s
3300029793_22,0.4854797,2218339.0,0.4302034089469643,genomic_traits+gtdb_distance+rrna16s
3300028557_34,0.48553067,2435683.0,0.5459343436728015,genomic_traits+gtdb_distance+rrna16s
3300017419_3,0.4855358,5576887.0,0.5503704844656168,genomic_traits+gtdb_distance+rrna16s
3300027743_11,0.48563576,3017871.0,0.497944411805541,genomic_traits+gtdb_distance+rrna16s
3300011460_2,0.48570648,3891577.0,0.386635289498319,genomic_traits+gtdb_distance+rrna16s
3300029786_15,0.48571417,2377972.0,0.4386582348320333,genomic_traits+gtdb_distance+rrna16s
3300014901_2,0.4857275,3899002.0,0.3866843361455059,genomic_traits+gtdb_distance+rrna16s
3300011835_3,0.48573336,3414563.0,0.399544539081575,genomic_traits+gtdb_distance+rrna16s
3300011679_3,0.48573595,4058459.0,0.6736177450603789,genomic_traits+gtdb_distance+rrna16s
3300029584_10,0.4857854,3801232.0,0.601654410990963,genomic_traits+gtdb_distance+rrna16s
3300029458_9,0.48578966,2379926.0,0.4387480955290206,genomic_traits+gtdb_distance+rrna16s
3300029821_20,0.4858081,3390969.0,0.639483286340866,genomic_traits+gtdb_distance+rrna16s
3300029820_10,0.48581806,3903673.0,0.4504198994126813,genomic_traits+gtdb_distance+rrna16s
3300006979_1,0.48587528,2090322.0,0.3573339418520209,genomic_traits+gtdb_distance+rrna16s
3300029026_8,0.48588598,2059893.0,0.4411777699132916,genomic_traits+gtdb_distance+rrna16s
3300022177_21,0.48600167,3092196.0,0.5182287927414692,genomic_traits+gtdb_distance+rrna16s
3300008499_6,0.4861034,3210685.0,0.4343409583936138,genomic_traits+gtdb_distance+rrna16s
3300029230_13,0.48612273,2440632.0,0.4631259444275089,genomic_traits+gtdb_distance+rrna16s
3300029135_21,0.48615494,2494762.0,0.4376585822615544,genomic_traits+gtdb_distance+rrna16s
3300028602_37,0.4861736,2337687.0,0.4551434815696027,genomic_traits+gtdb_distance+rrna16s
3300014050_10,0.486185,2853544.0,0.4254152029896858,genomic_traits+gtdb_distance+rrna16s
3300008131_7,0.4862151,2115654.0,0.5101174388628764,genomic_traits+gtdb_distance+rrna16s
3300029329_19,0.4862221,2302778.0,0.4713732717613248,genomic_traits+gtdb_distance+rrna16s
3300029731_14,0.4862518,2428735.0,0.436767700057849,genomic_traits+gtdb_distance+rrna16s
3300029369_15,0.48625425,2470811.0,0.4371552498349732,genomic_traits+gtdb_distance+rrna16s
3300029058_16,0.48629522,2278162.0,0.4080078589670093,genomic_traits+gtdb_distance+rrna16s
3300011726_2,0.48629725,4480893.0,0.6645371804236343,genomic_traits+gtdb_distance+rrna16s
3300008058_7,0.4863954,3859725.0,0.4559485455570021,genomic_traits+gtdb_distance+rrna16s
3300008518_4,0.4864005,2737694.0,0.3842821732450741,genomic_traits+gtdb_distance+rrna16s
3300029779_10,0.48641357,2411981.0,0.4712690522852377,genomic_traits+gtdb_distance+rrna16s
3300029482_16,0.48644438,2262962.0,0.388028610290407,genomic_traits+gtdb_distance+rrna16s
3300020057_24,0.48645473,2743533.0,0.4854131515822846,genomic_traits+gtdb_distance+rrna16s
3300025665_20,0.48651564,1844145.0,0.4242095930634522,genomic_traits+gtdb_distance+rrna16s
3300029815_22,0.48653132,2389269.0,0.4343303328340174,genomic_traits+gtdb_distance+rrna16s
3300029845_14,0.4865881,2893218.0,0.437179984363432,genomic_traits+gtdb_distance+rrna16s
3300029335_7,0.48667258,4567454.0,0.4546602987134627,genomic_traits+gtdb_distance+rrna16s
3300029610_16,0.48669973,2604692.0,0.5375791072418543,genomic_traits+gtdb_distance+rrna16s
3300027386_11,0.48672426,4494398.0,0.6274920467657737,genomic_traits+gtdb_distance
3300007928_1,0.486733,1775253.0,0.4165631602932089,genomic_traits+gtdb_distance+rrna16s
3300029333_18,0.48675585,2456260.0,0.4375994397987184,genomic_traits+gtdb_distance+rrna16s
3300008063_22,0.48678455,2093977.0,0.4100045033923486,genomic_traits+gtdb_distance+rrna16s
3300029321_9,0.4867915,2307152.0,0.4381674896149018,genomic_traits+gtdb_distance+rrna16s
3300029365_23,0.4868642,2453958.0,0.5512184805118914,genomic_traits+gtdb_distance+rrna16s
3300029734_20,0.48692715,2322539.0,0.5640223910125944,genomic_traits+gtdb_distance+rrna16s
3300012182_10,0.48700136,2832724.0,0.602479097857751,genomic_traits+gtdb_distance
3300029247_16,0.48703805,2365511.0,0.4382537219230855,genomic_traits+gtdb_distance+rrna16s
3300029405_12,0.48715603,2471923.0,0.4369699217977259,genomic_traits+gtdb_distance+rrna16s
3300029784_22,0.48717085,2351025.0,0.4679618464286854,genomic_traits+gtdb_distance+rrna16s
3300025231_3,0.48723686,5497276.0,0.4474861731519392,genomic_traits+gtdb_distance+rrna16s
3300029541_14,0.4873628,2414871.0,0.4349449722159071,genomic_traits+gtdb_distance+rrna16s
3300024058_15,0.48743677,2002121.0,0.4029122115995986,genomic_traits+gtdb_distance+rrna16s
3300028992_4,0.4874449,4460279.0,0.4534543691100938,genomic_traits+gtdb_distance+rrna16s
3300029490_26,0.4874666,2342852.0,0.4388390730613798,genomic_traits+gtdb_distance+rrna16s
3300029881_10,0.48753595,3170775.0,0.4337012244640505,genomic_traits+gtdb_distance+rrna16s
3300005300_10,0.48754397,2027356.0,0.6263196991549584,genomic_traits+gtdb_distance+rrna16s
3300029504_8,0.4875554,2457029.0,0.4365695317393486,genomic_traits+gtdb_distance+rrna16s
3300029887_8,0.48759985,3038944.0,0.4885338459675466,genomic_traits+gtdb_distance+rrna16s
3300007798_14,0.48767138,2425202.0,0.4882648950479176,genomic_traits+gtdb_distance+rrna16s
3300029465_10,0.487847,2418096.0,0.4389887746392202,genomic_traits+gtdb_distance+rrna16s
3300029698_6,0.4878982,3242406.0,0.4331240443053707,genomic_traits+gtdb_distance+rrna16s
3300025696_13,0.4879467,3079702.0,0.4600740591135116,genomic_traits+gtdb_distance+rrna16s
3300011839_2,0.48800582,4943669.0,0.6629333395904944,genomic_traits+gtdb_distance+rrna16s
3300025614_19,0.48801076,1824050.0,0.4245788218524711,genomic_traits+gtdb_distance+rrna16s
3300021490_3,0.48812804,2848092.0,0.4967156959817309,genomic_traits+gtdb_distance+rrna16s
3300020700_6,0.48815066,1809313.0,0.4219795027173297,genomic_traits+gtdb_distance+rrna16s
3300029132_14,0.4881657,2363025.0,0.4386394557823129,genomic_traits+gtdb_distance+rrna16s
3300025503_31,0.4881784,2005546.0,0.4061846499656452,genomic_traits+gtdb_distance+rrna16s
3300028628_16,0.48822856,3163998.0,0.4896883626348689,genomic_traits+gtdb_distance+rrna16s
3300027819_88,0.48827142,1612659.0,0.42405617058535,genomic_traits+gtdb_distance+rrna16s
3300029376_17,0.48831314,2517225.0,0.4635008789440753,genomic_traits+gtdb_distance+rrna16s
3300000167_11,0.4883515,1725987.0,0.4240049316709801,genomic_traits+gtdb_distance+rrna16s
3300024339_13,0.48846048,2399425.0,0.5354795419735978,genomic_traits+gtdb_distance+rrna16s
3300014678_1,0.48851818,3891975.0,0.3867825461366016,genomic_traits+gtdb_distance+rrna16s
3300029240_14,0.48853,2721419.0,0.4372027975111514,genomic_traits+gtdb_distance+rrna16s
3300029521_16,0.48857805,2337851.0,0.4346803966548766,genomic_traits+gtdb_distance+rrna16s
3300008520_7,0.48873293,3071664.0,0.4337349397590361,genomic_traits+gtdb_distance+rrna16s
3300029905_9,0.4887334,2424094.0,0.4743966199330554,genomic_traits+gtdb_distance+rrna16s
3300014696_4,0.48876557,2116333.0,0.47890856495646,genomic_traits+gtdb_distance+rrna16s
3300029564_19,0.48880258,2432632.0,0.4380568043172991,genomic_traits+gtdb_distance+rrna16s
3300013830_15,0.48880747,2637566.0,0.5773804333237538,genomic_traits+gtdb_distance+rrna16s
3300001419_15,0.4888096,2093102.0,0.5063527721057072,genomic_traits+gtdb_distance+rrna16s
3300027592_10,0.48883867,4484126.0,0.37451423086684,genomic_traits+gtdb_distance+rrna16s
3300028127_6,0.4888462,2166306.0,0.5095360489238362,genomic_traits+gtdb_distance+rrna16s
3300014599_3,0.48891968,2962814.0,0.4335992742035106,genomic_traits+gtdb_distance+rrna16s
3300029796_24,0.4889284,2253344.0,0.4703968856952156,genomic_traits+gtdb_distance+rrna16s
3300006093_4,0.48895422,1967349.0,0.5073527879395064,genomic_traits+gtdb_distance+rrna16s
3300025679_17,0.48897806,2882571.0,0.4640499748314959,genomic_traits+gtdb_distance+rrna16s
3300022908_5,0.48913223,7484344.0,0.5022514999310561,genomic_traits+gtdb_distance+rrna16s
3300029423_10,0.4891924,2492154.0,0.4349955901601586,genomic_traits+gtdb_distance+rrna16s
3300029431_7,0.48920497,4288433.0,0.4521518699254483,genomic_traits+gtdb_distance+rrna16s
3300029025_3,0.4892258,2570585.0,0.4851261483281043,genomic_traits+gtdb_distance+rrna16s
3300029412_21,0.48925453,2021963.0,0.5172794952232064,genomic_traits+gtdb_distance+rrna16s
3300029370_15,0.48941228,2437492.0,0.436438765747744,genomic_traits+gtdb_distance+rrna16s
3300029406_7,0.4895578,2870495.0,0.4370340307159566,genomic_traits+gtdb_distance+rrna16s
3300029760_11,0.48959294,2962191.0,0.4378897241940171,genomic_traits+gtdb_distance+rrna16s
3300029766_7,0.48959693,4735618.0,0.4496631696222119,genomic_traits+gtdb_distance+rrna16s
3300029332_13,0.48961395,2378042.0,0.4101294258049269,genomic_traits+gtdb_distance+rrna16s
3300029579_11,0.48966977,2983157.0,0.4492800747664303,genomic_traits+gtdb_distance+rrna16s
3300007353_4,0.48967305,4456910.0,0.4485571842375098,genomic_traits+gtdb_distance+rrna16s
3300024326_9,0.48984438,2487291.0,0.5057594788868693,genomic_traits+gtdb_distance+rrna16s
3300008636_23,0.48992425,1678522.0,0.4540101351069572,genomic_traits+gtdb_distance+rrna16s
3300029711_14,0.4899627,2560829.0,0.4854998127559474,genomic_traits+gtdb_distance+rrna16s
3300029374_22,0.49001205,2144335.0,0.501695397407588,genomic_traits+gtdb_distance+rrna16s
3300006294_2,0.49003467,2665963.0,0.400541192807252,genomic_traits+gtdb_distance+rrna16s
3300024936_3,0.490128,2752556.0,0.6143326420970182,genomic_traits+gtdb_distance+rrna16s
3300011522_5,0.49016914,2888011.0,0.4149804138557644,genomic_traits+gtdb_distance+rrna16s
3300029573_22,0.49018043,2353722.0,0.4707539802916402,genomic_traits+gtdb_distance+rrna16s
3300029387_10,0.49022144,2856576.0,0.4360685660034951,genomic_traits+gtdb_distance+rrna16s
3300018020_18,0.49024418,3135386.0,0.6211783812264263,genomic_traits+gtdb_distance+rrna16s
3300029555_14,0.49033555,2125527.0,0.3883436907646903,genomic_traits+gtdb_distance+rrna16s
3300014071_2,0.4903387,3962167.0,0.3637337850726635,genomic_traits+gtdb_distance+rrna16s
3300029725_13,0.49035496,2473768.0,0.4365453833989283,genomic_traits+gtdb_distance+rrna16s
3300029038_5,0.49037087,2069124.0,0.4078822728845637,genomic_traits+gtdb_distance+rrna16s
3300009767_1,0.49043542,6458246.0,0.5730514136500839,genomic_traits+gtdb_distance+rrna16s
3300007664_14,0.49043822,2417425.0,0.4745578456415401,genomic_traits+gtdb_distance+rrna16s
3300021467_7,0.4904561,3105350.0,0.4973790393997456,genomic_traits+gtdb_distance+rrna16s
3300029439_18,0.49054274,2333597.0,0.5216770504932943,genomic_traits+gtdb_distance+rrna16s
3300024339_24,0.4905858,1576452.0,0.4935608569115964,genomic_traits+gtdb_distance+rrna16s
3300029015_8,0.49063113,2619780.0,0.4470005114933315,genomic_traits+gtdb_distance+rrna16s
3300029543_15,0.49070233,2339713.0,0.4377301831463944,genomic_traits+gtdb_distance+rrna16s
3300007501_12,0.49070314,2757181.0,0.4842039750020038,genomic_traits+gtdb_distance+rrna16s
3300029417_16,0.49071732,2333900.0,0.4339307596726509,genomic_traits+gtdb_distance+rrna16s
3300007067_6,0.49080142,2497491.0,0.5847292342595029,genomic_traits+gtdb_distance+rrna16s
3300029495_16,0.49081868,2496745.0,0.5370320156844212,genomic_traits+gtdb_distance+rrna16s
3300020221_59,0.4908341,2116496.0,0.4095646767109411,genomic_traits+gtdb_distance+rrna16s
3300009503_128,0.49085453,1956908.0,0.4552866051955431,genomic_traits+gtdb_distance+rrna16s
3300011899_1,0.49086624,3858455.0,0.6496719541889175,genomic_traits+gtdb_distance+rrna16s
3300025822_21,0.4908846,1745635.0,0.4518241213082918,genomic_traits+gtdb_distance+rrna16s
3300024956_5,0.49096313,3851835.0,0.4088973177719191,genomic_traits+gtdb_distance+rrna16s
3300011679_4,0.4910287,3909144.0,0.3882161925986865,genomic_traits+gtdb_distance+rrna16s
3300029529_5,0.49114245,3723265.0,0.4568047130676973,genomic_traits+gtdb_distance+rrna16s
3300029830_11,0.49116492,2981813.0,0.4913208843076343,genomic_traits+gtdb_distance+rrna16s
3300007109_4,0.49129745,4578299.0,0.4522485316052971,genomic_traits+gtdb_distance+rrna16s
3300029779_11,0.49130556,2404239.0,0.5376986231402119,genomic_traits+gtdb_distance+rrna16s
3300007062_3,0.49132043,2903769.0,0.5798160941865554,genomic_traits+gtdb_distance+rrna16s
3300029425_14,0.49145943,2312618.0,0.4714808066010037,genomic_traits+gtdb_distance+rrna16s
3300017423_4,0.49152675,4940147.0,0.5298032629393417,genomic_traits+gtdb_distance+rrna16s
3300014037_28,0.49165067,1497737.0,0.3804693347363388,genomic_traits+gtdb_distance+rrna16s
3300029875_17,0.49169874,2392768.0,0.4374147430925187,genomic_traits+gtdb_distance+rrna16s
3300027788_18,0.49179277,3032196.0,0.4708458819944357,genomic_traits+gtdb_distance+rrna16s
3300029434_24,0.49184605,2459115.0,0.440063193465942,genomic_traits+gtdb_distance+rrna16s
3300029206_14,0.49188164,2367472.0,0.437460295200957,genomic_traits+gtdb_distance+rrna16s
3300007300_11,0.49191138,2148322.0,0.4916492965207264,genomic_traits+gtdb_distance+rrna16s
3300029588_12,0.49195853,3299768.0,0.4325482882432946,genomic_traits+gtdb_distance+rrna16s
3300029030_2,0.49197966,3285639.0,0.4335266290666747,genomic_traits+gtdb_distance+rrna16s
3300000212_13,0.49198356,1556961.0,0.4936507722415654,genomic_traits+gtdb_distance+rrna16s
3300029402_13,0.49199045,2467016.0,0.4371710600985157,genomic_traits+gtdb_distance+rrna16s
3300029702_20,0.4920227,2722790.0,0.5562951972058072,genomic_traits+gtdb_distance+rrna16s
3300023298_5,0.49209222,3218278.0,0.4895493801343451,genomic_traits+gtdb_distance+rrna16s
3300029617_25,0.49212396,2293317.0,0.4720058325996799,genomic_traits+gtdb_distance+rrna16s
3300007666_10,0.49227208,2131469.0,0.4293925926203946,genomic_traits+gtdb_distance+rrna16s
3300029518_11,0.4923579,2388204.0,0.4372649907629331,genomic_traits+gtdb_distance+rrna16s
3300006312_4,0.492392,4647117.0,0.4519031907309414,genomic_traits+gtdb_distance+rrna16s
3300027896_43,0.49242476,3033580.0,0.4593905550537648,genomic_traits+gtdb_distance+rrna16s
3300025640_25,0.4924696,2345311.0,0.4275172887518969,genomic_traits+gtdb_distance+rrna16s
3300022821_3,0.49250948,3435534.0,0.4047135030536737,genomic_traits+gtdb_distance+rrna16s
3300029106_5,0.49254096,3041688.0,0.4363997885384694,genomic_traits+gtdb_distance+rrna16s
3300026516_47,0.49271643,2809255.0,0.5131413844595809,genomic_traits+gtdb_distance+rrna16s
3300008486_17,0.49281055,2093548.0,0.4303130379623491,genomic_traits+gtdb_distance+rrna16s
3300027499_12,0.49285066,2060414.0,0.5900047272053093,genomic_traits+gtdb_distance+rrna16s
3300021426_31,0.49286962,2968276.0,0.5152987794935512,genomic_traits+gtdb_distance+rrna16s
3300027028_7,0.49294996,3548201.0,0.4793169834516139,genomic_traits+gtdb_distance+rrna16s
3300029523_20,0.49295408,2344460.0,0.4365098999343132,genomic_traits+gtdb_distance+rrna16s
3300029476_11,0.4930173,2319672.0,0.4372656996333964,genomic_traits+gtdb_distance+rrna16s
3300029360_35,0.49307787,1857846.0,0.4819586768763396,genomic_traits+gtdb_distance+rrna16s
3300029892_4,0.4931339,3242086.0,0.6246317957019031,genomic_traits+gtdb_distance+rrna16s
3300026516_32,0.4931577,3921473.0,0.6063560809930351,genomic_traits+gtdb_distance+rrna16s
3300027965_56,0.49336648,2470720.0,0.4049511883175754,genomic_traits+gtdb_distance+rrna16s
3300029418_10,0.49341106,2895524.0,0.4377929521565009,genomic_traits+gtdb_distance+rrna16s
3300014593_1,0.4934698,4904698.0,0.6691296793400939,genomic_traits+gtdb_distance+rrna16s
3300029730_14,0.49347952,2381116.0,0.4393914450198982,genomic_traits+gtdb_distance+rrna16s
3300011675_3,0.49349982,3195996.0,0.4148709823166236,genomic_traits+gtdb_distance+rrna16s
3300023227_6,0.49361333,1783085.0,0.5242458996626633,genomic_traits+gtdb_distance+rrna16s
3300029551_15,0.4936143,2609156.0,0.4856896253041213,genomic_traits+gtdb_distance+rrna16s
3300027690_48,0.49363682,2736300.0,0.422964587216314,genomic_traits+gtdb_distance+rrna16s
3300029137_7,0.4936695,3022547.0,0.5865599443118668,genomic_traits+gtdb_distance+rrna16s
3300028175_17,0.4937022,1543100.0,0.4931851467824509,genomic_traits+gtdb_distance+rrna16s
3300017688_6,0.49371105,2205896.0,0.5606592513880981,genomic_traits+gtdb_distance+rrna16s
3300029329_12,0.4937401,3035654.0,0.4373650620261729,genomic_traits+gtdb_distance+rrna16s
3300029441_10,0.4937401,2992105.0,0.4357948668245265,genomic_traits+gtdb_distance+rrna16s
3300029404_5,0.49374428,4861930.0,0.4508499711020109,genomic_traits+gtdb_distance+rrna16s
3300029872_18,0.49383757,2051221.0,0.4071950316421292,genomic_traits+gtdb_distance+rrna16s
3300006428_5,0.49387527,2616995.0,0.5643247312279924,genomic_traits+gtdb_distance+rrna16s
3300029113_14,0.49388167,2313347.0,0.4382023103321724,genomic_traits+gtdb_distance+rrna16s
3300029371_14,0.4938934,2471792.0,0.4371990037996724,genomic_traits+gtdb_distance+rrna16s
3300029240_19,0.49399412,2405276.0,0.4382291263040083,genomic_traits+gtdb_distance+rrna16s
3300025724_22,0.49405873,2836828.0,0.5267703928472223,genomic_traits+gtdb_distance+rrna16s
3300029744_13,0.49407727,2698308.0,0.5408374433163301,genomic_traits+gtdb_distance+rrna16s
3300025677_45,0.49412304,1869710.0,0.4033716458702152,genomic_traits+gtdb_distance+rrna16s
3300029672_13,0.49417743,2279423.0,0.4325419195998286,genomic_traits+gtdb_distance+rrna16s
3300029618_19,0.4942499,2460211.0,0.5468518757130995,genomic_traits+gtdb_distance+rrna16s
3300011754_5,0.49425578,2615627.0,0.4476544247325784,genomic_traits+gtdb_distance+rrna16s
3300026534_13,0.49430817,3924011.0,0.5346952391315927,genomic_traits+gtdb_distance+rrna16s
3300022887_7,0.4943485,1660438.0,0.5247386532950944,genomic_traits+gtdb_distance+rrna16s
3300013703_1,0.49438024,3731439.0,0.3868668360919206,genomic_traits+gtdb_distance+rrna16s
3300029060_4,0.49438664,3477559.0,0.4535388184643308,genomic_traits+gtdb_distance+rrna16s
3300022905_30,0.4944756,2086695.0,0.4391010665190648,genomic_traits+gtdb_distance+rrna16s
3300010375_75,0.49458387,1840910.0,0.4518982459761748,genomic_traits+gtdb_distance+rrna16s
3300027838_7,0.49458817,5050996.0,0.5844803678324038,genomic_traits+gtdb_distance+rrna16s
3300007921_4,0.494836,4486011.0,0.4312499456644221,genomic_traits+gtdb_distance+rrna16s
3300011764_3,0.49494737,3420637.0,0.4002611209549566,genomic_traits+gtdb_distance+rrna16s
3300008412_7,0.49505347,2228489.0,0.5404554386402626,genomic_traits+gtdb_distance+rrna16s
3300029548_12,0.49508977,2576883.0,0.597956911508982,genomic_traits+gtdb_distance+rrna16s
3300014600_4,0.49512908,2466401.0,0.3492149086867869,genomic_traits+gtdb_distance+rrna16s
3300025094_26,0.495134,2572949.0,0.410789720278171,genomic_traits+gtdb_distance+rrna16s
3300011858_3,0.49514002,2894182.0,0.4260993261653897,genomic_traits+gtdb_distance+rrna16s
3300029531_14,0.4951553,2317461.0,0.437777809421604,genomic_traits+gtdb_distance+rrna16s
3300029754_5,0.49526292,4453623.0,0.4551016105314707,genomic_traits+gtdb_distance+rrna16s
3300029375_21,0.49528757,2243752.0,0.4718266546391936,genomic_traits+gtdb_distance+rrna16s
3300014555_8,0.49541226,2141780.0,0.4775896684066524,genomic_traits+gtdb_distance+rrna16s
3300029764_19,0.4954486,2073666.0,0.5009765314182708,genomic_traits+gtdb_distance+rrna16s
3300029795_23,0.4954684,2396979.0,0.4719323782144107,genomic_traits+gtdb_distance+rrna16s
3300015214_72,0.49548632,2053126.0,0.4234085000141248,genomic_traits+gtdb_distance+rrna16s
3300025722_20,0.49558997,1874948.0,0.4239600244913459,genomic_traits+gtdb_distance+rrna16s
3300029777_11,0.49568346,2386798.0,0.435713034785516,genomic_traits+gtdb_distance+rrna16s
3300029422_12,0.49575377,2991237.0,0.4361359531190608,genomic_traits+gtdb_distance+rrna16s
3300029656_15,0.49578756,2369308.0,0.43769024542187,genomic_traits+gtdb_distance+rrna16s
3300029390_16,0.49580243,2274094.0,0.4717593028256527,genomic_traits+gtdb_distance+rrna16s
3300029462_11,0.4958224,2381092.0,0.3139084924060053,genomic_traits+gtdb_distance+rrna16s
3300029561_15,0.4958288,2475820.0,0.5467962129718639,genomic_traits+gtdb_distance+rrna16s
3300029708_11,0.49598882,3185109.0,0.4339590889982101,genomic_traits+gtdb_distance+rrna16s
3300008272_27,0.4961222,1856359.0,0.4119440259130911,genomic_traits+gtdb_distance+rrna16s
3300029463_10,0.49630114,2391743.0,0.4366894770884664,genomic_traits+gtdb_distance+rrna16s
3300029717_13,0.49635848,3289812.0,0.4337108017114656,genomic_traits+gtdb_distance+rrna16s
3300029709_21,0.49652952,2592493.0,0.5829176780805194,genomic_traits+gtdb_distance+rrna16s
3300005858_9,0.49664506,2314965.0,0.6893076137220218,genomic_traits+gtdb_distance
3300029307_16,0.49680808,2359787.0,0.3160408121580464,genomic_traits+gtdb_distance+rrna16s
3300011757_6,0.49686307,3584403.0,0.2960721771519553,genomic_traits+gtdb_distance+rrna16s
3300025703_9,0.49686384,4291174.0,0.5811171954341633,genomic_traits+gtdb_distance+rrna16s
3300014934_8,0.49701363,2169460.0,0.4401639117568427,genomic_traits+gtdb_distance+rrna16s
3300025571_10,0.49702406,5791223.0,0.6392963973240194,genomic_traits+gtdb_distance+rrna16s
3300008421_11,0.4970255,2114956.0,0.5027858735595445,genomic_traits+gtdb_distance+rrna16s
3300029456_10,0.4970581,2304198.0,0.4381619982310548,genomic_traits+gtdb_distance+rrna16s
3300029333_17,0.4970722,2480416.0,0.528469821191284,genomic_traits+gtdb_distance+rrna16s
3300029878_14,0.49707904,2690526.0,0.4488289650425233,genomic_traits+gtdb_distance+rrna16s
3300017480_5,0.49717453,8107042.0,0.4880480451439625,genomic_traits+gtdb_distance+rrna16s
3300024324_21,0.49717468,1968980.0,0.4237168483174029,genomic_traits+gtdb_distance+rrna16s
3300011929_2,0.497202,4339077.0,0.6667798243727872,genomic_traits+gtdb_distance+rrna16s
3300027832_15,0.49720737,6116874.0,0.5032514974151829,genomic_traits+gtdb_distance+rrna16s
3300024513_1,0.4972135,4473148.0,0.4813350687256491,genomic_traits+gtdb_distance+rrna16s
3300020467_6,0.497295,4385090.0,0.402091405193508,genomic_traits+gtdb_distance+rrna16s
3300027823_61,0.4972965,2506634.0,0.4750502067713116,genomic_traits+gtdb_distance+rrna16s
3300029336_23,0.49732882,2268553.0,0.5394817753872182,genomic_traits+gtdb_distance+rrna16s
3300029013_13,0.4973291,2210466.0,0.4603974908458216,genomic_traits+gtdb_distance+rrna16s
3300014694_4,0.49733916,3484955.0,0.5898845178775622,genomic_traits+gtdb_distance+rrna16s
3300029564_16,0.49735585,2657185.0,0.4846470983390317,genomic_traits+gtdb_distance+rrna16s
3300014601_2,0.49735603,3983642.0,0.386317595808057,genomic_traits+gtdb_distance+rrna16s
3300029372_17,0.497406,2346479.0,0.4885558319507654,genomic_traits+gtdb_distance+rrna16s
3300029420_18,0.4974395,2427524.0,0.4354123790331218,genomic_traits+gtdb_distance+rrna16s
3300014669_2,0.49744278,3760826.0,0.3729638116732867,genomic_traits+gtdb_distance+rrna16s
3300011530_2,0.49744675,4601102.0,0.6804100408988977,genomic_traits+gtdb_distance+rrna16s
3300029610_21,0.49763376,2276209.0,0.4381486937271577,genomic_traits+gtdb_distance+rrna16s
3300017389_6,0.49771532,2505101.0,0.3647844937190157,genomic_traits+gtdb_distance+rrna16s
3300029355_16,0.49780613,2290609.0,0.5018848699188732,genomic_traits+gtdb_distance+rrna16s
3300002247_1,0.4979836,2572989.0,0.6036042128435062,genomic_traits+gtdb_distance+rrna16s
3300029575_8,0.49808812,4617785.0,0.4503189299631749,genomic_traits+gtdb_distance+rrna16s
3300025775_25,0.4981732,2594821.0,0.37360958617184,genomic_traits+gtdb_distance+rrna16s
3300014505_1,0.49821386,2745941.0,0.3768675292003725,genomic_traits+gtdb_distance+rrna16s
3300007095_5,0.49823216,1955184.0,0.3399081620962528,genomic_traits+gtdb_distance+rrna16s
3300029438_9,0.49824154,3056745.0,0.4348023796554832,genomic_traits+gtdb_distance+rrna16s
3300020180_11,0.49831316,7022494.0,0.5938663671339556,genomic_traits+gtdb_distance+rrna16s
3300011616_5,0.49837965,2082688.0,0.3915963408825518,genomic_traits+gtdb_distance+rrna16s
3300029044_15,0.4984344,1995946.0,0.4094775109146239,genomic_traits+gtdb_distance+rrna16s
3300029561_16,0.49846774,2425607.0,0.4359898367707547,genomic_traits+gtdb_distance+rrna16s
3300014564_12,0.4984925,2216029.0,0.4397807970924568,genomic_traits+gtdb_distance+rrna16s
3300029621_32,0.4985318,1927096.0,0.5292133863595794,genomic_traits+gtdb_distance+rrna16s
3300027800_24,0.49855605,3566201.0,0.6140643783118226,genomic_traits+gtdb_distance+rrna16s
3300025446_8,0.49857765,3888070.0,0.6257359049605589,genomic_traits+gtdb_distance+rrna16s
3300029796_22,0.49860772,2460015.0,0.5858216311689156,genomic_traits+gtdb_distance+rrna16s
3300027839_87,0.49861643,1306987.0,0.4892711251144808,genomic_traits+gtdb_distance
3300008068_2,0.49862093,1959204.0,0.3066857764684024,genomic_traits+gtdb_distance+rrna16s
3300011880_3,0.4986285,3194263.0,0.4157052816252137,genomic_traits+gtdb_distance+rrna16s
3300029346_6,0.4986286,4835382.0,0.4519026624990538,genomic_traits+gtdb_distance+rrna16s
3300029771_17,0.49864465,2369589.0,0.4372399601787483,genomic_traits+gtdb_distance+rrna16s
3300015370_27,0.49880946,2581323.0,0.520234778832405,genomic_traits+gtdb_distance+rrna16s
3300025393_10,0.49909744,2815064.0,0.4963396924545943,genomic_traits+gtdb_distance+rrna16s
3300024327_25,0.4991073,1603067.0,0.4936456180558891,genomic_traits+gtdb_distance+rrna16s
3300029620_26,0.49911675,2331156.0,0.5444770748933148,genomic_traits+gtdb_distance+rrna16s
3300029690_14,0.499197,2369185.0,0.4382139849779565,genomic_traits+gtdb_distance+rrna16s
3300014731_3,0.49924222,4644472.0,0.4637793058069894,genomic_traits+gtdb_distance+rrna16s
3300025105_26,0.4994275,2887363.0,0.5614860341425723,genomic_traits+gtdb_distance+rrna16s
3300014644_1,0.49945682,5359203.0,0.5545485028277526,genomic_traits+gtdb_distance+rrna16s
3300007141_3,0.4994988,2530720.0,0.5862501580577859,genomic_traits+gtdb_distance+rrna16s
3300014889_1,0.4995958,4444866.0,0.496942540000081,genomic_traits+gtdb_distance+rrna16s
3300029593_7,0.49972853,3100857.0,0.4330109385889126,genomic_traits+gtdb_distance+rrna16s
3300029556_21,0.4998033,2291162.0,0.4387088298426737,genomic_traits+gtdb_distance+rrna16s
3300027752_21,0.49997246,2117633.0,0.4646215845710753,genomic_traits+gtdb_distance+rrna16s
3300021306_43,0.5000751,1249882.0,0.2593332810617322,genomic_traits+gtdb_distance+rrna16s
3300029104_12,0.5001252,2298638.0,0.4065329120983817,genomic_traits+gtdb_distance+rrna16s
3300013482_2,0.500167,3861213.0,0.3875789810093357,genomic_traits+gtdb_distance+rrna16s
3300029039_7,0.5003031,3201008.0,0.460467452752383,genomic_traits+gtdb_distance+rrna16s
3300019458_7,0.5003918,7437238.0,0.5240971177740984,genomic_traits+gtdb_distance+rrna16s
3300007519_17,0.5004262,6001342.0,0.5019773910568669,genomic_traits+gtdb_distance+rrna16s
3300029328_9,0.50052696,2983067.0,0.5895130749661338,genomic_traits+gtdb_distance+rrna16s
3300029433_15,0.50054425,2366057.0,0.4374353618699803,genomic_traits+gtdb_distance+rrna16s
3300020052_29,0.50054693,2079074.0,0.5054937919477613,genomic_traits+gtdb_distance+rrna16s
3300012233_2,0.5006269,3870481.0,0.3864250980692064,genomic_traits+gtdb_distance+rrna16s
3300011733_2,0.50064635,5724114.0,0.4012603522571353,genomic_traits+gtdb_distance+rrna16s
3300007868_2,0.50076056,1260120.0,0.3810303780592324,genomic_traits+gtdb_distance+rrna16s
3300029510_17,0.50076586,2080110.0,0.5683199446183135,genomic_traits+gtdb_distance+rrna16s
3300014713_7,0.50077295,2709613.0,0.3758053271814093,genomic_traits+gtdb_distance+rrna16s
3300007996_16,0.5008295,1651322.0,0.4129782077632346,genomic_traits+gtdb_distance+rrna16s
3300029766_18,0.50086147,2430910.0,0.4685792563278772,genomic_traits+gtdb_distance+rrna16s
3300024353_29,0.5010105,3030591.0,0.4646872507705593,genomic_traits+gtdb_distance+rrna16s
3300024314_6,0.50104964,2414945.0,0.507403688282756,genomic_traits+gtdb_distance+rrna16s
3300021561_18,0.501108,4233595.0,0.5080405659965113,genomic_traits+gtdb_distance+rrna16s
3300029441_31,0.50113463,2011903.0,0.475061173426353,genomic_traits+gtdb_distance+rrna16s
3300027607_10,0.50126475,7617926.0,0.5612139052020195,genomic_traits+gtdb_distance+rrna16s
3300029348_20,0.50133455,2073444.0,0.5011136061547841,genomic_traits+gtdb_distance+rrna16s
3300011616_2,0.5014047,3910434.0,0.3871782518257564,genomic_traits+gtdb_distance+rrna16s
3300011980_15,0.50144994,2126900.0,0.5568832573228643,genomic_traits+gtdb_distance+rrna16s
3300014808_9,0.50157183,2354580.0,0.5646021795819212,genomic_traits+gtdb_distance+rrna16s
3300007705_5,0.50160635,3139586.0,0.4326213710979728,genomic_traits+gtdb_distance+rrna16s
3300029734_22,0.50161606,2273279.0,0.4390160644601916,genomic_traits+gtdb_distance+rrna16s
3300029711_19,0.50166786,2282218.0,0.4788609151273016,genomic_traits+gtdb_distance+rrna16s
3300014790_9,0.50171757,2468686.0,0.5373320057714914,genomic_traits+gtdb_distance+rrna16s
3300029512_16,0.50172174,2099440.0,0.409615897572686,genomic_traits+gtdb_distance+rrna16s
3300014788_11,0.50178415,2274426.0,0.4924446871430418,genomic_traits+gtdb_distance+rrna16s
3300011543_2,0.5017926,4578813.0,0.374609314684832,genomic_traits+gtdb_distance+rrna16s
3300027896_41,0.50182825,3313316.0,0.5308183704783969,genomic_traits+gtdb_distance+rrna16s
3300008061_2,0.501843,2096457.0,0.3954562387876307,genomic_traits+gtdb_distance+rrna16s
3300029422_21,0.50187343,2137645.0,0.4106327290078568,genomic_traits+gtdb_distance+rrna16s
3300029346_16,0.501931,2130425.0,0.5005245432249433,genomic_traits+gtdb_distance+rrna16s
3300014073_4,0.5019729,4279415.0,0.3851715713479529,genomic_traits+gtdb_distance+rrna16s
3300011569_3,0.5019991,2278107.0,0.3659713964269457,genomic_traits+gtdb_distance+rrna16s
3300028911_13,0.5020695,2233604.0,0.5420687821117799,genomic_traits+gtdb_distance+rrna16s
3300025662_7,0.5021498,3384136.0,0.4361547526458748,genomic_traits+gtdb_distance+rrna16s
3300025660_26,0.5021778,1844218.0,0.4243560143106726,genomic_traits+gtdb_distance+rrna16s
3300029603_15,0.5021901,2346858.0,0.4590678260039593,genomic_traits+gtdb_distance+rrna16s
3300029490_28,0.50223064,2110440.0,0.4114525880858968,genomic_traits+gtdb_distance+rrna16s
3300005470_8,0.5022418,1773538.0,0.5298978651712002,genomic_traits+gtdb_distance+rrna16s
3300024186_3,0.50254756,5675220.0,0.574502838656475,genomic_traits+gtdb_distance+rrna16s
3300028048_55,0.502568,2633616.0,0.4876136080582742,genomic_traits+gtdb_distance+rrna16s
3300029394_26,0.50258183,2125055.0,0.5026806365011729,genomic_traits+gtdb_distance+rrna16s
3300029511_12,0.5025868,2666036.0,0.610264077454318,genomic_traits+gtdb_distance+rrna16s
3300029470_5,0.50260246,4437167.0,0.4514641887492627,genomic_traits+gtdb_distance+rrna16s
3300029494_26,0.5026502,2083339.0,0.4948431340266754,genomic_traits+gtdb_distance+rrna16s
3300011526_3,0.5026883,3942605.0,0.6750688948043235,genomic_traits+gtdb_distance+rrna16s
3300012609_6,0.50271136,2933550.0,0.416910909989603,genomic_traits+gtdb_distance+rrna16s
3300025405_2,0.50271845,2312777.0,0.4181384543343349,genomic_traits+gtdb_distance+rrna16s
3300024259_17,0.5027254,3209998.0,0.4791339433856345,genomic_traits+gtdb_distance+rrna16s
3300027706_37,0.5028444,2727996.0,0.5811049576319027,genomic_traits+gtdb_distance+rrna16s
3300011777_4,0.50285125,3058138.0,0.4148923299079374,genomic_traits+gtdb_distance+rrna16s
3300029452_10,0.50286967,2089796.0,0.4093270347919127,genomic_traits+gtdb_distance+rrna16s
3300029848_22,0.5029121,2201692.0,0.4090812883909284,genomic_traits+gtdb_distance+rrna16s
3300007991_15,0.50291646,2324621.0,0.4890564956610131,genomic_traits+gtdb_distance+rrna16s
3300025812_16,0.5029586,2238270.0,0.5085548213575664,genomic_traits+gtdb_distance+rrna16s
3300029855_7,0.5030456,3201425.0,0.4334132456640402,genomic_traits+gtdb_distance+rrna16s
3300007804_4,0.50305176,4349237.0,0.4490895759417111,genomic_traits+gtdb_distance+rrna16s
3300014545_7,0.50315547,1909802.0,0.4838250247931461,genomic_traits+gtdb_distance+rrna16s
3300029795_26,0.5032478,2234572.0,0.5126525348030854,genomic_traits+gtdb_distance+rrna16s
3300029439_14,0.503314,2584695.0,0.4645108997386539,genomic_traits+gtdb_distance+rrna16s
3300029616_10,0.503361,3295811.0,0.5144949149086522,genomic_traits+gtdb_distance+rrna16s
3300027773_28,0.5033656,3787467.0,0.5701699843193353,genomic_traits+gtdb_distance+rrna16s
3300029214_13,0.5034543,2378851.0,0.4878035656709899,genomic_traits+gtdb_distance+rrna16s
3300029246_14,0.50351024,2316082.0,0.4389555292083786,genomic_traits+gtdb_distance+rrna16s
3300029779_14,0.503591,2335089.0,0.4588660218090188,genomic_traits+gtdb_distance+rrna16s
3300029134_10,0.5036187,2338296.0,0.4351331054750981,genomic_traits+gtdb_distance+rrna16s
3300029361_17,0.5036953,2351380.0,0.4387381027311621,genomic_traits+gtdb_distance+rrna16s
3300029121_14,0.50371444,2295734.0,0.5095481445150004,genomic_traits+gtdb_distance+rrna16s
3300008275_7,0.50380003,2313905.0,0.407466598671942,genomic_traits+gtdb_distance+rrna16s
3300007360_4,0.50381875,4349488.0,0.4488188035005499,genomic_traits+gtdb_distance+rrna16s
3300029129_12,0.50383765,2557753.0,0.5413775294174222,genomic_traits+gtdb_distance+rrna16s
3300029191_6,0.50384814,4436368.0,0.4512033266852524,genomic_traits+gtdb_distance+rrna16s
3300027791_33,0.5039376,1350427.0,0.4161853991367175,genomic_traits+gtdb_distance+rrna16s
3300029603_16,0.5039788,2238873.0,0.4703844300234984,genomic_traits+gtdb_distance+rrna16s
3300029221_20,0.50410765,1412329.0,0.3493251218377587,genomic_traits+gtdb_distance+rrna16s
3300025478_17,0.50412744,1820878.0,0.4244463385246018,genomic_traits+gtdb_distance+rrna16s
3300029427_16,0.5042687,2389031.0,0.5374300291624512,genomic_traits+gtdb_distance+rrna16s
3300029326_14,0.50431365,2370370.0,0.4365263650822445,genomic_traits+gtdb_distance+rrna16s
3300014647_3,0.50431573,4463493.0,0.6712455917372336,genomic_traits+gtdb_distance+rrna16s
3300026253_31,0.5043931,1879376.0,0.5735004597270583,genomic_traits+gtdb_distance+rrna16s
3300011987_7,0.5043989,3374688.0,0.5396412942470533,genomic_traits+gtdb_distance+rrna16s
3300025882_21,0.5044354,2899735.0,0.5721357296442606,genomic_traits+gtdb_distance
3300025475_1,0.5046027,5683791.0,0.5838316363145654,genomic_traits+gtdb_distance+rrna16s
3300029433_18,0.5046388,2285442.0,0.5453780931653484,genomic_traits+gtdb_distance+rrna16s
3300029668_18,0.5046653,2137889.0,0.3388941147084811,genomic_traits+gtdb_distance+rrna16s
3300025620_15,0.5046748,2586815.0,0.4534112412368105,genomic_traits+gtdb_distance+rrna16s
3300029714_27,0.5048793,2278599.0,0.4714563641957185,genomic_traits+gtdb_distance+rrna16s
3300029116_19,0.50489014,2201961.0,0.441252138434786,genomic_traits+gtdb_distance+rrna16s
3300029819_17,0.5049376,2255154.0,0.4403322345170219,genomic_traits+gtdb_distance+rrna16s
3300029604_17,0.5049673,2186144.0,0.4039779630253085,genomic_traits+gtdb_distance+rrna16s
3300029475_10,0.505015,2396462.0,0.4364847011970146,genomic_traits+gtdb_distance+rrna16s
3300000198_9,0.5050435,1841638.0,0.4235463212640052,genomic_traits+gtdb_distance+rrna16s
3300022181_14,0.505052,3931276.0,0.5201723308157453,genomic_traits+gtdb_distance+rrna16s
3300029608_15,0.5051162,2286014.0,0.4384828789325,genomic_traits+gtdb_distance+rrna16s
3300029337_22,0.5051552,2326066.0,0.4384759503814595,genomic_traits+gtdb_distance+rrna16s
3300029516_13,0.5052222,2338470.0,0.5423901097726291,genomic_traits+gtdb_distance+rrna16s
3300006502_18,0.5052555,2317149.0,0.4373020466098641,genomic_traits+gtdb_distance+rrna16s
3300029391_18,0.5052831,2298401.0,0.4708203659848738,genomic_traits+gtdb_distance+rrna16s
3300029038_4,0.50537,2172955.0,0.4337724435158574,genomic_traits+gtdb_distance+rrna16s
3300007361_15,0.5053763,2524843.0,0.5406910449481414,genomic_traits+gtdb_distance+rrna16s
3300010162_58,0.5054448,1935777.0,0.4901055235184631,genomic_traits+gtdb_distance+rrna16s
3300011989_19,0.5055484,2093520.0,0.533115996025832,genomic_traits+gtdb_distance+rrna16s
3300028622_10,0.5055955,3189656.0,0.6813869583428432,genomic_traits+gtdb_distance+rrna16s
3300013679_2,0.50570554,3015980.0,0.416807140630906,genomic_traits+gtdb_distance+rrna16s
3300029056_16,0.5057084,1963786.0,0.364322283588945,genomic_traits+gtdb_distance+rrna16s
3300008512_5,0.5058213,3927883.0,0.4577111894626189,genomic_traits+gtdb_distance+rrna16s
3300029756_7,0.5060256,3025629.0,0.5875201487029639,genomic_traits+gtdb_distance+rrna16s
3300000146_4,0.50604105,1821384.0,0.4237255845005775,genomic_traits+gtdb_distance+rrna16s
3300022826_4,0.50611895,1801610.0,0.5239063948357303,genomic_traits+gtdb_distance+rrna16s
3300025663_15,0.5062965,1898347.0,0.4234547213970892,genomic_traits+gtdb_distance+rrna16s
3300028630_30,0.50629705,1878780.0,0.5564483334930114,genomic_traits+gtdb_distance
3300029442_5,0.5063174,4796154.0,0.6348186484420641,genomic_traits+gtdb_distance+rrna16s
3300029338_17,0.506328,2302887.0,0.4693482572093203,genomic_traits+gtdb_distance+rrna16s
3300029245_21,0.5063564,2271642.0,0.5887780733055649,genomic_traits+gtdb_distance+rrna16s
3300027240_4,0.50640684,2251052.0,0.5148743787349204,genomic_traits+gtdb_distance+rrna16s
3300029112_14,0.5064121,2303241.0,0.4897494443699118,genomic_traits+gtdb_distance+rrna16s
3300014059_5,0.50643235,3024225.0,0.3663970108044209,genomic_traits+gtdb_distance+rrna16s
3300029234_15,0.5064637,2204327.0,0.541787130493797,genomic_traits+gtdb_distance+rrna16s
3300029051_8,0.50647885,2673809.0,0.4818511718675493,genomic_traits+gtdb_distance+rrna16s
3300029016_3,0.50654143,4329983.0,0.4527348028849074,genomic_traits+gtdb_distance+rrna16s
3300023241_6,0.5067671,1784741.0,0.5239964790409365,genomic_traits+gtdb_distance+rrna16s
3300026703_7,0.50678575,1725640.0,0.3387983588697527,genomic_traits+gtdb_distance+rrna16s
3300029537_12,0.50682,2609114.0,0.2914219156387954,genomic_traits+gtdb_distance+rrna16s
3300020137_2,0.5068254,4438762.0,0.4278418171553239,genomic_traits+gtdb_distance+rrna16s
3300020153_44,0.50690717,2007642.0,0.62688517175871,genomic_traits+gtdb_distance+rrna16s
3300017532_20,0.5069897,4523980.0,0.497121782147578,genomic_traits+gtdb_distance+rrna16s
3300007361_4,0.5070109,4703121.0,0.4510190148201587,genomic_traits+gtdb_distance+rrna16s
3300014503_1,0.5070437,4842540.0,0.4507690179120874,genomic_traits+gtdb_distance+rrna16s
3300026299_11,0.5070707,4096449.0,0.4637894918257251,genomic_traits+gtdb_distance+rrna16s
3300006476_17,0.5071057,2270578.0,0.579282015416339,genomic_traits+gtdb_distance+rrna16s
3300029489_10,0.50713795,2589058.0,0.5363711434815288,genomic_traits+gtdb_distance+rrna16s
3300008722_13,0.50719875,2522635.0,0.5977824774491751,genomic_traits+gtdb_distance+rrna16s
3300008737_3,0.5072093,3364970.0,0.5815659574973923,genomic_traits+gtdb_distance+rrna16s
3300029364_15,0.5072279,2310369.0,0.5387472737038975,genomic_traits+gtdb_distance+rrna16s
3300029615_23,0.507288,2210324.0,0.3933948145158809,genomic_traits+gtdb_distance+rrna16s
3300018080_26,0.50730866,4393478.0,0.4826381286079047,genomic_traits+gtdb_distance+rrna16s
3300007991_17,0.5073353,2236991.0,0.5447241405977941,genomic_traits+gtdb_distance+rrna16s
3300011650_1,0.5074042,4630743.0,0.6676660743211187,genomic_traits+gtdb_distance+rrna16s
3300022931_28,0.507436,1616791.0,0.4933463879994384,genomic_traits+gtdb_distance+rrna16s
3300027976_35,0.5075249,3635909.0,0.5885235301543575,genomic_traits+gtdb_distance+rrna16s
3300029716_16,0.5075863,2727503.0,0.4646590672860854,genomic_traits+gtdb_distance+rrna16s
3300017522_14,0.5077054,4088459.0,0.4626332317384129,genomic_traits+gtdb_distance+rrna16s
3300009381_4,0.50775415,3474807.0,0.4744030387874779,genomic_traits+gtdb_distance+rrna16s
3300029227_17,0.50778514,2203950.0,0.4058612944939767,genomic_traits+gtdb_distance+rrna16s
3300029614_11,0.50787354,2897341.0,0.5448699341913844,genomic_traits+gtdb_distance+rrna16s
3300029217_10,0.5078822,2580760.0,0.4863950929183651,genomic_traits+gtdb_distance+rrna16s
3300008626_13,0.5078902,1754451.0,0.2758030859796027,genomic_traits+gtdb_distance+rrna16s
3300013830_18,0.5079202,2451352.0,0.5261549544904199,genomic_traits+gtdb_distance+rrna16s
3300029336_14,0.50796163,2816115.0,0.3725806652072092,genomic_traits+gtdb_distance+rrna16s
3300022860_8,0.5079851,1773797.0,0.524572992287167,genomic_traits+gtdb_distance+rrna16s
3300008728_19,0.50814366,2484307.0,0.4861532813778651,genomic_traits+gtdb_distance+rrna16s
3300028905_8,0.5082401,2491497.0,0.483584367149549,genomic_traits+gtdb_distance+rrna16s
3300012943_34,0.50826234,3745042.0,0.5890986002293165,genomic_traits+gtdb_distance+rrna16s
3300029552_12,0.5084044,2109787.0,0.4054769509907872,genomic_traits+gtdb_distance+rrna16s
3300027800_38,0.5084869,2637706.0,0.4951351666940894,genomic_traits+gtdb_distance+rrna16s
3300008551_4,0.50850946,4593403.0,0.4486294801479426,genomic_traits+gtdb_distance+rrna16s
3300029229_8,0.5085884,2998465.0,0.4339967283259934,genomic_traits+gtdb_distance+rrna16s
3300029783_9,0.5086253,3919195.0,0.45292923674377,genomic_traits+gtdb_distance+rrna16s
3300029723_13,0.5086425,2192910.0,0.40829080992836,genomic_traits+gtdb_distance+rrna16s
3300029478_10,0.5086585,2514799.0,0.4982927064946343,genomic_traits+gtdb_distance+rrna16s
3300029241_17,0.50866425,2333425.0,0.4371753966808447,genomic_traits+gtdb_distance+rrna16s
3300028984_2,0.5086839,4766135.0,0.4497285536393745,genomic_traits+gtdb_distance+rrna16s
3300029352_12,0.50875556,2570263.0,0.5267601019817816,genomic_traits+gtdb_distance+rrna16s
3300026483_10,0.50876784,2485053.0,0.5058869971787322,genomic_traits+gtdb_distance+rrna16s
3300014954_11,0.50885665,2261552.0,0.438955195370259,genomic_traits+gtdb_distance+rrna16s
3300027848_41,0.5089052,3712915.0,0.5330886917691355,genomic_traits+gtdb_distance+rrna16s
3300029508_11,0.5089327,2740181.0,0.4824009800812428,genomic_traits+gtdb_distance+rrna16s
3300029405_10,0.5089373,2613220.0,0.4874266230933484,genomic_traits+gtdb_distance+rrna16s
3300008360_25,0.50900954,2170177.0,0.4289783736533932,genomic_traits+gtdb_distance+rrna16s
3300029358_13,0.50902677,2313860.0,0.4380014348318394,genomic_traits+gtdb_distance+rrna16s
3300011762_2,0.5090794,4644903.0,0.2867743416816239,genomic_traits+gtdb_distance+rrna16s
3300027847_11,0.5091119,4949426.0,0.5848045813797398,genomic_traits+gtdb_distance+rrna16s
3300007498_14,0.5091463,2633812.0,0.4866941907774739,genomic_traits+gtdb_distance+rrna16s
3300029187_11,0.50918245,2187472.0,0.404967012149184,genomic_traits+gtdb_distance+rrna16s
3300007517_23,0.5092405,4727960.0,0.5390066751833772,genomic_traits+gtdb_distance+rrna16s
3300029904_12,0.5092648,2320620.0,0.4746399669053959,genomic_traits+gtdb_distance+rrna16s
3300025713_9,0.5092856,3995444.0,0.6116829568878953,genomic_traits+gtdb_distance+rrna16s
3300025770_13,0.5092932,3149702.0,0.573124378115771,genomic_traits+gtdb_distance+rrna16s
3300026802_1,0.50933886,5448629.0,0.5644853044683351,genomic_traits+gtdb_distance+rrna16s
3300029453_9,0.5093693,2212680.0,0.4084395393821067,genomic_traits+gtdb_distance+rrna16s
3300029220_3,0.5093824,2867685.0,0.4688820424837456,genomic_traits+gtdb_distance+rrna16s
3300029614_19,0.50947255,2202454.0,0.4410580198269748,genomic_traits+gtdb_distance+rrna16s
3300024507_3,0.50947326,4846600.0,0.4779695043948335,genomic_traits+gtdb_distance+rrna16s
3300029544_13,0.50950146,2333054.0,0.4393125919931557,genomic_traits+gtdb_distance+rrna16s
3300008461_8,0.50952846,2271188.0,0.4348305820566153,genomic_traits+gtdb_distance+rrna16s
3300007042_1,0.50953895,2463434.0,0.5880949114122805,genomic_traits+gtdb_distance+rrna16s
3300025629_2,0.50962627,4759715.0,0.6014244550356481,genomic_traits+gtdb_distance+rrna16s
3300029764_16,0.5096411,2372111.0,0.469396246634327,genomic_traits+gtdb_distance+rrna16s
3300029366_6,0.509725,2462789.0,0.5273330358386366,genomic_traits+gtdb_distance+rrna16s
3300029858_32,0.50974137,1588601.0,0.4746792932901339,genomic_traits+gtdb_distance+rrna16s
3300022857_3,0.50980616,6694332.0,0.488500869093436,genomic_traits+gtdb_distance+rrna16s
3300029791_19,0.5098969,2238662.0,0.4099042195740134,genomic_traits+gtdb_distance+rrna16s
3300006501_1,0.50990254,2124887.0,0.4264852672165626,genomic_traits+gtdb_distance+rrna16s
3300026252_15,0.51001126,2955471.0,0.5488857782735814,genomic_traits+gtdb_distance+rrna16s
3300025784_21,0.5100201,3261009.0,0.4885135244950259,genomic_traits+gtdb_distance+rrna16s
3300029530_18,0.51003486,2066315.0,0.4757716030711678,genomic_traits+gtdb_distance+rrna16s
3300027823_53,0.51013047,2696997.0,0.4873479651627347,genomic_traits+gtdb_distance+rrna16s
3300029417_18,0.510306,2236049.0,0.4060698133180445,genomic_traits+gtdb_distance+rrna16s
3300018090_15,0.51050514,2684541.0,0.6367960109381827,genomic_traits+gtdb_distance+rrna16s
3300029116_17,0.5105459,2355092.0,0.4629870085754611,genomic_traits+gtdb_distance+rrna16s
3300029424_16,0.5106483,2259106.0,0.4893050613826885,genomic_traits+gtdb_distance+rrna16s
3300029390_11,0.5106529,2657545.0,0.4402141826384877,genomic_traits+gtdb_distance+rrna16s
3300025706_17,0.5107679,3137240.0,0.5780345144139435,genomic_traits+gtdb_distance+rrna16s
3300029055_12,0.51080334,2261909.0,0.4400331755167869,genomic_traits+gtdb_distance+rrna16s
3300029539_14,0.5108533,2362784.0,0.4865468024161328,genomic_traits+gtdb_distance+rrna16s
3300029020_5,0.51086247,3163288.0,0.5831280616877123,genomic_traits+gtdb_distance+rrna16s
3300029822_18,0.511012,2417029.0,0.4736182313079404,genomic_traits+gtdb_distance+rrna16s
3300029444_16,0.5110282,2514824.0,0.5322889395043152,genomic_traits+gtdb_distance+rrna16s
3300020603_81,0.5110942,1677720.0,0.588953460648976,genomic_traits+gtdb_distance+rrna16s
3300029852_14,0.51110077,2261468.0,0.4055803575376702,genomic_traits+gtdb_distance+rrna16s
3300029092_6,0.51117766,2920571.0,0.586969808301185,genomic_traits+gtdb_distance+rrna16s
3300029378_17,0.5111893,2133310.0,0.4272229540010593,genomic_traits+gtdb_distance+rrna16s
3300025816_9,0.5112766,2159655.0,0.5161893913611202,genomic_traits+gtdb_distance+rrna16s
3300028603_106,0.51136553,1198705.0,0.4430356092616615,genomic_traits+gtdb_distance
3300023194_7,0.51140475,3688051.0,0.4221392274672991,genomic_traits+gtdb_distance+rrna16s
3300025620_16,0.5114704,2561825.0,0.565348530832512,genomic_traits+gtdb_distance+rrna16s
3300029563_18,0.5114976,2220046.0,0.4419782292799338,genomic_traits+gtdb_distance+rrna16s
3300024904_2,0.51157516,2691675.0,0.6147881895102492,genomic_traits+gtdb_distance+rrna16s
3300006456_1,0.51161706,2751287.0,0.3165369516157347,genomic_traits+gtdb_distance+rrna16s
3300027965_8,0.5117234,9678259.0,0.5973258206873777,genomic_traits+gtdb_distance+rrna16s
3300029432_22,0.51176596,2316308.0,0.4686276609155604,genomic_traits+gtdb_distance+rrna16s
3300029215_18,0.5117758,2148951.0,0.4399997952489377,genomic_traits+gtdb_distance+rrna16s
3300029427_18,0.5118834,2152245.0,0.4600679755325253,genomic_traits+gtdb_distance+rrna16s
3300028641_13,0.5119705,3414439.0,0.4884360212614722,genomic_traits+gtdb_distance+rrna16s
3300006995_1,0.5120112,2490307.0,0.5943335500402159,genomic_traits+gtdb_distance+rrna16s
3300029594_20,0.5120742,2204217.0,0.4056991666428486,genomic_traits+gtdb_distance+rrna16s
3300029340_11,0.5120867,2702430.0,0.5301780249627187,genomic_traits+gtdb_distance+rrna16s
3300013497_2,0.51209384,5244377.0,0.4017131110139488,genomic_traits+gtdb_distance+rrna16s
3300025689_3,0.51211184,5183944.0,0.6226579608113051,genomic_traits+gtdb_distance+rrna16s
3300027211_2,0.51230806,1929627.0,0.4057784224619576,genomic_traits+gtdb_distance+rrna16s
3300011796_4,0.5124021,2131749.0,0.3502358861198011,genomic_traits+gtdb_distance+rrna16s
3300029557_17,0.5124285,2248189.0,0.4381624498652026,genomic_traits+gtdb_distance+rrna16s
3300029190_11,0.5124596,2500221.0,0.4872397280080441,genomic_traits+gtdb_distance+rrna16s
3300027416_2,0.5124749,1733003.0,0.5438674947475567,genomic_traits+gtdb_distance+rrna16s
3300027773_34,0.5125074,3370563.0,0.4503188339752142,genomic_traits+gtdb_distance+rrna16s
3300025631_17,0.5125129,2863035.0,0.5436356873038576,genomic_traits+gtdb_distance+rrna16s
3300008520_30,0.512515,2015137.0,0.4080715107707317,genomic_traits+gtdb_distance+rrna16s
3300029499_10,0.5125716,2546322.0,0.4870939339172343,genomic_traits+gtdb_distance+rrna16s
3300029111_10,0.5125793,2841012.0,0.5514714474982858,genomic_traits+gtdb_distance+rrna16s
3300007356_16,0.51260835,1942856.0,0.4134459784976344,genomic_traits+gtdb_distance+rrna16s
3300029365_28,0.51261985,2259745.0,0.4701760596881506,genomic_traits+gtdb_distance+rrna16s
3300029126_12,0.5126281,2449430.0,0.5504946048672549,genomic_traits+gtdb_distance+rrna16s
3300027863_51,0.5127459,3222401.0,0.4577205009556538,genomic_traits+gtdb_distance+rrna16s
3300011753_2,0.512818,3772251.0,0.6650795506449597,genomic_traits+gtdb_distance+rrna16s
3300011974_17,0.51288235,2079595.0,0.3934871934198726,genomic_traits+gtdb_distance+rrna16s
3300029392_22,0.5129037,2295534.0,0.5434426150952241,genomic_traits+gtdb_distance+rrna16s
3300029443_19,0.5130294,2255262.0,0.4092176430055577,genomic_traits+gtdb_distance+rrna16s
3300013815_2,0.51304775,3044842.0,0.4151778647299268,genomic_traits+gtdb_distance+rrna16s
3300029788_13,0.51313883,3021715.0,0.4743971552578585,genomic_traits+gtdb_distance+rrna16s
3300029623_19,0.51323795,2512075.0,0.4724516584894957,genomic_traits+gtdb_distance+rrna16s
3300029752_18,0.51324075,2080526.0,0.5008478625116918,genomic_traits+gtdb_distance+rrna16s
3300029297_21,0.51326543,1940077.0,0.5487282205809357,genomic_traits+gtdb_distance+rrna16s
3300029198_3,0.5132957,4686814.0,0.4499092560532592,genomic_traits+gtdb_distance+rrna16s
3300025861_33,0.5133377,2359389.0,0.3975168995023712,genomic_traits+gtdb_distance+rrna16s
3300014688_3,0.5134249,4017653.0,0.3977852243585994,genomic_traits+gtdb_distance+rrna16s
3300025688_9,0.5134345,2371525.0,0.4580651690368012,genomic_traits+gtdb_distance+rrna16s
3300022925_26,0.5135815,2229927.0,0.4481729670971291,genomic_traits+gtdb_distance+rrna16s
3300029118_17,0.5136025,2074465.0,0.4362218692530363,genomic_traits+gtdb_distance+rrna16s
3300011581_5,0.513637,2971555.0,0.4276222381884232,genomic_traits+gtdb_distance+rrna16s
3300013992_1,0.51365614,3092394.0,0.416800705214148,genomic_traits+gtdb_distance+rrna16s
3300029766_21,0.5136935,2170267.0,0.4091639415795384,genomic_traits+gtdb_distance+rrna16s
3300011580_3,0.51372075,2762388.0,0.3303717652987198,genomic_traits+gtdb_distance+rrna16s
3300008063_24,0.5137503,2031773.0,0.4289288222650857,genomic_traits+gtdb_distance+rrna16s
3300029620_30,0.5137623,2025562.0,0.4098571161978749,genomic_traits+gtdb_distance+rrna16s
3300027784_55,0.51376396,2042684.0,0.4851881152444529,genomic_traits+gtdb_distance+rrna16s
3300011988_19,0.5137654,1892928.0,0.477321905534706,genomic_traits+gtdb_distance+rrna16s
3300029385_18,0.51377743,2382516.0,0.5405844074079671,genomic_traits+gtdb_distance+rrna16s
3300014541_7,0.51378673,2143784.0,0.4083088594746485,genomic_traits+gtdb_distance+rrna16s
3300028178_14,0.5138654,1999991.0,0.4346969561363026,genomic_traits+gtdb_distance+rrna16s
3300029845_25,0.51389146,2226952.0,0.4391136405275013,genomic_traits+gtdb_distance+rrna16s
3300008547_5,0.51399475,4184298.0,0.4319919374767285,genomic_traits+gtdb_distance+rrna16s
3300007745_2,0.5141243,1607462.0,0.400741043956249,genomic_traits+gtdb_distance+rrna16s
3300029234_16,0.5141299,2111677.0,0.4415907357043714,genomic_traits+gtdb_distance+rrna16s
3300020156_8,0.5141396,3897253.0,0.4636322045297034,genomic_traits+gtdb_distance+rrna16s
3300029542_16,0.51415586,2134679.0,0.4067787241079338,genomic_traits+gtdb_distance+rrna16s
3300029492_10,0.51418877,3202600.0,0.4336179978767251,genomic_traits+gtdb_distance+rrna16s
3300029847_25,0.51419634,2136082.0,0.4082291784678678,genomic_traits+gtdb_distance+rrna16s
3300029085_1,0.5142139,5269518.0,0.4378903345619087,genomic_traits+gtdb_distance+rrna16s
3300029470_13,0.5143469,2316880.0,0.4382268395428335,genomic_traits+gtdb_distance+rrna16s
3300029203_13,0.51444715,2130659.0,0.4065221135808217,genomic_traits+gtdb_distance+rrna16s
3300029888_11,0.51445776,2200855.0,0.4070899718518485,genomic_traits+gtdb_distance+rrna16s
3300029236_16,0.5144875,2213850.0,0.5018632698692324,genomic_traits+gtdb_distance+rrna16s
3300017426_13,0.51453745,5570124.0,0.5729572627108481,genomic_traits+gtdb_distance+rrna16s
3300026516_42,0.5145694,3144611.0,0.3307299376616058,genomic_traits+gtdb_distance+rrna16s
3300025649_9,0.5146204,3343309.0,0.5568222979090476,genomic_traits+gtdb_distance+rrna16s
3300029575_19,0.51465106,2324617.0,0.4893395342114421,genomic_traits+gtdb_distance+rrna16s
3300029678_15,0.51466006,2080470.0,0.4069662143650233,genomic_traits+gtdb_distance+rrna16s
3300029885_21,0.51468,2145169.0,0.476360137592889,genomic_traits+gtdb_distance+rrna16s
3300029244_13,0.5147027,2190043.0,0.4069778538594904,genomic_traits+gtdb_distance+rrna16s
3300017419_22,0.5147246,1960710.0,0.5635009766870165,genomic_traits+gtdb_distance+rrna16s
3300029748_19,0.51476055,2645144.0,0.5786739776738052,genomic_traits+gtdb_distance+rrna16s
3300027819_59,0.5147676,2320866.0,0.5083149996596098,genomic_traits+gtdb_distance+rrna16s
3300014562_2,0.51480377,4162677.0,0.45605772439226,genomic_traits+gtdb_distance+rrna16s
3300006525_18,0.51481557,1958824.0,0.4100914630410899,genomic_traits+gtdb_distance+rrna16s
3300029435_26,0.5148977,2127847.0,0.4073060704082577,genomic_traits+gtdb_distance+rrna16s
3300014537_4,0.514912,4197364.0,0.4566909136305548,genomic_traits+gtdb_distance+rrna16s
3300028568_36,0.5149283,2613532.0,0.5166445254927049,genomic_traits+gtdb_distance+rrna16s
3300029480_11,0.51508933,2485320.0,0.4364134195998905,genomic_traits+gtdb_distance+rrna16s
3300029379_23,0.51512593,2119250.0,0.4074214934528725,genomic_traits+gtdb_distance+rrna16s
3300014791_9,0.51516294,2335402.0,0.4734611000590048,genomic_traits+gtdb_distance+rrna16s
3300027509_20,0.5151918,4227910.0,0.407703096801966,genomic_traits+gtdb_distance+rrna16s
3300029097_7,0.51521754,2074033.0,0.408682504087447,genomic_traits+gtdb_distance+rrna16s
3300020455_22,0.515227,1882467.0,0.4665383244434032,genomic_traits+gtdb_distance+rrna16s
3300029414_14,0.51526266,2397475.0,0.529741081763105,genomic_traits+gtdb_distance+rrna16s
3300011954_2,0.51531935,4016113.0,0.3864612375199602,genomic_traits+gtdb_distance+rrna16s
3300011843_4,0.5155119,3174831.0,0.3000458922065458,genomic_traits+gtdb_distance+rrna16s
3300029208_13,0.5158115,2200519.0,0.4052125884848074,genomic_traits+gtdb_distance+rrna16s
3300012344_2,0.5158187,2977040.0,0.4850593206675087,genomic_traits+gtdb_distance+rrna16s
3300025562_4,0.5158292,4258494.0,0.4685496797694208,genomic_traits+gtdb_distance+rrna16s
3300029052_6,0.51583165,2494063.0,0.546382749754116,genomic_traits+gtdb_distance+rrna16s
3300027668_17,0.51586586,1956414.0,0.4215631251872047,genomic_traits+gtdb_distance+rrna16s
3300007664_15,0.51590025,2320388.0,0.544789923064591,genomic_traits+gtdb_distance+rrna16s
3300029406_6,0.51595885,3374090.0,0.5825813774973401,genomic_traits+gtdb_distance+rrna16s
3300007794_8,0.5159851,1899038.0,0.3977050485561637,genomic_traits+gtdb_distance+rrna16s
3300029381_29,0.5160565,2084108.0,0.4079351933776944,genomic_traits+gtdb_distance+rrna16s
3300027323_5,0.5161021,3945087.0,0.52363864218964,genomic_traits+gtdb_distance+rrna16s
3300007305_17,0.5161302,2535536.0,0.5397994743517741,genomic_traits+gtdb_distance+rrna16s
3300029567_16,0.51622605,2667319.0,0.4459230410760768,genomic_traits+gtdb_distance+rrna16s
3300029369_9,0.5162714,2763915.0,0.4838097408929001,genomic_traits+gtdb_distance+rrna16s
3300029131_18,0.51628155,2384090.0,0.5448779198771858,genomic_traits+gtdb_distance+rrna16s
3300029474_17,0.5163212,2106594.0,0.3895026758834403,genomic_traits+gtdb_distance+rrna16s
3300011377_1,0.51636046,4046295.0,0.6812451884996027,genomic_traits+gtdb_distance+rrna16s
3300025730_31,0.51649535,3167511.0,0.5155448552507,genomic_traits+gtdb_distance+rrna16s
3300012007_8,0.51654094,2476231.0,0.4370339439252638,genomic_traits+gtdb_distance+rrna16s
3300029577_9,0.51658803,4251462.0,0.4217273963638861,genomic_traits+gtdb_distance+rrna16s
3300029339_26,0.51659304,2150012.0,0.4094930632945304,genomic_traits+gtdb_distance+rrna16s
3300028627_15,0.5166395,3396217.0,0.4884157873304326,genomic_traits+gtdb_distance+rrna16s
3300029769_15,0.5166845,2273439.0,0.4395719436501265,genomic_traits+gtdb_distance+rrna16s
3300029784_7,0.5166948,4876285.0,0.447994118473387,genomic_traits+gtdb_distance+rrna16s
3300029370_9,0.51672673,2797977.0,0.4837777437055415,genomic_traits+gtdb_distance+rrna16s
3300029815_17,0.5167604,2905371.0,0.4354424959841617,genomic_traits+gtdb_distance+rrna16s
3300028972_1,0.5167975,4856467.0,0.4190680179644997,genomic_traits+gtdb_distance+rrna16s
3300029684_5,0.5168171,4866769.0,0.4484735149747194,genomic_traits+gtdb_distance+rrna16s
3300029376_18,0.5168569,2311247.0,0.4862379486052334,genomic_traits+gtdb_distance+rrna16s
3300028603_68,0.51696193,1955656.0,0.5070774205688526,genomic_traits+gtdb_distance+rrna16s
3300029414_6,0.51698816,3045332.0,0.3837529044452296,genomic_traits+gtdb_distance+rrna16s
3300029108_8,0.51704866,2231746.0,0.4355414997943314,genomic_traits+gtdb_distance+rrna16s
3300026287_10,0.51707697,4189527.0,0.4633644800475089,genomic_traits+gtdb_distance+rrna16s
3300029414_19,0.5170783,2107851.0,0.4998745167471515,genomic_traits+gtdb_distance+rrna16s
3300018024_20,0.51714265,2968861.0,0.4893246938809193,genomic_traits+gtdb_distance+rrna16s
3300029772_16,0.51738155,2401504.0,0.5388452403160686,genomic_traits+gtdb_distance+rrna16s
3300029565_18,0.5174107,2158239.0,0.4356811270670208,genomic_traits+gtdb_distance+rrna16s
3300029759_24,0.5174383,2071587.0,0.4095546071683207,genomic_traits+gtdb_distance+rrna16s
3300029893_7,0.5174801,2646518.0,0.3777710939430603,genomic_traits+gtdb_distance+rrna16s
3300029589_36,0.51749355,1758351.0,0.5676358133273732,genomic_traits+gtdb_distance+rrna16s
3300029188_9,0.5176654,2124711.0,0.4107598633414144,genomic_traits+gtdb_distance+rrna16s
3300027796_37,0.5176763,2630530.0,0.3660239571493197,genomic_traits+gtdb_distance+rrna16s
3300023169_4,0.5176771,4329765.0,0.5759411884940637,genomic_traits+gtdb_distance+rrna16s
3300029586_11,0.5177024,2658203.0,0.5430507000405913,genomic_traits+gtdb_distance+rrna16s
3300029733_20,0.5177517,2071712.0,0.4083579184751548,genomic_traits+gtdb_distance+rrna16s
3300029220_6,0.517796,2536362.0,0.5509233303448009,genomic_traits+gtdb_distance+rrna16s
3300029122_22,0.51782733,2081983.0,0.4080508822598455,genomic_traits+gtdb_distance+rrna16s
3300020578_70,0.5179277,1725474.0,0.5888700728031834,genomic_traits+gtdb_distance+rrna16s
3300025867_13,0.51793593,4104039.0,0.6096742745378394,genomic_traits+gtdb_distance+rrna16s
3300029653_10,0.5179369,2208840.0,0.5020829937885949,genomic_traits+gtdb_distance+rrna16s
3300029446_16,0.5179761,2491924.0,0.3960056566733175,genomic_traits+gtdb_distance+rrna16s
3300029093_4,0.51801264,4512284.0,0.4523407657851323,genomic_traits+gtdb_distance+rrna16s
3300029431_15,0.5180283,2243694.0,0.4401433528814535,genomic_traits+gtdb_distance+rrna16s
3300029466_12,0.51811045,2496258.0,0.5399690256375743,genomic_traits+gtdb_distance+rrna16s
3300011118_20,0.51816946,5071860.0,0.6072525661197273,genomic_traits+gtdb_distance+rrna16s
3300029121_11,0.5182439,2651404.0,0.4860998173043414,genomic_traits+gtdb_distance+rrna16s
3300029870_18,0.51828706,2263657.0,0.4094595603485864,genomic_traits+gtdb_distance+rrna16s
3300029900_7,0.51829207,4261501.0,0.3653032112394201,genomic_traits+gtdb_distance+rrna16s
3300027227_4,0.5183175,1772886.0,0.5448381903856199,genomic_traits+gtdb_distance+rrna16s
3300029584_23,0.51832867,2065877.0,0.407192683785143,genomic_traits+gtdb_distance+rrna16s
3300029619_21,0.5184024,2177932.0,0.4413595098469557,genomic_traits+gtdb_distance+rrna16s
3300026968_5,0.5187162,4407070.0,0.5911528521217044,genomic_traits+gtdb_distance+rrna16s
3300013131_65,0.5187342,2442917.0,0.6057790747700392,genomic_traits+gtdb_distance+rrna16s
3300006054_1,0.5187441,1493814.0,0.4126008994426348,genomic_traits+gtdb_distance+rrna16s
3300025547_15,0.51888335,1756816.0,0.3763535851221756,genomic_traits+gtdb_distance+rrna16s
3300027391_5,0.5190671,5836805.0,0.4727723472002234,genomic_traits+gtdb_distance+rrna16s
3300029774_9,0.51908964,3444228.0,0.4619993217638321,genomic_traits+gtdb_distance+rrna16s
3300029742_20,0.51917076,2281355.0,0.5613637509287244,genomic_traits+gtdb_distance+rrna16s
3300029459_16,0.51926297,2252095.0,0.5426924707883104,genomic_traits+gtdb_distance+rrna16s
3300029251_16,0.51927567,2261576.0,0.5895503843337566,genomic_traits+gtdb_distance+rrna16s
3300025793_1,0.51928926,3924159.0,0.6345298444838754,genomic_traits+gtdb_distance+rrna16s
3300009703_49,0.5192952,1811397.0,0.4072817830657774,genomic_traits+gtdb_distance+rrna16s
3300007135_2,0.51930535,2513113.0,0.4050581887881683,genomic_traits+gtdb_distance+rrna16s
3300029210_12,0.5193582,2240732.0,0.5412316153828303,genomic_traits+gtdb_distance+rrna16s
3300029846_16,0.519365,2652017.0,0.6189504064265048,genomic_traits+gtdb_distance+rrna16s
3300025496_5,0.519372,4681249.0,0.5680924043989115,genomic_traits+gtdb_distance+rrna16s
3300009704_39,0.5194426,2066458.0,0.6447423562443563,genomic_traits+gtdb_distance
3300029472_15,0.51950014,2485490.0,0.4882023263018559,genomic_traits+gtdb_distance+rrna16s
3300026278_4,0.5195767,6034386.0,0.4743470172441736,genomic_traits+gtdb_distance+rrna16s
3300029428_12,0.51958144,2679776.0,0.524185603572836,genomic_traits+gtdb_distance+rrna16s
3300029736_21,0.519652,2245408.0,0.4393980960253103,genomic_traits+gtdb_distance+rrna16s
3300029473_13,0.519796,2156060.0,0.4059831359053087,genomic_traits+gtdb_distance+rrna16s
3300006477_14,0.5198959,1866559.0,0.2823071759317546,genomic_traits+gtdb_distance+rrna16s
3300025934_11,0.5199441,4202448.0,0.6376664268064709,genomic_traits+gtdb_distance+rrna16s
3300029610_20,0.51997703,2489185.0,0.5291912814836984,genomic_traits+gtdb_distance+rrna16s
3300007362_16,0.5200172,2748776.0,0.5433258293873345,genomic_traits+gtdb_distance+rrna16s
3300007288_8,0.5200566,2195941.0,0.5477984153490463,genomic_traits+gtdb_distance+rrna16s
3300029101_3,0.5200878,4377328.0,0.4503135245976541,genomic_traits+gtdb_distance+rrna16s
3300029129_17,0.5201716,2141068.0,0.4071155143134174,genomic_traits+gtdb_distance+rrna16s
3300008142_28,0.5202689,1894669.0,0.47862872090059,genomic_traits+gtdb_distance+rrna16s
3300029193_5,0.52029735,3216313.0,0.5775796696403614,genomic_traits+gtdb_distance+rrna16s
3300021515_3,0.5203758,5975116.0,0.4161438874157422,genomic_traits+gtdb_distance+rrna16s
3300028911_10,0.52050036,2491570.0,0.4871988344698322,genomic_traits+gtdb_distance+rrna16s
3300020173_21,0.5205033,2134471.0,0.5047597273516482,genomic_traits+gtdb_distance+rrna16s
3300005547_10,0.5205118,5408941.0,0.57229150770918,genomic_traits+gtdb_distance+rrna16s
3300029533_8,0.5205665,2322722.0,0.5405954737588055,genomic_traits+gtdb_distance+rrna16s
3300014529_2,0.52057445,4697390.0,0.506470401648575,genomic_traits+gtdb_distance+rrna16s
3300029608_18,0.52059305,2095046.0,0.4071070515874114,genomic_traits+gtdb_distance+rrna16s
3300029005_2,0.5206195,5130980.0,0.427906364865971,genomic_traits+gtdb_distance+rrna16s
3300029712_24,0.5206531,2168567.0,0.4100643420286299,genomic_traits+gtdb_distance+rrna16s
3300014573_5,0.5206586,2333785.0,0.4940947859378649,genomic_traits+gtdb_distance+rrna16s
3300029466_13,0.52067816,2444564.0,0.434488931359539,genomic_traits+gtdb_distance+rrna16s
3300029758_6,0.520835,4445451.0,0.4506201957911582,genomic_traits+gtdb_distance+rrna16s
3300029437_25,0.5208992,2081837.0,0.4098668627755198,genomic_traits+gtdb_distance+rrna16s
3300007919_1,0.5210727,2028679.0,0.3948111061434559,genomic_traits+gtdb_distance+rrna16s
3300013497_7,0.5210786,2103262.0,0.3860161026063324,genomic_traits+gtdb_distance+rrna16s
3300029551_16,0.52119607,2430146.0,0.578794031305115,genomic_traits+gtdb_distance+rrna16s
3300029784_24,0.52135336,2240156.0,0.4083760238126273,genomic_traits+gtdb_distance+rrna16s
3300008270_4,0.5213675,1903918.0,0.426330335655212,genomic_traits+gtdb_distance+rrna16s
3300025592_13,0.5214191,2136046.0,0.3949774489875218,genomic_traits+gtdb_distance+rrna16s
3300029582_23,0.5214539,1822332.0,0.4574440881244471,genomic_traits+gtdb_distance+rrna16s
3300029137_13,0.52147716,2175006.0,0.4047322168306662,genomic_traits+gtdb_distance+rrna16s
3300029545_8,0.5214941,2349715.0,0.3144470712405547,genomic_traits+gtdb_distance+rrna16s
3300008154_11,0.52157664,1845456.0,0.3946731864644835,genomic_traits+gtdb_distance+rrna16s
3300027976_84,0.5216148,1274206.0,0.3839638174675052,genomic_traits+gtdb_distance+rrna16s
3300013392_2,0.52162826,3877883.0,0.5598345798467875,genomic_traits+gtdb_distance+rrna16s
3300028966_7,0.5216385,2283237.0,0.5881439377515343,genomic_traits+gtdb_distance+rrna16s
3300025600_22,0.5218365,2315081.0,0.4585161383122232,genomic_traits+gtdb_distance+rrna16s
3300027722_3,0.52189314,4790228.0,0.3473842998704863,genomic_traits+gtdb_distance+rrna16s
3300024336_14,0.5218934,2394783.0,0.5352714630093833,genomic_traits+gtdb_distance+rrna16s
3300027214_3,0.521943,1859159.0,0.5438668774429729,genomic_traits+gtdb_distance+rrna16s
3300027503_6,0.52194464,4058050.0,0.3770098939145648,genomic_traits+gtdb_distance+rrna16s
3300025238_7,0.52210456,3230202.0,0.5914512467022186,genomic_traits+gtdb_distance+rrna16s
3300029502_22,0.52224267,2036168.0,0.4107146365132936,genomic_traits+gtdb_distance+rrna16s
3300029524_23,0.5222613,2064018.0,0.40869120327439,genomic_traits+gtdb_distance+rrna16s
3300011570_1,0.52227515,4749319.0,0.6620231237362662,genomic_traits+gtdb_distance+rrna16s
3300025740_26,0.52228534,2814013.0,0.5268749646856642,genomic_traits+gtdb_distance+rrna16s
3300029447_21,0.522336,2432471.0,0.5308429165239791,genomic_traits+gtdb_distance+rrna16s
3300011876_7,0.52234405,2045016.0,0.3678254840059931,genomic_traits+gtdb_distance+rrna16s
3300029778_17,0.52237874,2474140.0,0.5368467427065566,genomic_traits+gtdb_distance+rrna16s
3300008385_3,0.5224622,4420352.0,0.4576067697776104,genomic_traits+gtdb_distance+rrna16s
3300029130_18,0.5225195,2146845.0,0.4788324261881971,genomic_traits+gtdb_distance+rrna16s
3300006315_3,0.52264464,2074290.0,0.435663287197065,genomic_traits+gtdb_distance+rrna16s
3300029017_3,0.5227331,3761404.0,0.4553249265433864,genomic_traits+gtdb_distance+rrna16s
3300025894_31,0.5228546,2429189.0,0.5188558815308318,genomic_traits+gtdb_distance+rrna16s
3300006298_13,0.5228689,1959351.0,0.4083484786544116,genomic_traits+gtdb_distance+rrna16s
3300014806_13,0.522938,2079275.0,0.4067461014055379,genomic_traits+gtdb_distance+rrna16s
3300014073_5,0.52299505,3850986.0,0.2993957911038887,genomic_traits+gtdb_distance+rrna16s
3300025094_9,0.52304786,4059446.0,0.5907416923392995,genomic_traits+gtdb_distance+rrna16s
3300008268_34,0.5231154,1464665.0,0.4759607145661295,genomic_traits+gtdb_distance+rrna16s
3300027306_4,0.5232035,3566569.0,0.5254001815189893,genomic_traits+gtdb_distance+rrna16s
3300012248_3,0.52352166,3809608.0,0.6934920863248922,genomic_traits+gtdb_distance+rrna16s
3300029543_13,0.5235235,2586515.0,0.2910182233623234,genomic_traits+gtdb_distance+rrna16s
3300029390_14,0.52352774,2457178.0,0.5451110989924214,genomic_traits+gtdb_distance+rrna16s
3300023251_3,0.52353716,3201351.0,0.5585648059210002,genomic_traits+gtdb_distance+rrna16s
3300029518_9,0.5235504,2584616.0,0.4875343184442099,genomic_traits+gtdb_distance+rrna16s
3300008096_17,0.52364874,2607689.0,0.4779254734747893,genomic_traits+gtdb_distance+rrna16s
3300026302_14,0.5236569,4062461.0,0.421747802625059,genomic_traits+gtdb_distance+rrna16s
3300028640_10,0.5238106,3508441.0,0.5721216346519722,genomic_traits+gtdb_distance+rrna16s
3300014555_5,0.523827,2317447.0,0.546443133327321,genomic_traits+gtdb_distance+rrna16s
3300029840_29,0.52391595,1630531.0,0.3126852540675399,genomic_traits+gtdb_distance
3300011489_2,0.52392054,3913555.0,0.6691741907294008,genomic_traits+gtdb_distance+rrna16s
3300012529_4,0.52397346,3397376.0,0.5983894629266823,genomic_traits+gtdb_distance+rrna16s
3300020733_2,0.52401996,4748036.0,0.5740009132196976,genomic_traits+gtdb_distance+rrna16s
3300024260_14,0.5240572,2419393.0,0.5344762095285883,genomic_traits+gtdb_distance+rrna16s
3300024515_7,0.52407134,2156116.0,0.4722626240888709,genomic_traits+gtdb_distance+rrna16s
3300029547_7,0.5240961,2311856.0,0.5638936854198532,genomic_traits+gtdb_distance+rrna16s
3300011550_2,0.5241441,4663330.0,0.6660334996665473,genomic_traits+gtdb_distance+rrna16s
3300029606_7,0.5242269,3306790.0,0.5839218698496125,genomic_traits+gtdb_distance+rrna16s
3300029532_15,0.52422714,2084833.0,0.3961593086832374,genomic_traits+gtdb_distance+rrna16s
3300007530_3,0.5242941,4686985.0,0.4666904203875199,genomic_traits+gtdb_distance+rrna16s
3300029479_13,0.52443,2066485.0,0.4625216248847681,genomic_traits+gtdb_distance+rrna16s
3300022868_7,0.5244384,1777496.0,0.524168268170505,genomic_traits+gtdb_distance+rrna16s
3300029533_13,0.52448004,2080782.0,0.4097791118915869,genomic_traits+gtdb_distance+rrna16s
3300029487_11,0.5244836,2652104.0,0.4631673569362287,genomic_traits+gtdb_distance+rrna16s
3300029377_34,0.5245446,2029710.0,0.408394795315587,genomic_traits+gtdb_distance+rrna16s
3300029878_20,0.5247356,2151620.0,0.4100482427194393,genomic_traits+gtdb_distance+rrna16s
3300029198_15,0.5247761,2306974.0,0.48977014912175,genomic_traits+gtdb_distance+rrna16s
3300025267_11,0.5249098,2913906.0,0.6769483984727029,genomic_traits+gtdb_distance+rrna16s
3300017448_12,0.5249359,9675262.0,0.6124087389054684,genomic_traits+gtdb_distance+rrna16s
3300005958_1,0.5249993,2303274.0,0.380534404504197,genomic_traits+gtdb_distance
3300007210_9,0.5250882,2736859.0,0.4232139836213703,genomic_traits+gtdb_distance+rrna16s
3300029724_19,0.52510774,2088420.0,0.4416037004050909,genomic_traits+gtdb_distance+rrna16s
3300029906_23,0.52513033,1867636.0,0.4733540154505481,genomic_traits+gtdb_distance+rrna16s
3300025350_13,0.5251957,1848872.0,0.2745495631931253,genomic_traits+gtdb_distance+rrna16s
3300026969_4,0.5252182,4276158.0,0.5731652104529347,genomic_traits+gtdb_distance+rrna16s
3300029447_29,0.5252332,2179588.0,0.5673319911836548,genomic_traits+gtdb_distance+rrna16s
3300029885_10,0.5253099,3063245.0,0.5167552709626556,genomic_traits+gtdb_distance+rrna16s
3300029513_4,0.5253197,4948496.0,0.44963641478138,genomic_traits+gtdb_distance+rrna16s
3300019487_25,0.52532315,2780765.0,0.5859588997991559,genomic_traits+gtdb_distance+rrna16s
3300029788_26,0.5253495,2104093.0,0.4078341594216605,genomic_traits+gtdb_distance+rrna16s
3300029505_10,0.52542025,2099608.0,0.4062501190698454,genomic_traits+gtdb_distance+rrna16s
3300029198_16,0.5255188,2014803.0,0.3879793706878539,genomic_traits+gtdb_distance+rrna16s
3300025931_20,0.5255217,3587777.0,0.5433790896145441,genomic_traits+gtdb_distance+rrna16s
3300029355_6,0.52552664,4741510.0,0.4498860067784313,genomic_traits+gtdb_distance+rrna16s
3300029208_9,0.5255288,2549714.0,0.5400005647692251,genomic_traits+gtdb_distance+rrna16s
3300029418_13,0.52555186,2307662.0,0.4708427837352263,genomic_traits+gtdb_distance+rrna16s
3300029360_31,0.52560157,2111214.0,0.4107200880630765,genomic_traits+gtdb_distance+rrna16s
3300000153_8,0.52573633,1768504.0,0.3742287266525832,genomic_traits+gtdb_distance+rrna16s
3300014070_6,0.52574986,2954767.0,0.4191761990031701,genomic_traits+gtdb_distance+rrna16s
3300025265_5,0.52576715,1813185.0,0.5078411745078412,genomic_traits+gtdb_distance+rrna16s
3300029840_21,0.5257921,2136333.0,0.4062189742891207,genomic_traits+gtdb_distance+rrna16s
3300029541_22,0.5258618,2045798.0,0.4075759190301291,genomic_traits+gtdb_distance+rrna16s
3300029346_10,0.52592003,2791423.0,0.507644309013718,genomic_traits+gtdb_distance+rrna16s
3300005298_5,0.5259351,2533078.0,0.3849265597032543,genomic_traits+gtdb_distance+rrna16s
3300026252_14,0.52596277,3050115.0,0.6341193692696833,genomic_traits+gtdb_distance+rrna16s
3300029244_11,0.52607095,2480539.0,0.5821343667646427,genomic_traits+gtdb_distance+rrna16s
3300029825_10,0.52629083,3424048.0,0.4953137339196179,genomic_traits+gtdb_distance+rrna16s
3300025784_30,0.5264935,2676312.0,0.3972758034190333,genomic_traits+gtdb_distance+rrna16s
3300025462_4,0.5265254,2081999.0,0.4063623469559783,genomic_traits+gtdb_distance+rrna16s
3300029825_15,0.5265699,2903012.0,0.5014371280587196,genomic_traits+gtdb_distance+rrna16s
3300022227_35,0.52663714,2322925.0,0.5171389519678853,genomic_traits+gtdb_distance+rrna16s
3300029503_21,0.5267906,1964818.0,0.61735438091467,genomic_traits+gtdb_distance+rrna16s
3300007993_5,0.52681065,2103810.0,0.3935982812136077,genomic_traits+gtdb_distance+rrna16s
3300008412_5,0.52684134,2635725.0,0.4346777452124178,genomic_traits+gtdb_distance+rrna16s
3300014781_6,0.52684623,2071969.0,0.4478194413140351,genomic_traits+gtdb_distance+rrna16s
3300019861_20,0.52685684,2678683.0,0.4996403083156909,genomic_traits+gtdb_distance+rrna16s
3300029470_15,0.5269572,2147800.0,0.4751210541018716,genomic_traits+gtdb_distance+rrna16s
3300025393_2,0.52703714,4593928.0,0.5953062390181126,genomic_traits+gtdb_distance+rrna16s
3300029054_13,0.5270595,2149320.0,0.4111495728881693,genomic_traits+gtdb_distance+rrna16s
3300029715_30,0.5270694,2197609.0,0.4076362082608872,genomic_traits+gtdb_distance+rrna16s
3300027863_82,0.52710557,2641399.0,0.4396435373830307,genomic_traits+gtdb_distance+rrna16s
3300029532_14,0.52711177,2236237.0,0.4399247485843405,genomic_traits+gtdb_distance+rrna16s
3300024319_5,0.5272057,2414905.0,0.5090357591706506,genomic_traits+gtdb_distance+rrna16s
3300024344_21,0.527206,3913994.0,0.6308905941092399,genomic_traits+gtdb_distance+rrna16s
3300028284_8,0.5272188,1940217.0,0.4510866568017907,genomic_traits+gtdb_distance+rrna16s
3300020153_28,0.5273258,2421569.0,0.3723238941364049,genomic_traits+gtdb_distance+rrna16s
3300029484_18,0.52734596,2113223.0,0.410110054641654,genomic_traits+gtdb_distance+rrna16s
3300027835_66,0.52736825,1782803.0,0.5278496838966504,genomic_traits+gtdb_distance+rrna16s
3300027976_36,0.527411,3573473.0,0.5805570659131887,genomic_traits+gtdb_distance+rrna16s
3300027983_22,0.52745897,3551143.0,0.5810678421004167,genomic_traits+gtdb_distance+rrna16s
3300020214_21,0.5274913,4245157.0,0.5657277222020293,genomic_traits+gtdb_distance+rrna16s
3300006286_2,0.527548,2042592.0,0.3930643026115837,genomic_traits+gtdb_distance+rrna16s
3300025586_24,0.5277508,1760585.0,0.524528494790084,genomic_traits+gtdb_distance+rrna16s
3300029088_8,0.5278276,2152315.0,0.4348294743102194,genomic_traits+gtdb_distance+rrna16s
3300025719_33,0.52787817,1545006.0,0.4933637798170363,genomic_traits+gtdb_distance+rrna16s
3300029790_28,0.5279189,2094991.0,0.5023214896865905,genomic_traits+gtdb_distance+rrna16s
3300026531_23,0.52804106,1856485.0,0.5666951254655976,genomic_traits+gtdb_distance+rrna16s
3300029394_19,0.52807605,2349949.0,0.5527873158098324,genomic_traits+gtdb_distance+rrna16s
3300015207_12,0.52817893,3059690.0,0.4741401906729113,genomic_traits+gtdb_distance+rrna16s
3300029407_17,0.52818966,1834278.0,0.5034814788161882,genomic_traits+gtdb_distance+rrna16s
3300020184_15,0.5284105,4495254.0,0.537432590016048,genomic_traits+gtdb_distance+rrna16s
3300029458_8,0.52879524,2448798.0,0.5819332586844648,genomic_traits+gtdb_distance+rrna16s
3300008514_10,0.52882195,1828951.0,0.3668917319272085,genomic_traits+gtdb_distance+rrna16s
3300029694_14,0.5288314,2204242.0,0.4409302608334293,genomic_traits+gtdb_distance+rrna16s
3300005962_3,0.52886057,2076380.0,0.3643639410897812,genomic_traits+gtdb_distance+rrna16s
3300029887_16,0.5288753,2316394.0,0.5618267013297392,genomic_traits+gtdb_distance+rrna16s
3300011659_2,0.52889687,2889350.0,0.4178607645318151,genomic_traits+gtdb_distance+rrna16s
3300025638_15,0.52893984,2796361.0,0.5266895082573387,genomic_traits+gtdb_distance+rrna16s
3300011162_1,0.5289758,5357961.0,0.3499471160764328,genomic_traits+gtdb_distance+rrna16s
3300027051_1,0.5290701,4635214.0,0.659028256300572,genomic_traits+gtdb_distance+rrna16s
3300008502_6,0.52915996,2109155.0,0.3941369885096164,genomic_traits+gtdb_distance+rrna16s
3300024299_17,0.52920926,1511036.0,0.4943052316423963,genomic_traits+gtdb_distance+rrna16s
3300029128_7,0.5292156,3146367.0,0.5841197164857119,genomic_traits+gtdb_distance+rrna16s
3300025737_48,0.5292941,2159516.0,0.5088802305701833,genomic_traits+gtdb_distance+rrna16s
3300029457_12,0.52940875,2048357.0,0.3386719209590906,genomic_traits+gtdb_distance+rrna16s
3300029558_15,0.5295107,2425133.0,0.4352515923868917,genomic_traits+gtdb_distance+rrna16s
3300014936_9,0.5295565,3056048.0,0.585346499793197,genomic_traits+gtdb_distance+rrna16s
3300008431_1,0.52963287,2015456.0,0.3929304336090691,genomic_traits+gtdb_distance+rrna16s
3300029716_10,0.52977896,3258884.0,0.4361072686232465,genomic_traits+gtdb_distance+rrna16s
3300029545_12,0.5297958,2016819.0,0.4088820067641172,genomic_traits+gtdb_distance+rrna16s
3300029839_9,0.5298259,2533862.0,0.5089172180647565,genomic_traits+gtdb_distance+rrna16s
3300029790_26,0.52984333,2187148.0,0.4060850020208966,genomic_traits+gtdb_distance+rrna16s
3300025682_14,0.5299952,3178263.0,0.5248341625598637,genomic_traits+gtdb_distance+rrna16s
3300011146_4,0.5300117,3331668.0,0.3871919410937705,genomic_traits+gtdb_distance+rrna16s
3300027305_6,0.5300799,1742722.0,0.5440161999446842,genomic_traits+gtdb_distance+rrna16s
3300029548_17,0.5300836,2115047.0,0.4734556726162586,genomic_traits+gtdb_distance+rrna16s
3300029587_21,0.53012675,2460453.0,0.4363733019895117,genomic_traits+gtdb_distance+rrna16s
3300029436_16,0.53012824,2647520.0,0.5072433824862513,genomic_traits+gtdb_distance+rrna16s
3300029757_6,0.53017634,3201364.0,0.5893868988343719,genomic_traits+gtdb_distance+rrna16s
3300029391_6,0.53017926,4718274.0,0.4498064334542674,genomic_traits+gtdb_distance+rrna16s
3300014549_9,0.53021026,2040084.0,0.4971564896347405,genomic_traits+gtdb_distance+rrna16s
3300008364_8,0.5302341,2474362.0,0.4068507356643854,genomic_traits+gtdb_distance+rrna16s
3300024516_25,0.5302479,2123764.0,0.4036173510804402,genomic_traits+gtdb_distance+rrna16s
3300029360_23,0.53044987,2325035.0,0.4690712182827355,genomic_traits+gtdb_distance+rrna16s
3300007356_10,0.5304601,3135411.0,0.4342052764374431,genomic_traits+gtdb_distance+rrna16s
3300021318_27,0.53050756,2214322.0,0.5742597508402121,genomic_traits+gtdb_distance
3300025213_3,0.5305541,3255336.0,0.5570616980858504,genomic_traits+gtdb_distance+rrna16s
3300027863_129,0.5305795,2005512.0,0.4557723912896058,genomic_traits+gtdb_distance+rrna16s
3300027848_20,0.5306208,5726661.0,0.4568618606898505,genomic_traits+gtdb_distance+rrna16s
3300027979_9,0.53069985,3770291.0,0.4939934344590377,genomic_traits+gtdb_distance+rrna16s
3300029304_6,0.5307128,3749265.0,0.40808291758518,genomic_traits+gtdb_distance+rrna16s
3300029387_17,0.53077453,2336599.0,0.4686015871786301,genomic_traits+gtdb_distance+rrna16s
3300025251_3,0.53081954,4756974.0,0.5701778063113231,genomic_traits+gtdb_distance+rrna16s
3300026289_13,0.53087234,3807431.0,0.6678907641399148,genomic_traits+gtdb_distance+rrna16s
3300014597_2,0.53087693,4725812.0,0.5053171814706129,genomic_traits+gtdb_distance+rrna16s
3300028484_5,0.53088504,4933833.0,0.4479592235894486,genomic_traits+gtdb_distance+rrna16s
3300008628_5,0.5308905,2064986.0,0.5601577928373365,genomic_traits+gtdb_distance+rrna16s
3300011977_20,0.53089833,2436645.0,0.5265773225069716,genomic_traits+gtdb_distance+rrna16s
3300008272_21,0.53092825,2257652.0,0.5713311883319484,genomic_traits+gtdb_distance+rrna16s
3300011790_5,0.53094393,3116172.0,0.41547514065334,genomic_traits+gtdb_distance+rrna16s
3300029234_14,0.5309736,2338528.0,0.4912346570150112,genomic_traits+gtdb_distance+rrna16s
3300029489_14,0.5309776,2491717.0,0.532182025486843,genomic_traits+gtdb_distance+rrna16s
3300025584_13,0.5310501,1900896.0,0.3958843619009141,genomic_traits+gtdb_distance+rrna16s
3300025576_10,0.5310528,3673026.0,0.6132932356046485,genomic_traits+gtdb_distance+rrna16s
3300026280_4,0.53107065,4606592.0,0.65030851440718,genomic_traits+gtdb_distance+rrna16s
3300029087_6,0.53110754,3092698.0,0.5856368775742087,genomic_traits+gtdb_distance+rrna16s
3300029330_7,0.5312556,4627532.0,0.449330010035587,genomic_traits+gtdb_distance+rrna16s
3300029208_8,0.53127676,2676433.0,0.4857648220598087,genomic_traits+gtdb_distance+rrna16s
3300029594_21,0.5314728,2142194.0,0.527543723864412,genomic_traits+gtdb_distance+rrna16s
3300024054_39,0.53154683,2652125.0,0.4552937738605835,genomic_traits+gtdb_distance+rrna16s
3300017941_14,0.531607,2880611.0,0.6257099622267637,genomic_traits+gtdb_distance+rrna16s
3300029451_3,0.531692,2652407.0,0.484210379477961,genomic_traits+gtdb_distance+rrna16s
3300027342_6,0.53170973,3266918.0,0.6433791726636543,genomic_traits+gtdb_distance+rrna16s
3300014972_3,0.5317559,3934476.0,0.4403996872772893,genomic_traits+gtdb_distance+rrna16s
3300029032_5,0.5318303,2747027.0,0.4828856796820708,genomic_traits+gtdb_distance+rrna16s
3300007878_3,0.53189605,1277989.0,0.3810392734209762,genomic_traits+gtdb_distance+rrna16s
3300008754_14,0.5319824,1826406.0,0.3653108892546345,genomic_traits+gtdb_distance+rrna16s
3300025609_13,0.5319874,2677603.0,0.4820176852206992,genomic_traits+gtdb_distance+rrna16s
3300006253_12,0.5320792,2705818.0,0.5081845859551529,genomic_traits+gtdb_distance+rrna16s
3300013285_6,0.5321821,2411972.0,0.6008365768756851,genomic_traits+gtdb_distance+rrna16s
3300029381_19,0.532281,2402339.0,0.531274312243193,genomic_traits+gtdb_distance+rrna16s
3300029127_16,0.5322886,2449314.0,0.4342640429116071,genomic_traits+gtdb_distance+rrna16s
3300025706_15,0.5324263,3253429.0,0.6734516105930082,genomic_traits+gtdb_distance+rrna16s
3300025649_1,0.5324451,7690624.0,0.5913353714861109,genomic_traits+gtdb_distance+rrna16s
3300028576_48,0.5326115,1777713.0,0.406015481689114,genomic_traits+gtdb_distance+rrna16s
3300029342_18,0.5328406,2600171.0,0.5306735595466606,genomic_traits+gtdb_distance+rrna16s
3300021319_30,0.53288853,2279410.0,0.4827363221184429,genomic_traits+gtdb_distance+rrna16s
3300020190_50,0.5329045,2225341.0,0.5013456364665011,genomic_traits+gtdb_distance+rrna16s
3300029886_15,0.5330159,1939413.0,0.412678475394359,genomic_traits+gtdb_distance+rrna16s
3300029819_12,0.53302085,2694286.0,0.4851359506748727,genomic_traits+gtdb_distance+rrna16s
3300029343_18,0.5330463,2708031.0,0.5299592212939955,genomic_traits+gtdb_distance+rrna16s
3300025682_50,0.5330883,1797713.0,0.4052014976806642,genomic_traits+gtdb_distance+rrna16s
3300029374_21,0.5331007,2241801.0,0.5400898652467369,genomic_traits+gtdb_distance+rrna16s
3300024048_8,0.5331328,1784669.0,0.5239559828741353,genomic_traits+gtdb_distance+rrna16s
3300025373_19,0.5332919,1494209.0,0.6936151502232955,genomic_traits+gtdb_distance
3300028992_3,0.533301,4760640.0,0.5058063621697922,genomic_traits+gtdb_distance+rrna16s
3300029714_25,0.5333786,2387656.0,0.5640519404805382,genomic_traits+gtdb_distance+rrna16s
3300029136_24,0.53351605,2306156.0,0.4096349076124945,genomic_traits+gtdb_distance+rrna16s
3300008506_20,0.53354716,1922851.0,0.435952135656897,genomic_traits+gtdb_distance+rrna16s
3300018415_33,0.53362715,2277308.0,0.448199365215421,genomic_traits+gtdb_distance+rrna16s
3300029780_14,0.5336304,2197324.0,0.5466103314759225,genomic_traits+gtdb_distance+rrna16s
3300025762_13,0.533699,2628770.0,0.3065669495619624,genomic_traits+gtdb_distance+rrna16s
3300025477_10,0.53376055,2919295.0,0.4957392110081372,genomic_traits+gtdb_distance+rrna16s
3300029430_11,0.5337862,3094843.0,0.5847139903381205,genomic_traits+gtdb_distance+rrna16s
3300029374_17,0.5338218,2396581.0,0.5360757679377413,genomic_traits+gtdb_distance+rrna16s
3300008161_11,0.53382313,2135497.0,0.3943185122713822,genomic_traits+gtdb_distance+rrna16s
3300027844_13,0.53394336,5007245.0,0.5846140941775367,genomic_traits+gtdb_distance+rrna16s
3300011814_2,0.5339686,3956418.0,0.401707049154058,genomic_traits+gtdb_distance+rrna16s
3300000228_15,0.534014,2679218.0,0.3179345615026474,genomic_traits+gtdb_distance+rrna16s
3300014530_10,0.5340308,2103200.0,0.4438878851274249,genomic_traits+gtdb_distance+rrna16s
3300029516_16,0.534035,2156335.0,0.4127934666923274,genomic_traits+gtdb_distance+rrna16s
3300026280_16,0.5340407,2710750.0,0.4799118325186756,genomic_traits+gtdb_distance+rrna16s
3300029377_17,0.5340648,2657579.0,0.5419071267495716,genomic_traits+gtdb_distance+rrna16s
3300011232_5,0.5340791,3316560.0,0.4007417323974238,genomic_traits+gtdb_distance+rrna16s
3300006488_2,0.53409296,2616993.0,0.3853537246756105,genomic_traits+gtdb_distance+rrna16s
3300029549_29,0.5341009,1895580.0,0.5017424745988035,genomic_traits+gtdb_distance+rrna16s
3300026509_27,0.5341013,1977266.0,0.4058381623919088,genomic_traits+gtdb_distance+rrna16s
3300029412_15,0.5341935,2514201.0,0.4872868159705608,genomic_traits+gtdb_distance+rrna16s
3300014798_11,0.5342266,2145028.0,0.4769438907091189,genomic_traits+gtdb_distance+rrna16s
3300029675_10,0.5342337,2684748.0,0.5865273016312891,genomic_traits+gtdb_distance+rrna16s
3300029614_17,0.5343523,2469952.0,0.531156071049154,genomic_traits+gtdb_distance+rrna16s
3300014832_7,0.5344349,3711511.0,0.3970940676182827,genomic_traits+gtdb_distance+rrna16s
3300029669_11,0.53446925,2146268.0,0.4437758937840009,genomic_traits+gtdb_distance+rrna16s
3300029539_18,0.53451246,2048483.0,0.4888524825443999,genomic_traits+gtdb_distance+rrna16s
3300011452_1,0.5345295,4332206.0,0.6735859282776488,genomic_traits+gtdb_distance+rrna16s
3300028029_16,0.53458756,2748526.0,0.4806696389264646,genomic_traits+gtdb_distance+rrna16s
3300029176_5,0.53466827,2261490.0,0.4403216463482041,genomic_traits+gtdb_distance+rrna16s
3300029840_16,0.5348038,2491412.0,0.4948583373605008,genomic_traits+gtdb_distance+rrna16s
3300025597_22,0.5349861,2207540.0,0.3300338838707339,genomic_traits+gtdb_distance+rrna16s
3300024917_6,0.5350306,2835981.0,0.6139022087947698,genomic_traits+gtdb_distance+rrna16s
3300005529_46,0.53508866,4644232.0,0.555195563012356,genomic_traits+gtdb_distance+rrna16s
3300027723_3,0.53514284,3490717.0,0.4938970990773528,genomic_traits+gtdb_distance+rrna16s
3300027192_6,0.53514415,1744967.0,0.5449598760320395,genomic_traits+gtdb_distance+rrna16s
3300006247_15,0.5351679,2124621.0,0.3940010947834931,genomic_traits+gtdb_distance+rrna16s
3300020603_61,0.5351797,2336563.0,0.5839440237648204,genomic_traits+gtdb_distance+rrna16s
3300029509_5,0.5351831,2823066.0,0.5430305207175461,genomic_traits+gtdb_distance+rrna16s
3300008664_13,0.53527254,2120556.0,0.4079642320221677,genomic_traits+gtdb_distance+rrna16s
3300025730_10,0.5352956,4502550.0,0.6588830773672697,genomic_traits+gtdb_distance+rrna16s
3300006045_43,0.5353388,3192351.0,0.4617813016175226,genomic_traits+gtdb_distance+rrna16s
3300014510_1,0.53539205,4636309.0,0.5056496450085618,genomic_traits+gtdb_distance+rrna16s
3300029795_10,0.53543913,3334373.0,0.5809715949595321,genomic_traits+gtdb_distance+rrna16s
3300029380_23,0.5357671,2426066.0,0.5307431867063798,genomic_traits+gtdb_distance+rrna16s
3300025902_3,0.5358196,7184496.0,0.6375396409156606,genomic_traits+gtdb_distance+rrna16s
3300029315_21,0.53585285,1874454.0,0.428634685086964,genomic_traits+gtdb_distance+rrna16s
3300029613_8,0.5359072,4686823.0,0.5061560891034289,genomic_traits+gtdb_distance+rrna16s
3300029545_5,0.53603375,4489313.0,0.4513737402582533,genomic_traits+gtdb_distance+rrna16s
3300028198_19,0.53608423,1503982.0,0.4947559212809728,genomic_traits+gtdb_distance+rrna16s
3300029458_5,0.53616095,4481537.0,0.5073308554632038,genomic_traits+gtdb_distance+rrna16s
3300014026_23,0.5362596,1813988.0,0.424583293825538,genomic_traits+gtdb_distance+rrna16s
3300029423_16,0.53626066,2100084.0,0.5006171181724159,genomic_traits+gtdb_distance+rrna16s
3300027219_4,0.5363694,1691656.0,0.5444830391048772,genomic_traits+gtdb_distance+rrna16s
3300029516_7,0.5363864,2721734.0,0.3817184192136336,genomic_traits+gtdb_distance+rrna16s
3300029878_21,0.5364331,2146668.0,0.4906739188360752,genomic_traits+gtdb_distance+rrna16s
3300027706_20,0.53654015,4605805.0,0.6210616819426789,genomic_traits+gtdb_distance+rrna16s
3300025613_34,0.5366647,2091570.0,0.3983782517439053,genomic_traits+gtdb_distance+rrna16s
3300029013_3,0.5366796,4900594.0,0.4511567373261282,genomic_traits+gtdb_distance+rrna16s
3300007098_16,0.5367191,1447779.0,0.4861916079733163,genomic_traits+gtdb_distance+rrna16s
3300012259_1,0.5367609,4898704.0,0.5181903213584654,genomic_traits+gtdb_distance+rrna16s
3300029544_14,0.53677034,2303240.0,0.4901382400444591,genomic_traits+gtdb_distance+rrna16s
3300021424_49,0.5369725,1643338.0,0.5890157715576467,genomic_traits+gtdb_distance+rrna16s
3300025364_6,0.5369728,3021076.0,0.531962453112732,genomic_traits+gtdb_distance+rrna16s
3300008672_12,0.536989,3086454.0,0.4337028836328032,genomic_traits+gtdb_distance+rrna16s
3300029469_11,0.5370012,2273687.0,0.4922977525050722,genomic_traits+gtdb_distance+rrna16s
3300029386_19,0.5370733,2500121.0,0.4834498010296301,genomic_traits+gtdb_distance+rrna16s
3300020182_17,0.5371259,3455551.0,0.5770225935024544,genomic_traits+gtdb_distance+rrna16s
3300014546_7,0.5371407,1975148.0,0.4128951349468495,genomic_traits+gtdb_distance+rrna16s
2140918027_1,0.5372104,2917185.0,0.6414941116178782,genomic_traits+gtdb_distance
3300010998_25,0.5372178,2252750.0,0.5416215736322273,genomic_traits+gtdb_distance+rrna16s
3300029839_3,0.53728503,4116468.0,0.4678413630325803,genomic_traits+gtdb_distance+rrna16s
3300011143_1,0.5373518,4624852.0,0.6618449628225941,genomic_traits+gtdb_distance+rrna16s
3300029490_19,0.53742415,2688688.0,0.4296947061168867,genomic_traits+gtdb_distance+rrna16s
3300014064_3,0.5375574,1977177.0,0.3700543755060877,genomic_traits+gtdb_distance+rrna16s
3300029507_9,0.53757495,3460436.0,0.4866051561132758,genomic_traits+gtdb_distance+rrna16s
3300006333_5,0.5376025,2655854.0,0.3989654551793886,genomic_traits+gtdb_distance+rrna16s
3300029415_6,0.5376026,4829655.0,0.5068709876792442,genomic_traits+gtdb_distance+rrna16s
3300029506_7,0.5376273,1908230.0,0.4103640546475006,genomic_traits+gtdb_distance+rrna16s
3300025714_27,0.5377711,2305611.0,0.638525319318827,genomic_traits+gtdb_distance+rrna16s
3300007220_14,0.5379267,1995725.0,0.3946530709391324,genomic_traits+gtdb_distance+rrna16s
3300008512_3,0.538035,4904005.0,0.4676432833979574,genomic_traits+gtdb_distance+rrna16s
3300028631_11,0.5380405,3452641.0,0.5706263697847532,genomic_traits+gtdb_distance+rrna16s
3300029468_10,0.5381946,2409401.0,0.4358087342040615,genomic_traits+gtdb_distance+rrna16s
3300008599_17,0.53819567,1896599.0,0.4135787269739149,genomic_traits+gtdb_distance+rrna16s
3300025168_4,0.53832597,4440256.0,0.5467373953213508,genomic_traits+gtdb_distance+rrna16s
3300008617_6,0.53837746,1620841.0,0.302798979048531,genomic_traits+gtdb_distance+rrna16s
3300029052_9,0.5383829,1940650.0,0.4381135186664261,genomic_traits+gtdb_distance+rrna16s
3300029873_9,0.53844017,5022168.0,0.5050944134087111,genomic_traits+gtdb_distance+rrna16s
3300008672_25,0.5384442,2039055.0,0.3651549369683505,genomic_traits+gtdb_distance+rrna16s
3300014751_5,0.53844476,2465124.0,0.4870858423349089,genomic_traits+gtdb_distance+rrna16s
3300014963_13,0.53846765,4698254.0,0.5071224331421843,genomic_traits+gtdb_distance+rrna16s
3300029232_12,0.5384746,2291470.0,0.4744927928360397,genomic_traits+gtdb_distance+rrna16s
3300029549_21,0.5384987,2282640.0,0.5575566011285179,genomic_traits+gtdb_distance+rrna16s
3300027366_5,0.5386465,1619112.0,0.5447232804154376,genomic_traits+gtdb_distance+rrna16s
3300029031_9,0.53865266,2179726.0,0.4615850799595912,genomic_traits+gtdb_distance+rrna16s
3300014827_8,0.538849,3931608.0,0.3530687698264934,genomic_traits+gtdb_distance+rrna16s
3300013702_3,0.5388706,4034954.0,0.6775418009722044,genomic_traits+gtdb_distance+rrna16s
3300028963_1,0.53897005,4787884.0,0.5047902163043215,genomic_traits+gtdb_distance+rrna16s
3300029192_5,0.53898215,4478356.0,0.5087270864576198,genomic_traits+gtdb_distance+rrna16s
3300029492_15,0.53900903,2522552.0,0.44966010611476,genomic_traits+gtdb_distance+rrna16s
3300029514_15,0.53904045,1984732.0,0.4097258471168903,genomic_traits+gtdb_distance+rrna16s
3300029404_20,0.53906643,2140208.0,0.500202316784163,genomic_traits+gtdb_distance+rrna16s
3300029128_23,0.53908426,2025900.0,0.4128940224097931,genomic_traits+gtdb_distance+rrna16s
3300027970_26,0.53926593,3123522.0,0.5105704393950162,genomic_traits+gtdb_distance+rrna16s
3300029387_14,0.5392983,2436284.0,0.520780828507678,genomic_traits+gtdb_distance+rrna16s
3300029045_11,0.5395008,2130165.0,0.4393894369684977,genomic_traits+gtdb_distance+rrna16s
3300029046_3,0.5396001,4788605.0,0.5051500384767589,genomic_traits+gtdb_distance+rrna16s
3300003076_1,0.5396814,1520641.0,0.3178613492599502,genomic_traits+gtdb_distance+rrna16s
3300027051_3,0.53972805,4572195.0,0.566051972848927,genomic_traits+gtdb_distance+rrna16s
3300029610_19,0.5398339,2597885.0,0.5333573272104039,genomic_traits+gtdb_distance+rrna16s
3300026199_14,0.53991115,2199856.0,0.5090783214901339,genomic_traits+gtdb_distance+rrna16s
3300029749_7,0.5399252,5046456.0,0.507557382844515,genomic_traits+gtdb_distance+rrna16s
3300029557_7,0.53998095,4728498.0,0.4497612138146193,genomic_traits+gtdb_distance+rrna16s
3300025471_3,0.5399971,4448816.0,0.6235668096859929,genomic_traits+gtdb_distance+rrna16s
3300013634_1,0.5400157,4246679.0,0.6668403710287497,genomic_traits+gtdb_distance+rrna16s
3300028044_24,0.54001755,3082168.0,0.5111363170339839,genomic_traits+gtdb_distance+rrna16s
3300020201_14,0.5402745,6851861.0,0.593033483895835,genomic_traits+gtdb_distance+rrna16s
3300029577_21,0.5402892,2466420.0,0.4883069388019883,genomic_traits+gtdb_distance+rrna16s
3300011214_1,0.54034173,5143020.0,0.6639369475522164,genomic_traits+gtdb_distance+rrna16s
3300029830_26,0.5403735,1718514.0,0.4589785128314346,genomic_traits+gtdb_distance+rrna16s
3300029656_6,0.54044276,4843280.0,0.5062298690143869,genomic_traits+gtdb_distance+rrna16s
3300014555_7,0.5404647,2152480.0,0.4109129933843752,genomic_traits+gtdb_distance+rrna16s
3300007742_11,0.54060894,2632145.0,0.5403061001578561,genomic_traits+gtdb_distance+rrna16s
3300014620_1,0.54063594,4633841.0,0.5071794651564436,genomic_traits+gtdb_distance+rrna16s
3300025702_6,0.5406557,3504676.0,0.531296473625522,genomic_traits+gtdb_distance+rrna16s
3300025869_17,0.5407146,3013284.0,0.5317859186190217,genomic_traits+gtdb_distance+rrna16s
3300029508_13,0.5407221,2527054.0,0.2919458784814254,genomic_traits+gtdb_distance+rrna16s
3300029510_15,0.5407242,2187766.0,0.5169995328568047,genomic_traits+gtdb_distance+rrna16s
3300029741_7,0.5408403,4720269.0,0.5068749259840911,genomic_traits+gtdb_distance+rrna16s
3300029441_15,0.54088527,2687535.0,0.5430399976186356,genomic_traits+gtdb_distance+rrna16s
3300029331_18,0.54096663,2110930.0,0.5024145755662196,genomic_traits+gtdb_distance+rrna16s
3300020139_39,0.54099554,1379921.0,0.4337748320374862,genomic_traits+gtdb_distance+rrna16s
3300029861_8,0.5410048,4409121.0,0.4283733651219824,genomic_traits+gtdb_distance+rrna16s
3300027225_5,0.54101956,1708604.0,0.5459901767758942,genomic_traits+gtdb_distance+rrna16s
3300029558_18,0.541197,2034654.0,0.4072736691348996,genomic_traits+gtdb_distance+rrna16s
3300011704_2,0.54123527,4793210.0,0.6642074935168707,genomic_traits+gtdb_distance+rrna16s
3300024267_6,0.54125226,2507900.0,0.5054352246899797,genomic_traits+gtdb_distance+rrna16s
3300005689_1,0.54132974,2840179.0,0.480584146280921,genomic_traits+gtdb_distance+rrna16s
3300028912_1,0.54140776,4929931.0,0.5043632456519168,genomic_traits+gtdb_distance+rrna16s
3300029562_14,0.5414369,2486144.0,0.560130064871544,genomic_traits+gtdb_distance+rrna16s
3300029566_20,0.54151607,2235313.0,0.4698975042868716,genomic_traits+gtdb_distance+rrna16s
3300029548_19,0.5417645,2080629.0,0.3891875966354405,genomic_traits+gtdb_distance+rrna16s
3300005977_7,0.5418227,2006814.0,0.3820493578378464,genomic_traits+gtdb_distance
3300029716_35,0.5419566,1717038.0,0.4595844704660001,genomic_traits+gtdb_distance+rrna16s
3300027788_10,0.5419695,4442486.0,0.5348921752370182,genomic_traits+gtdb_distance+rrna16s
3300029212_4,0.54201394,4722966.0,0.5093242254972828,genomic_traits+gtdb_distance+rrna16s
3300029885_4,0.542035,5115424.0,0.507742662191834,genomic_traits+gtdb_distance+rrna16s
3300029447_23,0.54205316,2327794.0,0.58567209985076,genomic_traits+gtdb_distance+rrna16s
3300029566_7,0.5420899,4979850.0,0.5048079761438597,genomic_traits+gtdb_distance+rrna16s
3300029762_4,0.5421169,4878763.0,0.449561907393329,genomic_traits+gtdb_distance+rrna16s
3300024309_11,0.5421284,2369613.0,0.421325760788787,genomic_traits+gtdb_distance+rrna16s
3300029507_13,0.5422008,2484048.0,0.486471678486084,genomic_traits+gtdb_distance+rrna16s
3300011840_2,0.5422592,4667768.0,0.5076544078454628,genomic_traits+gtdb_distance+rrna16s
3300029114_16,0.5422624,2123151.0,0.4079469618505702,genomic_traits+gtdb_distance+rrna16s
3300029469_8,0.5422784,4016196.0,0.5126345925348265,genomic_traits+gtdb_distance+rrna16s
3300028957_2,0.54228157,5002534.0,0.5078682123899607,genomic_traits+gtdb_distance+rrna16s
3300025452_12,0.5423167,1818022.0,0.4238771588022587,genomic_traits+gtdb_distance+rrna16s
3300029706_17,0.54232466,2281486.0,0.5624478958012453,genomic_traits+gtdb_distance+rrna16s
3300022834_6,0.542364,1745898.0,0.5241778156570429,genomic_traits+gtdb_distance+rrna16s
3300013128_35,0.54238915,2242390.0,0.415870120719411,genomic_traits+gtdb_distance+rrna16s
3300029760_8,0.5425056,3409251.0,0.581303928634178,genomic_traits+gtdb_distance+rrna16s
3300029369_12,0.54251975,2543342.0,0.5900838345767104,genomic_traits+gtdb_distance+rrna16s
3300029560_16,0.5425673,2073685.0,0.4416943749894511,genomic_traits+gtdb_distance+rrna16s
3300027205_2,0.5425721,1615813.0,0.5457525097273014,genomic_traits+gtdb_distance+rrna16s
3300029653_8,0.5426515,2465585.0,0.5619291162137992,genomic_traits+gtdb_distance+rrna16s
3300024267_3,0.54268765,3039906.0,0.6111304099534657,genomic_traits+gtdb_distance+rrna16s
3300020198_29,0.54287785,3224966.0,0.5414209018017554,genomic_traits+gtdb_distance+rrna16s
3300027327_33,0.5430263,2083524.0,0.5025951224943893,genomic_traits+gtdb_distance+rrna16s
3300029755_13,0.543037,2052537.0,0.4084413581825808,genomic_traits+gtdb_distance+rrna16s
3300029595_27,0.5430591,1988917.0,0.5365699021125567,genomic_traits+gtdb_distance+rrna16s
3300027211_3,0.5432646,1736689.0,0.5455421206675461,genomic_traits+gtdb_distance+rrna16s
3300011593_2,0.54329365,4747757.0,0.4007488167570497,genomic_traits+gtdb_distance+rrna16s
3300029728_5,0.5433405,4678666.0,0.5068474646405621,genomic_traits+gtdb_distance+rrna16s
3300005298_13,0.5434054,1950775.0,0.3943002140175058,genomic_traits+gtdb_distance+rrna16s
3300029360_37,0.5434291,1703379.0,0.5137676348011805,genomic_traits+gtdb_distance+rrna16s
3300029521_18,0.5435035,2083309.0,0.479254397691365,genomic_traits+gtdb_distance+rrna16s
3300027188_2,0.54351455,1747789.0,0.5442859521372431,genomic_traits+gtdb_distance+rrna16s
3300029213_12,0.5435633,1976621.0,0.4101722080257166,genomic_traits+gtdb_distance+rrna16s
3300025609_2,0.5435737,5321810.0,0.6391874193178637,genomic_traits+gtdb_distance+rrna16s
3300029619_14,0.54381156,2393974.0,0.5653737258633552,genomic_traits+gtdb_distance+rrna16s
3300020469_30,0.54383034,1799520.0,0.410682293055926,genomic_traits+gtdb_distance+rrna16s
3300025460_4,0.5439486,3831590.0,0.6135014445700088,genomic_traits+gtdb_distance+rrna16s
3300027819_28,0.54396,4335722.0,0.6300067209106119,genomic_traits+gtdb_distance+rrna16s
3300007095_1,0.5440318,2404795.0,0.5871394443185386,genomic_traits+gtdb_distance+rrna16s
3300029316_16,0.5440339,2218700.0,0.5016694460720241,genomic_traits+gtdb_distance+rrna16s
3300029015_11,0.5442469,2014305.0,0.4082693534494528,genomic_traits+gtdb_distance+rrna16s
3300029720_17,0.5442603,2877004.0,0.467574949496073,genomic_traits+gtdb_distance+rrna16s
3300025784_3,0.54431933,6126935.0,0.6239202798789281,genomic_traits+gtdb_distance+rrna16s
3300027340_6,0.54436976,3178119.0,0.6439592098344964,genomic_traits+gtdb_distance+rrna16s
3300001683_26,0.5443711,3131019.0,0.5758486294717471,genomic_traits+gtdb_distance+rrna16s
3300022836_5,0.54442585,4544651.0,0.5007841086147209,genomic_traits+gtdb_distance+rrna16s
3300029496_19,0.54444396,2150783.0,0.5094400504374453,genomic_traits+gtdb_distance+rrna16s
3300029130_20,0.54448634,2102041.0,0.4077541779632271,genomic_traits+gtdb_distance+rrna16s
3300025609_6,0.544498,3985188.0,0.5582002655834556,genomic_traits+gtdb_distance+rrna16s
3300007664_25,0.54453677,1499679.0,0.4896547861242306,genomic_traits+gtdb_distance+rrna16s
3300027730_28,0.5445699,2932500.0,0.5109763000852515,genomic_traits+gtdb_distance+rrna16s
3300029527_8,0.544574,2787018.0,0.5949204490247282,genomic_traits+gtdb_distance+rrna16s
3300011744_3,0.54459894,2739883.0,0.4369412854490502,genomic_traits+gtdb_distance+rrna16s
3300025775_23,0.54461825,2655268.0,0.7123028635904173,genomic_traits+gtdb_distance
3300011841_5,0.5446242,2896986.0,0.3940847487699285,genomic_traits+gtdb_distance+rrna16s
3300025662_19,0.54467964,1822492.0,0.4204742736867981,genomic_traits+gtdb_distance+rrna16s
3300029828_26,0.5447606,1929760.0,0.4793808556504436,genomic_traits+gtdb_distance+rrna16s
3300029739_22,0.5449916,2017626.0,0.4089043261734335,genomic_traits+gtdb_distance+rrna16s
3300025480_6,0.5449973,3714119.0,0.6132991430807683,genomic_traits+gtdb_distance+rrna16s
3300011617_1,0.54513085,4421717.0,0.6657522405888934,genomic_traits+gtdb_distance+rrna16s
3300013829_9,0.54518765,2103680.0,0.3946707674170976,genomic_traits+gtdb_distance+rrna16s
3300020203_27,0.54527205,2631931.0,0.4853858250843202,genomic_traits+gtdb_distance+rrna16s
3300011375_1,0.54531515,4557788.0,0.5415572203007248,genomic_traits+gtdb_distance+rrna16s
3300029594_5,0.5453363,4879468.0,0.50509153866774,genomic_traits+gtdb_distance+rrna16s
3300014922_2,0.5453927,4936567.0,0.5075638596619878,genomic_traits+gtdb_distance+rrna16s
3300020190_54,0.545398,2058925.0,0.4938727734133103,genomic_traits+gtdb_distance+rrna16s
3300017444_25,0.5454863,5060574.0,0.5480901968828042,genomic_traits+gtdb_distance+rrna16s
3300022855_4,0.5456122,3313153.0,0.4879167970812093,genomic_traits+gtdb_distance+rrna16s
3300029545_4,0.5457085,4927174.0,0.5078150274376346,genomic_traits+gtdb_distance+rrna16s
3300029708_16,0.54575986,2698439.0,0.4275360680749129,genomic_traits+gtdb_distance+rrna16s
3300027224_3,0.5457647,1692181.0,0.5457849958130957,genomic_traits+gtdb_distance+rrna16s
3300006249_13,0.54590034,2116549.0,0.4291679521711994,genomic_traits+gtdb_distance+rrna16s
3300029032_2,0.5459141,4574855.0,0.5075957598656132,genomic_traits+gtdb_distance+rrna16s
3300028644_13,0.5459352,3571265.0,0.5705955732772561,genomic_traits+gtdb_distance+rrna16s
3300028299_12,0.5460724,4220373.0,0.6060753397863174,genomic_traits+gtdb_distance+rrna16s
3300029887_13,0.5460814,2561270.0,0.5301678464199401,genomic_traits+gtdb_distance+rrna16s
3300027509_18,0.5461969,4304159.0,0.3672438680820109,genomic_traits+gtdb_distance+rrna16s
3300029862_7,0.5463577,4830905.0,0.5068555477700348,genomic_traits+gtdb_distance+rrna16s
3300029329_9,0.5463616,3449522.0,0.5801673391269863,genomic_traits+gtdb_distance+rrna16s
3300024916_2,0.54646057,3994181.0,0.6745608173490385,genomic_traits+gtdb_distance+rrna16s
3300008101_7,0.546549,3709421.0,0.4857922570665341,genomic_traits+gtdb_distance+rrna16s
3300029551_5,0.54658544,4661661.0,0.4498879262134247,genomic_traits+gtdb_distance+rrna16s
3300022912_20,0.5467341,3044084.0,0.4780695933489352,genomic_traits+gtdb_distance+rrna16s
3300008096_25,0.54675883,2178444.0,0.5895143506098849,genomic_traits+gtdb_distance+rrna16s
3300011232_6,0.5468569,3017262.0,0.5531445396521747,genomic_traits+gtdb_distance+rrna16s
3300006523_9,0.5468895,3054481.0,0.5881647324046213,genomic_traits+gtdb_distance+rrna16s
3300025454_10,0.5469332,2175421.0,0.5481008043960226,genomic_traits+gtdb_distance+rrna16s
3300029238_22,0.5469857,1923298.0,0.4244391664734222,genomic_traits+gtdb_distance+rrna16s
3300000367_11,0.54712737,3067615.0,0.6140861874778941,genomic_traits+gtdb_distance+rrna16s
3300029573_8,0.547184,3179982.0,0.5152513441899985,genomic_traits+gtdb_distance+rrna16s
3300029729_5,0.54733604,4398338.0,0.4532843996982496,genomic_traits+gtdb_distance+rrna16s
3300028981_3,0.5474073,4697963.0,0.5063477511423568,genomic_traits+gtdb_distance+rrna16s
3300029339_25,0.54749256,2154107.0,0.4999259553959019,genomic_traits+gtdb_distance+rrna16s
3300029422_17,0.54751027,2537730.0,0.5173615790489926,genomic_traits+gtdb_distance+rrna16s
3300005326_35,0.5475557,2681388.0,0.5049657117880739,genomic_traits+gtdb_distance+rrna16s
3300011461_2,0.5476048,4420238.0,0.5430508492981599,genomic_traits+gtdb_distance+rrna16s
3300029828_22,0.5477055,2160784.0,0.5218610467311865,genomic_traits+gtdb_distance+rrna16s
3300029858_4,0.54773045,4630162.0,0.5073330047631163,genomic_traits+gtdb_distance+rrna16s
3300027863_67,0.5477419,2948615.0,0.5564910983631298,genomic_traits+gtdb_distance+rrna16s
3300007524_9,0.5477445,2501226.0,0.4501300562204295,genomic_traits+gtdb_distance+rrna16s
3300029214_20,0.54779863,1875103.0,0.4093860443932947,genomic_traits+gtdb_distance+rrna16s
3300025730_35,0.54792076,3028571.0,0.6035288589899329,genomic_traits+gtdb_distance+rrna16s
3300020153_25,0.54810023,2875311.0,0.5572301570160585,genomic_traits+gtdb_distance+rrna16s
3300013494_2,0.5481607,5683743.0,0.530594539549026,genomic_traits+gtdb_distance+rrna16s
3300029619_5,0.5482073,4805744.0,0.506241905519728,genomic_traits+gtdb_distance+rrna16s
3300029353_18,0.5482727,2085620.0,0.4093502172015995,genomic_traits+gtdb_distance+rrna16s
3300014815_23,0.54827374,1947444.0,0.4282033270276321,genomic_traits+gtdb_distance+rrna16s
3300025269_4,0.54839754,3254657.0,0.5905636139230647,genomic_traits+gtdb_distance+rrna16s
3300029467_6,0.54840714,4672263.0,0.5078909299412298,genomic_traits+gtdb_distance+rrna16s
3300029080_10,0.54841715,2529055.0,0.5836100836083042,genomic_traits+gtdb_distance+rrna16s
3300029315_12,0.54845476,2357939.0,0.5107676661694811,genomic_traits+gtdb_distance+rrna16s
3300029686_22,0.5485186,2036334.0,0.4073830717357761,genomic_traits+gtdb_distance+rrna16s
3300008136_20,0.54866546,2114964.0,0.5504509769433428,genomic_traits+gtdb_distance+rrna16s
3300026280_26,0.5486909,1858460.0,0.3279747748135553,genomic_traits+gtdb_distance+rrna16s
3300025772_32,0.5487095,2071576.0,0.4818133633523462,genomic_traits+gtdb_distance+rrna16s
3300008490_4,0.54871273,2641064.0,0.5715457860922719,genomic_traits+gtdb_distance+rrna16s
3300029073_2,0.54880226,4711959.0,0.450573742258793,genomic_traits+gtdb_distance+rrna16s
3300005298_9,0.5488099,2236588.0,0.3553171169656637,genomic_traits+gtdb_distance+rrna16s
3300029479_12,0.54885775,2334469.0,0.4878321365586778,genomic_traits+gtdb_distance+rrna16s
3300029518_17,0.5489526,2132695.0,0.5361774656010353,genomic_traits+gtdb_distance+rrna16s
3300008341_4,0.5490106,2455805.0,0.4021858413025464,genomic_traits+gtdb_distance+rrna16s
3300029736_20,0.54911745,2309366.0,0.5661618816592953,genomic_traits+gtdb_distance+rrna16s
3300029870_14,0.5491353,2512785.0,0.4650039696989595,genomic_traits+gtdb_distance+rrna16s
3300029719_10,0.5491742,4531432.0,0.5074643070887966,genomic_traits+gtdb_distance+rrna16s
3300029102_3,0.54923534,4745480.0,0.506214966663014,genomic_traits+gtdb_distance+rrna16s
3300029303_6,0.5493132,4872559.0,0.5074204334929552,genomic_traits+gtdb_distance+rrna16s
3300027800_14,0.5494021,4164096.0,0.6597808984230911,genomic_traits+gtdb_distance+rrna16s
3300007853_11,0.54945815,2929738.0,0.4348149902824075,genomic_traits+gtdb_distance+rrna16s
3300029337_6,0.5495272,4451016.0,0.5105068146238971,genomic_traits+gtdb_distance+rrna16s
3300027906_4,0.5495619,4467928.0,0.4827499458361907,genomic_traits+gtdb_distance+rrna16s
3300028958_4,0.54962,4808017.0,0.5049035808317649,genomic_traits+gtdb_distance+rrna16s
3300029878_5,0.54963183,4964285.0,0.5122816276664213,genomic_traits+gtdb_distance+rrna16s
3300020220_86,0.5496772,1732361.0,0.5889696200734142,genomic_traits+gtdb_distance+rrna16s
3300007806_3,0.5496889,4678679.0,0.4496151584667381,genomic_traits+gtdb_distance+rrna16s
3300029484_10,0.54970986,2756550.0,0.4925424897063358,genomic_traits+gtdb_distance+rrna16s
3300029551_4,0.54971594,4816719.0,0.5069670869319967,genomic_traits+gtdb_distance+rrna16s
3300012241_6,0.5497192,2391778.0,0.3478579533719266,genomic_traits+gtdb_distance+rrna16s
3300029186_3,0.5497355,5480011.0,0.5031769096813857,genomic_traits+gtdb_distance+rrna16s
3300026164_7,0.5498319,3490414.0,0.6136676050462782,genomic_traits+gtdb_distance+rrna16s
3300014028_5,0.54985875,2164579.0,0.4088420889235274,genomic_traits+gtdb_distance+rrna16s
3300029545_11,0.5498743,2249744.0,0.4914145787254016,genomic_traits+gtdb_distance+rrna16s
3300015360_41,0.5499088,4358593.0,0.5118585286582161,genomic_traits+gtdb_distance+rrna16s
3300029191_5,0.5499238,4566628.0,0.5066852390866959,genomic_traits+gtdb_distance+rrna16s
3300029847_11,0.54999804,2903794.0,0.5371823896598725,genomic_traits+gtdb_distance+rrna16s
3300027773_19,0.55009377,5128387.0,0.6088329527393311,genomic_traits+gtdb_distance+rrna16s
3300011576_2,0.55012727,3301652.0,0.3862154460857777,genomic_traits+gtdb_distance+rrna16s
3300029474_15,0.5501374,2340245.0,0.4908622815132604,genomic_traits+gtdb_distance+rrna16s
3300014520_4,0.5501405,4682842.0,0.508091880956052,genomic_traits+gtdb_distance+rrna16s
3300014799_10,0.55033857,2427042.0,0.5406371212364681,genomic_traits+gtdb_distance+rrna16s
3300023249_8,0.55036986,1737575.0,0.5243629771376775,genomic_traits+gtdb_distance+rrna16s
3300027741_6,0.5503735,3536797.0,0.5522847367264788,genomic_traits+gtdb_distance+rrna16s
3300029460_9,0.55043966,2276308.0,0.4406727912040022,genomic_traits+gtdb_distance+rrna16s
3300029480_7,0.5505334,4124487.0,0.511682058883929,genomic_traits+gtdb_distance+rrna16s
3300014951_16,0.5505628,2178956.0,0.4070343779314497,genomic_traits+gtdb_distance+rrna16s
3300013759_2,0.5506318,8523992.0,0.5000753168233851,genomic_traits+gtdb_distance+rrna16s
3300029653_2,0.5507678,5707490.0,0.503908022615896,genomic_traits+gtdb_distance+rrna16s
3300029459_11,0.5507965,2396446.0,0.4391920368746051,genomic_traits+gtdb_distance+rrna16s
3300025482_5,0.5508458,3067765.0,0.6234193297074581,genomic_traits+gtdb_distance+rrna16s
3300017444_23,0.5508654,5144164.0,0.61411203064288,genomic_traits+gtdb_distance+rrna16s
3300029132_6,0.5508733,4797226.0,0.5067484833943616,genomic_traits+gtdb_distance+rrna16s
3300029778_20,0.55093664,2208714.0,0.4583341256495861,genomic_traits+gtdb_distance+rrna16s
3300025637_20,0.55098164,1803161.0,0.4525347431538282,genomic_traits+gtdb_distance+rrna16s
3300029791_16,0.5510716,2402702.0,0.531122045097561,genomic_traits+gtdb_distance+rrna16s
3300029530_19,0.55107623,2054662.0,0.4085781505668572,genomic_traits+gtdb_distance+rrna16s
3300018013_17,0.5511004,2881096.0,0.4893356555977308,genomic_traits+gtdb_distance+rrna16s
3300029450_3,0.5511522,4911130.0,0.507246397468607,genomic_traits+gtdb_distance+rrna16s
3300014946_7,0.55124134,2884420.0,0.5509100616415085,genomic_traits+gtdb_distance+rrna16s
3300007717_5,0.55131453,3908442.0,0.4678020039698683,genomic_traits+gtdb_distance+rrna16s
3300021134_6,0.55134046,2075795.0,0.5445942397972825,genomic_traits+gtdb_distance+rrna16s
3300021365_18,0.5513902,2990791.0,0.6274801549155391,genomic_traits+gtdb_distance+rrna16s
3300029479_11,0.5514152,2711054.0,0.4297715943688322,genomic_traits+gtdb_distance+rrna16s
3300029121_4,0.5517328,4669652.0,0.5060571965534049,genomic_traits+gtdb_distance+rrna16s
3300014898_2,0.55175376,2863736.0,0.4239849623009942,genomic_traits+gtdb_distance+rrna16s
3300029619_17,0.5518202,2277786.0,0.4954403091422987,genomic_traits+gtdb_distance+rrna16s
3300011721_2,0.55192685,3503100.0,0.3418006908167052,genomic_traits+gtdb_distance+rrna16s
3300025408_9,0.55210596,3548081.0,0.3342959193998108,genomic_traits+gtdb_distance+rrna16s
3300014721_1,0.552289,4877411.0,0.5068412319568723,genomic_traits+gtdb_distance+rrna16s
3300009702_68,0.55233896,2727401.0,0.6068806897115606,genomic_traits+gtdb_distance+rrna16s
3300028634_12,0.55235654,3525816.0,0.57134291749768,genomic_traits+gtdb_distance+rrna16s
3300022836_2,0.5523696,7414466.0,0.5697671282058614,genomic_traits+gtdb_distance+rrna16s
3300008385_8,0.5524921,2302299.0,0.5460763350025344,genomic_traits+gtdb_distance+rrna16s
3300025866_9,0.5525036,3483413.0,0.6221849088810313,genomic_traits+gtdb_distance+rrna16s
3300029772_20,0.5525393,1885127.0,0.4797761636218673,genomic_traits+gtdb_distance+rrna16s
3300026290_3,0.55256855,5870133.0,0.6253209254372942,genomic_traits+gtdb_distance+rrna16s
3300011360_2,0.5527306,3170506.0,0.414874155734132,genomic_traits+gtdb_distance+rrna16s
3300029752_10,0.5528758,2695198.0,0.5097391731516572,genomic_traits+gtdb_distance+rrna16s
3300029873_10,0.5529249,4559615.0,0.4496184436624583,genomic_traits+gtdb_distance+rrna16s
3300012609_5,0.5530345,4136116.0,0.6679258995637453,genomic_traits+gtdb_distance+rrna16s
3300026311_4,0.5531625,5951825.0,0.6246665518559433,genomic_traits+gtdb_distance+rrna16s
3300012196_4,0.55317754,3735090.0,0.4472939072418603,genomic_traits+gtdb_distance+rrna16s
3300028569_39,0.5532129,2634524.0,0.5442394907011665,genomic_traits+gtdb_distance+rrna16s
3300013958_4,0.5532726,4445904.0,0.5072257520630225,genomic_traits+gtdb_distance+rrna16s
3300024357_2,0.5534468,4267222.0,0.4845267014465148,genomic_traits+gtdb_distance+rrna16s
3300027976_62,0.55344856,2030802.0,0.4140049103753098,genomic_traits+gtdb_distance+rrna16s
3300029742_6,0.55357355,4746208.0,0.5079309629919295,genomic_traits+gtdb_distance+rrna16s
3300001683_15,0.5536188,4438234.0,0.5926098083156499,genomic_traits+gtdb_distance+rrna16s
3300013823_2,0.5536394,3897729.0,0.6901172451958564,genomic_traits+gtdb_distance+rrna16s
3300024324_16,0.5536924,2410278.0,0.5353141836750781,genomic_traits+gtdb_distance+rrna16s
3300011208_1,0.55370283,4868502.0,0.660485504576151,genomic_traits+gtdb_distance+rrna16s
3300026293_14,0.55371374,3337947.0,0.6621099735855602,genomic_traits+gtdb_distance+rrna16s
3300029067_3,0.5537521,2775549.0,0.376201609123096,genomic_traits+gtdb_distance+rrna16s
3300028991_2,0.5538081,4374970.0,0.5098604104713861,genomic_traits+gtdb_distance+rrna16s
3300013990_1,0.55382466,5054022.0,0.5348451193920406,genomic_traits+gtdb_distance+rrna16s
3300029073_3,0.55395335,4611104.0,0.5087688328001277,genomic_traits+gtdb_distance+rrna16s
3300025802_1,0.55401236,7075091.0,0.5997743350580226,genomic_traits+gtdb_distance+rrna16s
3300029576_4,0.55405706,5067420.0,0.5189609308089719,genomic_traits+gtdb_distance+rrna16s
3300029682_12,0.5540597,2431900.0,0.4896632262839755,genomic_traits+gtdb_distance+rrna16s
3300027192_3,0.554067,2311158.0,0.5153330062245852,genomic_traits+gtdb_distance+rrna16s
3300022846_6,0.55408776,1797570.0,0.5238355112735527,genomic_traits+gtdb_distance+rrna16s
3300011526_1,0.5541133,4497043.0,0.5475308997490128,genomic_traits+gtdb_distance+rrna16s
3300029477_17,0.55414766,2017963.0,0.4101725353735425,genomic_traits+gtdb_distance+rrna16s
3300029361_14,0.55416197,2513207.0,0.3858886275583348,genomic_traits+gtdb_distance+rrna16s
3300014511_2,0.55416775,4648485.0,0.5072364437015501,genomic_traits+gtdb_distance+rrna16s
3300013924_2,0.5542349,4128778.0,0.5442828362290246,genomic_traits+gtdb_distance+rrna16s
3300011208_2,0.5542707,3976389.0,0.5605585872005984,genomic_traits+gtdb_distance+rrna16s
3300029610_9,0.5542777,4157456.0,0.5097629415681129,genomic_traits+gtdb_distance+rrna16s
3300028298_7,0.55433327,4204481.0,0.460794328717385,genomic_traits+gtdb_distance+rrna16s
3300024341_13,0.55437183,1514968.0,0.6081811629024507,genomic_traits+gtdb_distance+rrna16s
3300029337_26,0.5544012,1947558.0,0.6173058774116098,genomic_traits+gtdb_distance+rrna16s
3300029189_5,0.5544468,2525953.0,0.5060117904014841,genomic_traits+gtdb_distance+rrna16s
3300006459_7,0.5544828,2200593.0,0.4914643462012285,genomic_traits+gtdb_distance+rrna16s
3300014514_3,0.55460703,4552571.0,0.5080907030335167,genomic_traits+gtdb_distance+rrna16s
3300013127_28,0.55477345,2325839.0,0.6604365134474054,genomic_traits+gtdb_distance+rrna16s
3300002074_1,0.5547911,5043557.0,0.5517379896767302,genomic_traits+gtdb_distance+rrna16s
3300023174_47,0.5548077,2259549.0,0.5537892738772207,genomic_traits+gtdb_distance+rrna16s
3300027514_1,0.5549657,7004762.0,0.5459630177299386,genomic_traits+gtdb_distance+rrna16s
3300029380_35,0.55502564,1955943.0,0.411184784014667,genomic_traits+gtdb_distance+rrna16s
3300022752_37,0.5550748,2436706.0,0.4659856379883334,genomic_traits+gtdb_distance+rrna16s
3300029046_10,0.5551932,2026551.0,0.4096166343704155,genomic_traits+gtdb_distance+rrna16s
3300008512_7,0.5552061,3080011.0,0.5863056982588698,genomic_traits+gtdb_distance+rrna16s
3300007531_19,0.555254,1916044.0,0.4865128358221419,genomic_traits+gtdb_distance+rrna16s
3300029420_15,0.55529016,2525341.0,0.5298995264401917,genomic_traits+gtdb_distance+rrna16s
3300029487_12,0.5554836,2457540.0,0.4502852445941877,genomic_traits+gtdb_distance+rrna16s
3300025740_4,0.5556139,4400324.0,0.6918426915836198,genomic_traits+gtdb_distance+rrna16s
3300027325_4,0.5557093,7355718.0,0.3878995904954486,genomic_traits+gtdb_distance+rrna16s
3300029745_9,0.55572736,4554787.0,0.5061903004465412,genomic_traits+gtdb_distance+rrna16s
3300014972_2,0.55573595,4824398.0,0.504650321138513,genomic_traits+gtdb_distance+rrna16s
3300014515_2,0.55576634,4500560.0,0.5090097676733562,genomic_traits+gtdb_distance+rrna16s
3300011554_1,0.55580515,4350980.0,0.5280336843653614,genomic_traits+gtdb_distance+rrna16s
3300014747_2,0.5558802,4742624.0,0.5063405827659962,genomic_traits+gtdb_distance+rrna16s
3300008491_3,0.55588686,4243039.0,0.4528402873506466,genomic_traits+gtdb_distance+rrna16s
3300029340_12,0.55606484,2618902.0,0.4496602011071816,genomic_traits+gtdb_distance+rrna16s
3300025671_4,0.55613065,4304778.0,0.6663200750421973,genomic_traits+gtdb_distance+rrna16s
3300020139_28,0.5561392,1999916.0,0.6267693243116211,genomic_traits+gtdb_distance+rrna16s
3300029471_15,0.5561677,2264736.0,0.5433246965650742,genomic_traits+gtdb_distance+rrna16s
3300010274_34,0.5561854,1790294.0,0.3423800783558454,genomic_traits+gtdb_distance+rrna16s
3300011735_2,0.55624074,4233764.0,0.5432539461339838,genomic_traits+gtdb_distance+rrna16s
3300024344_17,0.55625135,4092527.0,0.4365144078463013,genomic_traits+gtdb_distance+rrna16s
3300027221_4,0.5562957,1727618.0,0.5447703138077978,genomic_traits+gtdb_distance+rrna16s
3300027218_3,0.5564362,1568967.0,0.5443435075434984,genomic_traits+gtdb_distance+rrna16s
3300029715_11,0.5564597,4320747.0,0.5071535084095412,genomic_traits+gtdb_distance+rrna16s
3300012943_19,0.5564949,4919044.0,0.6212133902441206,genomic_traits+gtdb_distance+rrna16s
3300025546_33,0.5565236,1704869.0,0.2882749349070221,genomic_traits+gtdb_distance+rrna16s
3300029535_4,0.5565702,3653099.0,0.5129589972787488,genomic_traits+gtdb_distance+rrna16s
3300029736_8,0.5566093,4720344.0,0.506414786718934,genomic_traits+gtdb_distance+rrna16s
3300029435_20,0.55664164,2428350.0,0.5832495315749378,genomic_traits+gtdb_distance+rrna16s
3300029562_5,0.55672204,4584408.0,0.5086685129246786,genomic_traits+gtdb_distance+rrna16s
3300014846_3,0.55689716,4545273.0,0.508654815673338,genomic_traits+gtdb_distance+rrna16s
3300025689_12,0.557058,3552203.0,0.6379393294808884,genomic_traits+gtdb_distance+rrna16s
3300014789_2,0.5570665,4702494.0,0.4521407151184031,genomic_traits+gtdb_distance+rrna16s
3300007361_26,0.55706733,1829096.0,0.4146091839903427,genomic_traits+gtdb_distance+rrna16s
3300029469_13,0.55716443,2056259.0,0.4092490294267405,genomic_traits+gtdb_distance+rrna16s
3300014532_3,0.5571676,4705044.0,0.5057695528458395,genomic_traits+gtdb_distance+rrna16s
3300014512_4,0.5572101,4627349.0,0.5076288821093892,genomic_traits+gtdb_distance+rrna16s
3300029348_15,0.557216,2315490.0,0.4356607024862988,genomic_traits+gtdb_distance+rrna16s
3300020703_5,0.5572204,1728991.0,0.4253180033904167,genomic_traits+gtdb_distance+rrna16s
3300006524_9,0.55723876,2201954.0,0.5576156450134744,genomic_traits+gtdb_distance+rrna16s
3300013880_7,0.55725646,1593392.0,0.632922720837057,genomic_traits+gtdb_distance
3300017419_19,0.55727416,2282669.0,0.4837468770110778,genomic_traits+gtdb_distance+rrna16s
3300024302_29,0.5573835,1588192.0,0.4936241965706917,genomic_traits+gtdb_distance+rrna16s
3300011862_3,0.5573882,3331218.0,0.5923349957883273,genomic_traits+gtdb_distance+rrna16s
3300029303_15,0.5574235,2473475.0,0.5349372845894945,genomic_traits+gtdb_distance+rrna16s
3300011614_2,0.55747086,3816908.0,0.5610745661147715,genomic_traits+gtdb_distance+rrna16s
3300011463_1,0.55754936,4312784.0,0.5430014579909405,genomic_traits+gtdb_distance+rrna16s
3300012258_1,0.5575512,4579232.0,0.5401696179621386,genomic_traits+gtdb_distance+rrna16s
3300007194_6,0.5576514,2215280.0,0.5589103860460077,genomic_traits+gtdb_distance+rrna16s
3300011161_1,0.5576695,5415359.0,0.5311753108150356,genomic_traits+gtdb_distance+rrna16s
3300007210_2,0.557696,4617999.0,0.4606235298015439,genomic_traits+gtdb_distance+rrna16s
3300029594_14,0.5577303,2940477.0,0.4345788115329587,genomic_traits+gtdb_distance+rrna16s
3300005326_37,0.55773264,2649995.0,0.4373189383376195,genomic_traits+gtdb_distance+rrna16s
3300029861_15,0.5578024,2144356.0,0.4556720059542352,genomic_traits+gtdb_distance+rrna16s
3300029589_7,0.5579653,4487060.0,0.5082548483862485,genomic_traits+gtdb_distance+rrna16s
3300028576_8,0.5579785,6420839.0,0.5725363928296598,genomic_traits+gtdb_distance+rrna16s
3300024221_13,0.55804557,1472515.0,0.4552429007514355,genomic_traits+gtdb_distance+rrna16s
3300011660_2,0.55828005,4608389.0,0.539012223143489,genomic_traits+gtdb_distance+rrna16s
3300013347_2,0.5587102,4367597.0,0.6709719326210729,genomic_traits+gtdb_distance+rrna16s
3300026534_10,0.5587424,5069541.0,0.5870095537248836,genomic_traits+gtdb_distance+rrna16s
3300008513_14,0.55878437,2349704.0,0.5433467364399941,genomic_traits+gtdb_distance+rrna16s
3300027149_5,0.5587878,2213114.0,0.4552417995638724,genomic_traits+gtdb_distance+rrna16s
3300029855_30,0.55881363,1980500.0,0.4086801312799798,genomic_traits+gtdb_distance+rrna16s
3300014649_2,0.5588403,4542334.0,0.541832678970767,genomic_traits+gtdb_distance+rrna16s
3300000477_16,0.55898166,2151771.0,0.4179171482467232,genomic_traits+gtdb_distance+rrna16s
3300020186_29,0.55915016,2714782.0,0.4815863667874621,genomic_traits+gtdb_distance+rrna16s
3300006226_103,0.5591681,1706659.0,0.469859532572119,genomic_traits+gtdb_distance+rrna16s
3300018024_19,0.5591796,3021182.0,0.6227903515908674,genomic_traits+gtdb_distance+rrna16s
3300027968_11,0.55922127,5735095.0,0.5888193656774648,genomic_traits+gtdb_distance+rrna16s
3300027878_55,0.55925167,4239254.0,0.4783768559279533,genomic_traits+gtdb_distance+rrna16s
3300027255_7,0.5593847,1695550.0,0.5462274778095603,genomic_traits+gtdb_distance+rrna16s
3300028115_25,0.55938524,2138261.0,0.4394122139439479,genomic_traits+gtdb_distance+rrna16s
3300029874_30,0.55956084,1797651.0,0.3958170968669669,genomic_traits+gtdb_distance+rrna16s
3300029502_20,0.55974025,2296449.0,0.4388671379159737,genomic_traits+gtdb_distance+rrna16s
3300028534_9,0.5598073,3239345.0,0.5924358164999406,genomic_traits+gtdb_distance+rrna16s
3300029042_4,0.55995584,4773965.0,0.5084850852488445,genomic_traits+gtdb_distance+rrna16s
3300025683_4,0.55998975,5355438.0,0.6350412421915818,genomic_traits+gtdb_distance+rrna16s
3300029343_26,0.5600827,2243986.0,0.5303963571965244,genomic_traits+gtdb_distance+rrna16s
3300023111_2,0.56009173,2370910.0,0.3715025032582426,genomic_traits+gtdb_distance+rrna16s
3300022742_4,0.5601069,5271616.0,0.3863033650402457,genomic_traits+gtdb_distance+rrna16s
3300006488_4,0.560124,2324242.0,0.4255460489914561,genomic_traits+gtdb_distance+rrna16s
3300029580_8,0.56015635,4683550.0,0.4497994042980218,genomic_traits+gtdb_distance+rrna16s
3300029504_9,0.56021374,2346047.0,0.4893695650598645,genomic_traits+gtdb_distance+rrna16s
3300001683_28,0.56024575,3005834.0,0.544657822088645,genomic_traits+gtdb_distance+rrna16s
3300024324_25,0.5602591,1577978.0,0.4929625127853493,genomic_traits+gtdb_distance+rrna16s
3300020295_9,0.56035477,2007578.0,0.5068226489830034,genomic_traits+gtdb_distance+rrna16s
3300029861_13,0.56043744,2679367.0,0.5811077765755867,genomic_traits+gtdb_distance+rrna16s
3300025682_38,0.5604523,2200012.0,0.6394242395041482,genomic_traits+gtdb_distance+rrna16s
3300029454_10,0.5604684,2174711.0,0.5882354023132269,genomic_traits+gtdb_distance+rrna16s
3300009769_26,0.5605256,2723924.0,0.527716999446387,genomic_traits+gtdb_distance+rrna16s
3300011619_1,0.5605341,4526948.0,0.5487829769637292,genomic_traits+gtdb_distance+rrna16s
3300015214_64,0.56064975,2116840.0,0.4919257005725515,genomic_traits+gtdb_distance+rrna16s
3300007357_9,0.56068224,2220376.0,0.5465939102206113,genomic_traits+gtdb_distance+rrna16s
3300025409_9,0.5607021,3171992.0,0.5661726132978898,genomic_traits+gtdb_distance+rrna16s
3300026509_11,0.56073993,2718460.0,0.4796439896117654,genomic_traits+gtdb_distance+rrna16s
3300011527_2,0.5607457,4386817.0,0.5416726979949243,genomic_traits+gtdb_distance+rrna16s
3300008403_10,0.56080604,1948468.0,0.5106437467795212,genomic_traits+gtdb_distance+rrna16s
3300009773_6,0.5608153,8375375.0,0.6469236302852112,genomic_traits+gtdb_distance+rrna16s
3300025902_10,0.56081694,3783092.0,0.6726606172940018,genomic_traits+gtdb_distance+rrna16s
3300011945_4,0.56088406,2382751.0,0.4400761976387797,genomic_traits+gtdb_distance+rrna16s
3300011708_2,0.56094724,4823397.0,0.5483386501256272,genomic_traits+gtdb_distance+rrna16s
3300020084_46,0.5610367,2168292.0,0.5014458384756296,genomic_traits+gtdb_distance+rrna16s
3300011599_1,0.56116796,4702824.0,0.5582964618705697,genomic_traits+gtdb_distance+rrna16s
3300025105_36,0.5612717,2302484.0,0.5717056014287178,genomic_traits+gtdb_distance+rrna16s
3300029245_24,0.56132215,2183066.0,0.5742666506647074,genomic_traits+gtdb_distance+rrna16s
3300027835_33,0.56134284,2679432.0,0.5036511469595049,genomic_traits+gtdb_distance+rrna16s
3300013902_2,0.56151414,2721425.0,0.5817577188421507,genomic_traits+gtdb_distance+rrna16s
3300014068_1,0.5615785,5203746.0,0.5554763818218644,genomic_traits+gtdb_distance+rrna16s
3300013656_2,0.56157994,4804472.0,0.5499445100314874,genomic_traits+gtdb_distance+rrna16s
3300028958_5,0.5617647,4078360.0,0.4413859982934316,genomic_traits+gtdb_distance+rrna16s
3300021093_43,0.5619213,2338461.0,0.5834700685621869,genomic_traits+gtdb_distance+rrna16s
3300027418_6,0.5620219,1738730.0,0.5454676689307714,genomic_traits+gtdb_distance+rrna16s
3300013851_2,0.56203884,3691315.0,0.696043550875501,genomic_traits+gtdb_distance+rrna16s
3300008347_9,0.5620886,2208770.0,0.5405429266062107,genomic_traits+gtdb_distance+rrna16s
3300029571_15,0.5621094,2312974.0,0.4902878285704897,genomic_traits+gtdb_distance+rrna16s
3300027818_12,0.56213593,3731967.0,0.4898617806641913,genomic_traits+gtdb_distance+rrna16s
3300007204_8,0.5621402,2131250.0,0.3925302052785924,genomic_traits+gtdb_distance+rrna16s
3300029686_6,0.5621594,4484015.0,0.4529146311954799,genomic_traits+gtdb_distance+rrna16s
3300025551_1,0.56221414,3317572.0,0.5977208633301704,genomic_traits+gtdb_distance+rrna16s
3300011769_3,0.56228393,4763725.0,0.5587530766364557,genomic_traits+gtdb_distance+rrna16s
3300027641_8,0.56231904,3839512.0,0.6145916460216819,genomic_traits+gtdb_distance+rrna16s
3300020222_78,0.56243074,1705846.0,0.5886129228547008,genomic_traits+gtdb_distance+rrna16s
3300022890_5,0.5626098,1753999.0,0.5241160342736797,genomic_traits+gtdb_distance+rrna16s
3300008541_20,0.56261754,2034362.0,0.4328207074257187,genomic_traits+gtdb_distance+rrna16s
3300029620_33,0.56266177,1732562.0,0.4562993993865731,genomic_traits+gtdb_distance+rrna16s
3300011704_3,0.5626859,4676284.0,0.5536038871890586,genomic_traits+gtdb_distance+rrna16s
3300025715_15,0.5626966,3340401.0,0.6718163477977644,genomic_traits+gtdb_distance+rrna16s
3300029851_4,0.5627829,4763973.0,0.508073828294157,genomic_traits+gtdb_distance+rrna16s
3300008481_6,0.56284326,2734243.0,0.413886402927611,genomic_traits+gtdb_distance+rrna16s
3300027968_26,0.562853,4062522.0,0.5542072141393942,genomic_traits+gtdb_distance+rrna16s
3300025486_1,0.5628915,2341344.0,0.6861033662716799,genomic_traits+gtdb_distance+rrna16s
3300029392_17,0.56294626,2533940.0,0.5194096939943329,genomic_traits+gtdb_distance+rrna16s
3300011547_2,0.5629606,4453634.0,0.5419441741283635,genomic_traits+gtdb_distance+rrna16s
3300029417_5,0.5630104,5049816.0,0.5065618232426686,genomic_traits+gtdb_distance+rrna16s
3300002039_12,0.5630314,3851353.0,0.5613694719751734,genomic_traits+gtdb_distance+rrna16s
3300014722_1,0.56308824,2558803.0,0.3184481181239822,genomic_traits+gtdb_distance+rrna16s
3300029340_14,0.56309915,2395866.0,0.5387534194316377,genomic_traits+gtdb_distance+rrna16s
3300014769_4,0.5631025,2637203.0,0.4525639474852713,genomic_traits+gtdb_distance+rrna16s
3300013853_1,0.5631631,4948001.0,0.5516187244101204,genomic_traits+gtdb_distance+rrna16s
3300007793_18,0.5632842,2722987.0,0.5548473055508528,genomic_traits+gtdb_distance+rrna16s
3300027640_20,0.5635559,4587409.0,0.571999575359424,genomic_traits+gtdb_distance+rrna16s
3300013919_2,0.563609,4666690.0,0.5573344276135762,genomic_traits+gtdb_distance+rrna16s
3300026282_12,0.5636487,3552170.0,0.737397984893741,genomic_traits+gtdb_distance+rrna16s
3300020174_23,0.5636593,1881033.0,0.5052617365032936,genomic_traits+gtdb_distance+rrna16s
3300011674_1,0.56369185,4977292.0,0.5576216946885978,genomic_traits+gtdb_distance+rrna16s
3300025627_3,0.56372947,4893318.0,0.5730071088778617,genomic_traits+gtdb_distance+rrna16s
3300020176_36,0.5638409,1679271.0,0.5467152115411985,genomic_traits+gtdb_distance+rrna16s
3300029724_17,0.564059,2240323.0,0.490761823183532,genomic_traits+gtdb_distance+rrna16s
3300027719_32,0.5641436,2589122.0,0.5993800214899104,genomic_traits+gtdb_distance+rrna16s
3300014737_2,0.5641577,4778151.0,0.5059097127738323,genomic_traits+gtdb_distance+rrna16s
3300006312_12,0.5641676,2313598.0,0.4400526798519016,genomic_traits+gtdb_distance+rrna16s
3300017395_5,0.56417423,2285996.0,0.386571105111295,genomic_traits+gtdb_distance+rrna16s
3300029796_18,0.56427014,2732571.0,0.5284093258693003,genomic_traits+gtdb_distance+rrna16s
3300020700_2,0.564325,3007433.0,0.6717246901260976,genomic_traits+gtdb_distance+rrna16s
3300028603_31,0.5643727,3328149.0,0.5960433261852158,genomic_traits+gtdb_distance+rrna16s
3300029696_4,0.56442106,5955718.0,0.5588583945714019,genomic_traits+gtdb_distance+rrna16s
3300029853_24,0.56446415,1931852.0,0.4097094394394601,genomic_traits+gtdb_distance+rrna16s
3300012280_2,0.56447273,4589038.0,0.540814654400334,genomic_traits+gtdb_distance+rrna16s
3300011634_1,0.5644912,4636522.0,0.538917964802065,genomic_traits+gtdb_distance+rrna16s
3300029643_8,0.56451654,2600299.0,0.606544862725402,genomic_traits+gtdb_distance+rrna16s
3300011711_2,0.564552,4713053.0,0.5587794153810705,genomic_traits+gtdb_distance+rrna16s
3300027826_24,0.5645639,2967737.0,0.7172842472227154,genomic_traits+gtdb_distance+rrna16s
3300029091_4,0.5645719,4716522.0,0.5055721143673241,genomic_traits+gtdb_distance+rrna16s
3300026255_16,0.5646392,2660492.0,0.6862715618013511,genomic_traits+gtdb_distance+rrna16s
3300027055_1,0.5646918,4395082.0,0.6299627629245598,genomic_traits+gtdb_distance+rrna16s
3300027806_18,0.56477404,3631321.0,0.6079256006285316,genomic_traits+gtdb_distance+rrna16s
3300027607_14,0.5647977,6816578.0,0.6486897091179767,genomic_traits+gtdb_distance+rrna16s
3300015158_12,0.564815,2671386.0,0.5766710613891066,genomic_traits+gtdb_distance+rrna16s
3300029355_11,0.5649787,2487900.0,0.5507005908597612,genomic_traits+gtdb_distance+rrna16s
3300027386_14,0.56498355,3863845.0,0.5071735538045652,genomic_traits+gtdb_distance+rrna16s
3300029233_1,0.56512266,4157326.0,0.5898296164409527,genomic_traits+gtdb_distance+rrna16s
3300011484_1,0.5651428,4606583.0,0.5583702714137573,genomic_traits+gtdb_distance+rrna16s
3300028569_14,0.56528187,6281825.0,0.6081318725052035,genomic_traits+gtdb_distance+rrna16s
3300025668_29,0.5652888,1687800.0,0.4520423035904728,genomic_traits+gtdb_distance+rrna16s
3300008148_8,0.5653172,2023047.0,0.3931737621518432,genomic_traits+gtdb_distance+rrna16s
3300029538_6,0.5653673,4033564.0,0.5106422012889842,genomic_traits+gtdb_distance+rrna16s
3300014016_3,0.5653704,2372762.0,0.4396290061961545,genomic_traits+gtdb_distance+rrna16s
3300029420_16,0.56541383,2471806.0,0.5982213005389582,genomic_traits+gtdb_distance+rrna16s
3300011782_2,0.56554025,4620810.0,0.673211623070414,genomic_traits+gtdb_distance+rrna16s
3300029516_9,0.56561756,2665538.0,0.5494264197321517,genomic_traits+gtdb_distance+rrna16s
3300011990_26,0.56577414,1880022.0,0.477973130101669,genomic_traits+gtdb_distance+rrna16s
3300025644_36,0.56578124,1263108.0,0.3964110749041253,genomic_traits+gtdb_distance+rrna16s
3300029517_7,0.5658843,4628809.0,0.5110333997363037,genomic_traits+gtdb_distance+rrna16s
3300020196_59,0.5659842,1672404.0,0.5897450615999483,genomic_traits+gtdb_distance+rrna16s
3300027815_20,0.56602174,3798500.0,0.5118325654863762,genomic_traits+gtdb_distance+rrna16s
3300003079_1,0.56603086,2485433.0,0.6216369542047603,genomic_traits+gtdb_distance+rrna16s
3300011355_1,0.56607443,5982163.0,0.5969034946055465,genomic_traits+gtdb_distance+rrna16s
3300025350_6,0.56611663,2626795.0,0.3893710776821183,genomic_traits+gtdb_distance+rrna16s
3300012848_9,0.5661207,4304736.0,0.6915645930435688,genomic_traits+gtdb_distance+rrna16s
3300025890_39,0.56620836,2375093.0,0.5185081173663515,genomic_traits+gtdb_distance+rrna16s
3300011217_2,0.56621355,4602098.0,0.5526490309419747,genomic_traits+gtdb_distance+rrna16s
3300029594_17,0.5663169,2473838.0,0.6236342072520513,genomic_traits+gtdb_distance+rrna16s
3300024258_22,0.5663795,1576858.0,0.4933773364500798,genomic_traits+gtdb_distance+rrna16s
3300029257_6,0.56646264,4531304.0,0.5605011272693247,genomic_traits+gtdb_distance+rrna16s
3300021419_21,0.56650525,1812593.0,0.4538216797703621,genomic_traits+gtdb_distance+rrna16s
3300011901_1,0.5666346,4080366.0,0.6636784543347337,genomic_traits+gtdb_distance+rrna16s
3300027863_80,0.5667078,2659901.0,0.4745037503275497,genomic_traits+gtdb_distance+rrna16s
3300029750_11,0.56672513,2509261.0,0.5294419352948936,genomic_traits+gtdb_distance+rrna16s
3300029722_17,0.5667404,1965853.0,0.4117255969800387,genomic_traits+gtdb_distance+rrna16s
3300029363_7,0.5667835,3286321.0,0.5866146368537949,genomic_traits+gtdb_distance+rrna16s
3300020179_18,0.5668408,4045893.0,0.609218780625192,genomic_traits+gtdb_distance+rrna16s
3300029783_18,0.56688875,2210012.0,0.4764254673730278,genomic_traits+gtdb_distance+rrna16s
3300013769_4,0.5669151,4176656.0,0.618634860041143,genomic_traits+gtdb_distance+rrna16s
3300009702_34,0.56698966,3675645.0,0.5725147559135879,genomic_traits+gtdb_distance+rrna16s
3300029712_12,0.56701964,2800483.0,0.5441668455048647,genomic_traits+gtdb_distance+rrna16s
3300027863_102,0.56708443,2286351.0,0.5914699886412891,genomic_traits+gtdb_distance+rrna16s
3300011541_3,0.5670882,4411468.0,0.542667882890684,genomic_traits+gtdb_distance+rrna16s
3300011231_2,0.5671164,4782253.0,0.6732560991649752,genomic_traits+gtdb_distance+rrna16s
3300029403_9,0.56718045,3040087.0,0.5828889107449885,genomic_traits+gtdb_distance+rrna16s
3300011622_2,0.56727767,4412002.0,0.5415559648431709,genomic_traits+gtdb_distance+rrna16s
3300017931_16,0.56727934,2304207.0,0.5079782328584194,genomic_traits+gtdb_distance+rrna16s
3300008362_10,0.56736887,2050091.0,0.4961921202522229,genomic_traits+gtdb_distance+rrna16s
3300028635_23,0.5674805,1841351.0,0.3571556970941444,genomic_traits+gtdb_distance+rrna16s
3300025161_7,0.5675072,6267962.0,0.6868765317977359,genomic_traits+gtdb_distance+rrna16s
3300025506_6,0.56774414,5148356.0,0.5670860756326874,genomic_traits+gtdb_distance+rrna16s
3300029762_15,0.5677564,2020186.0,0.4107745524422008,genomic_traits+gtdb_distance+rrna16s
3300014562_7,0.56780946,2459964.0,0.5599773004808201,genomic_traits+gtdb_distance+rrna16s
3300025698_8,0.5679644,2706754.0,0.3790662173215593,genomic_traits+gtdb_distance+rrna16s
3300020056_15,0.5680413,4675354.0,0.5360702098707392,genomic_traits+gtdb_distance+rrna16s
3300026255_6,0.5680446,5312662.0,0.6258384214918999,genomic_traits+gtdb_distance+rrna16s
3300025430_3,0.5680776,2092522.0,0.5524563182609311,genomic_traits+gtdb_distance+rrna16s
3300029521_10,0.5680856,3678371.0,0.6016793847058929,genomic_traits+gtdb_distance+rrna16s
3300025695_13,0.5681745,2510710.0,0.4979762696607732,genomic_traits+gtdb_distance+rrna16s
3300029106_11,0.5682449,2584952.0,0.4496350415791086,genomic_traits+gtdb_distance+rrna16s
3300011805_4,0.56827885,2937003.0,0.4680376560732148,genomic_traits+gtdb_distance+rrna16s
3300029760_19,0.5682796,2019024.0,0.4798957317991267,genomic_traits+gtdb_distance+rrna16s
3300017431_8,0.568515,4107178.0,0.4517250043703973,genomic_traits+gtdb_distance+rrna16s
3300020219_33,0.5685663,2388838.0,0.4744386182738218,genomic_traits+gtdb_distance+rrna16s
3300011753_1,0.5687817,4579347.0,0.5556722388585097,genomic_traits+gtdb_distance+rrna16s
3300027231_6,0.56888187,1811432.0,0.5435152961855593,genomic_traits+gtdb_distance+rrna16s
3300025503_11,0.56908435,4526469.0,0.5365970693712914,genomic_traits+gtdb_distance+rrna16s
3300024313_7,0.56910586,2349827.0,0.5102886297587014,genomic_traits+gtdb_distance+rrna16s
3300024955_6,0.5693569,2493198.0,0.4677410297938631,genomic_traits+gtdb_distance+rrna16s
3300011562_1,0.5694032,4732232.0,0.557967572173131,genomic_traits+gtdb_distance+rrna16s
3300026280_12,0.5694826,3039690.0,0.5973842727383385,genomic_traits+gtdb_distance+rrna16s
3300029483_17,0.56952775,2281480.0,0.5406600101688378,genomic_traits+gtdb_distance+rrna16s
3300008755_8,0.5695724,2285771.0,0.406309730939801,genomic_traits+gtdb_distance+rrna16s
3300029684_26,0.5696471,1998899.0,0.4889601725750025,genomic_traits+gtdb_distance+rrna16s
3300029767_19,0.56979865,2536477.0,0.5277504980332958,genomic_traits+gtdb_distance+rrna16s
3300003085_1,0.5698299,2449390.0,0.5906033747177869,genomic_traits+gtdb_distance+rrna16s
3300026201_4,0.56987053,4667701.0,0.542008153478554,genomic_traits+gtdb_distance+rrna16s
3300011148_3,0.56993896,3315431.0,0.3849445215418448,genomic_traits+gtdb_distance+rrna16s
3300027607_42,0.5699482,3272505.0,0.6437056627873754,genomic_traits+gtdb_distance+rrna16s
3300028400_19,0.5699603,2574800.0,0.6120354979027497,genomic_traits+gtdb_distance+rrna16s
3300005253_13,0.57000905,3874004.0,0.5744408111091264,genomic_traits+gtdb_distance+rrna16s
3300029437_20,0.5702894,2138140.0,0.5020330754768163,genomic_traits+gtdb_distance+rrna16s
3300028581_40,0.5703137,2338102.0,0.5175137782697248,genomic_traits+gtdb_distance+rrna16s
3300028999_2,0.57034904,4368377.0,0.5099411062735657,genomic_traits+gtdb_distance+rrna16s
3300025677_3,0.57036895,6445669.0,0.5727230175797112,genomic_traits+gtdb_distance+rrna16s
3300014783_10,0.5704063,2296269.0,0.4906402516429913,genomic_traits+gtdb_distance+rrna16s
3300026516_23,0.5704191,4323289.0,0.3924243787542308,genomic_traits+gtdb_distance+rrna16s
3300025452_5,0.57048464,3291827.0,0.4361492873106636,genomic_traits+gtdb_distance+rrna16s
3300013644_1,0.57048976,4684291.0,0.5541510977861964,genomic_traits+gtdb_distance+rrna16s
3300005838_34,0.57054365,1530492.0,0.4935484798352425,genomic_traits+gtdb_distance+rrna16s
3300013612_1,0.5706826,4698071.0,0.5559522195386148,genomic_traits+gtdb_distance+rrna16s
3300027968_29,0.57070655,3982222.0,0.6359663022302624,genomic_traits+gtdb_distance+rrna16s
3300029472_17,0.57070947,2057349.0,0.585976905230955,genomic_traits+gtdb_distance+rrna16s
3300029482_18,0.57071435,2190626.0,0.4400112114071502,genomic_traits+gtdb_distance+rrna16s
3300014024_18,0.5710067,2060370.0,0.5608371311948824,genomic_traits+gtdb_distance+rrna16s
3300029592_11,0.57104015,2485751.0,0.6102682851178577,genomic_traits+gtdb_distance+rrna16s
3300027532_15,0.57108134,4232144.0,0.5941078564434481,genomic_traits+gtdb_distance+rrna16s
3300011538_2,0.5711955,4109069.0,0.6324671111631369,genomic_traits+gtdb_distance+rrna16s
3300011937_1,0.57120216,4678695.0,0.5583200016243846,genomic_traits+gtdb_distance+rrna16s
3300006463_9,0.57120776,3511184.0,0.4044903371626209,genomic_traits+gtdb_distance+rrna16s
3300020733_6,0.5712374,2126597.0,0.544098388176039,genomic_traits+gtdb_distance+rrna16s
3300000318_7,0.57130027,4207358.0,0.369275207862036,genomic_traits+gtdb_distance+rrna16s
3300029250_14,0.5713932,2536866.0,0.5857282174147156,genomic_traits+gtdb_distance+rrna16s
3300029849_18,0.57141393,1788097.0,0.4515498879535058,genomic_traits+gtdb_distance+rrna16s
3300027240_5,0.5714406,1677142.0,0.5443903974737977,genomic_traits+gtdb_distance+rrna16s
3300027489_6,0.5716051,3925459.0,0.6083242749446626,genomic_traits+gtdb_distance+rrna16s
3300011847_1,0.57163,6252054.0,0.6745623118418363,genomic_traits+gtdb_distance+rrna16s
3300008514_7,0.57165605,2256657.0,0.4957191101704867,genomic_traits+gtdb_distance+rrna16s
3300029746_18,0.57170945,2639330.0,0.5788537242406216,genomic_traits+gtdb_distance+rrna16s
3300025629_14,0.5718015,2616161.0,0.4849808555360316,genomic_traits+gtdb_distance+rrna16s
3300029793_16,0.57182,2624405.0,0.3813157649067122,genomic_traits+gtdb_distance+rrna16s
3300011742_1,0.57191336,4907097.0,0.5556517427717447,genomic_traits+gtdb_distance+rrna16s
3300026516_53,0.57194394,2641334.0,0.5710148735449587,genomic_traits+gtdb_distance+rrna16s
3300027822_39,0.57202023,2371241.0,0.5015466584796737,genomic_traits+gtdb_distance+rrna16s
3300011534_2,0.572032,4486015.0,0.5422643482021349,genomic_traits+gtdb_distance+rrna16s
3300027246_7,0.5720387,1748762.0,0.5458947529738181,genomic_traits+gtdb_distance+rrna16s
3300014573_9,0.57222456,1961072.0,0.4824111506359786,genomic_traits+gtdb_distance+rrna16s
3300011850_2,0.5723939,4455820.0,0.5507480104672092,genomic_traits+gtdb_distance+rrna16s
3300029845_22,0.5724027,2316949.0,0.4644340466708589,genomic_traits+gtdb_distance+rrna16s
3300029356_17,0.5724108,2409606.0,0.5294284625785295,genomic_traits+gtdb_distance+rrna16s
3300027839_15,0.57252926,5014688.0,0.5847173343585882,genomic_traits+gtdb_distance+rrna16s
3300021424_41,0.5725715,2141533.0,0.4951373618804847,genomic_traits+gtdb_distance+rrna16s
3300011810_3,0.5726225,4660339.0,0.5579330173191264,genomic_traits+gtdb_distance+rrna16s
3300006464_8,0.5726584,3110901.0,0.4355162700452377,genomic_traits+gtdb_distance+rrna16s
3300014627_3,0.5727243,2867448.0,0.4196055168219266,genomic_traits+gtdb_distance+rrna16s
3300027325_25,0.57274336,1958064.0,0.4286213320912901,genomic_traits+gtdb_distance+rrna16s
3300025605_10,0.57274675,3254361.0,0.3702564036380721,genomic_traits+gtdb_distance+rrna16s
3300029383_7,0.5727883,2422321.0,0.5285253275680638,genomic_traits+gtdb_distance+rrna16s
3300009703_15,0.57284826,5175021.0,0.6680131346326904,genomic_traits+gtdb_distance+rrna16s
3300007940_1,0.5728579,2559186.0,0.4693066467228251,genomic_traits+gtdb_distance+rrna16s
3300011633_2,0.5729056,4662924.0,0.5577069238100385,genomic_traits+gtdb_distance+rrna16s
3300011626_1,0.57304156,4819296.0,0.5564806560958281,genomic_traits+gtdb_distance+rrna16s
3300013667_2,0.5730799,4601445.0,0.556386961052452,genomic_traits+gtdb_distance+rrna16s
3300027863_105,0.57308024,2266204.0,0.469410962119915,genomic_traits+gtdb_distance+rrna16s
3300011789_2,0.57309675,4772899.0,0.5470953816537916,genomic_traits+gtdb_distance+rrna16s
3300011818_1,0.5731081,4573092.0,0.5492955313385341,genomic_traits+gtdb_distance+rrna16s
3300026079_8,0.5731184,3173834.0,0.5908484816786259,genomic_traits+gtdb_distance+rrna16s
3300013495_1,0.5731467,4827025.0,0.5365356508408389,genomic_traits+gtdb_distance+rrna16s
3300014610_2,0.5732305,4200606.0,0.6633833308813062,genomic_traits+gtdb_distance+rrna16s
3300029751_13,0.57337165,2051108.0,0.5445364164149328,genomic_traits+gtdb_distance+rrna16s
3300014734_2,0.57340133,4538625.0,0.5536368393511251,genomic_traits+gtdb_distance+rrna16s
3300025855_9,0.5734321,4451196.0,0.5220560945867133,genomic_traits+gtdb_distance+rrna16s
3300013626_1,0.5734689,4622664.0,0.5564994557250971,genomic_traits+gtdb_distance+rrna16s
3300011947_1,0.57351077,4776648.0,0.5564600950289826,genomic_traits+gtdb_distance+rrna16s
3300011804_4,0.57353216,4526186.0,0.5553560989318601,genomic_traits+gtdb_distance+rrna16s
3300027396_1,0.5736444,4743497.0,0.4786793372062847,genomic_traits+gtdb_distance+rrna16s
3300014533_6,0.5736951,3910151.0,0.4404801758295268,genomic_traits+gtdb_distance+rrna16s
3300014636_1,0.5737801,4751700.0,0.5546465475514026,genomic_traits+gtdb_distance+rrna16s
3300029436_17,0.5738136,2577313.0,0.5448779407080164,genomic_traits+gtdb_distance+rrna16s
3300001096_6,0.5738483,4848349.0,0.5488922105236236,genomic_traits+gtdb_distance+rrna16s
3300011692_1,0.5738932,4776881.0,0.553618773421402,genomic_traits+gtdb_distance+rrna16s
3300027536_13,0.5738935,4652145.0,0.3709357726382131,genomic_traits+gtdb_distance+rrna16s
3300027828_21,0.5740355,5222699.0,0.4406426638793467,genomic_traits+gtdb_distance+rrna16s
3300028028_12,0.57403904,3266498.0,0.4184505853057311,genomic_traits+gtdb_distance+rrna16s
3300029497_13,0.5743165,1884198.0,0.4948731502740158,genomic_traits+gtdb_distance+rrna16s
3300008523_17,0.5744866,1756152.0,0.5963994005074732,genomic_traits+gtdb_distance+rrna16s
3300009503_140,0.5745487,1749814.0,0.4424693138813611,genomic_traits+gtdb_distance+rrna16s
3300028115_30,0.5746159,1709717.0,0.5459236821064539,genomic_traits+gtdb_distance+rrna16s
3300029510_19,0.57462037,2018816.0,0.3986965627377631,genomic_traits+gtdb_distance+rrna16s
3300029723_9,0.5746352,2877326.0,0.5931364746295693,genomic_traits+gtdb_distance+rrna16s
3300029643_5,0.57475656,4256606.0,0.5964186020505539,genomic_traits+gtdb_distance+rrna16s
3300026133_1,0.5748466,4229393.0,0.4353158952123863,genomic_traits+gtdb_distance
3300011238_2,0.5748865,4569198.0,0.5548021775375022,genomic_traits+gtdb_distance+rrna16s
3300013621_1,0.57499915,4634921.0,0.664376803833334,genomic_traits+gtdb_distance+rrna16s
3300007120_11,0.5751165,1987979.0,0.4770171113477557,genomic_traits+gtdb_distance+rrna16s
3300011587_4,0.5751481,4333593.0,0.6739350003565171,genomic_traits+gtdb_distance+rrna16s
3300025605_3,0.57522357,5622188.0,0.6388201532926326,genomic_traits+gtdb_distance+rrna16s
3300025775_5,0.5754323,4038652.0,0.5907830137382473,genomic_traits+gtdb_distance+rrna16s
3300006246_1,0.57565975,1792043.0,0.4067246154249647,genomic_traits+gtdb_distance+rrna16s
3300008269_28,0.57568556,1548102.0,0.2794602681218679,genomic_traits+gtdb_distance+rrna16s
3300017470_11,0.5757595,2836813.0,0.4591268441028718,genomic_traits+gtdb_distance+rrna16s
3300014631_2,0.5757604,4369971.0,0.5619703197115038,genomic_traits+gtdb_distance+rrna16s
3300025706_5,0.57581127,5901349.0,0.6200975404098283,genomic_traits+gtdb_distance+rrna16s
3300011714_2,0.5758166,4646338.0,0.5555299679016034,genomic_traits+gtdb_distance+rrna16s
3300025478_16,0.5760036,1889663.0,0.3961161328766028,genomic_traits+gtdb_distance+rrna16s
3300027607_8,0.57609415,8196156.0,0.4705530251010352,genomic_traits+gtdb_distance+rrna16s
3300029095_14,0.57623166,1518566.0,0.4744028247702108,genomic_traits+gtdb_distance+rrna16s
3300029068_4,0.57626504,2936845.0,0.6259734511014371,genomic_traits+gtdb_distance+rrna16s
3300029758_24,0.57630366,1888804.0,0.4723221678903687,genomic_traits+gtdb_distance+rrna16s
3300027885_24,0.57631266,1668433.0,0.3757915361300094,genomic_traits+gtdb_distance+rrna16s
3300027222_2,0.57642543,2132301.0,0.515829144196809,genomic_traits+gtdb_distance+rrna16s
3300029365_19,0.5764325,2705643.0,0.5294800533551544,genomic_traits+gtdb_distance+rrna16s
3300029295_8,0.5764358,2591213.0,0.5146338799627819,genomic_traits+gtdb_distance+rrna16s
3300029207_7,0.57670826,2660978.0,0.4839438732676482,genomic_traits+gtdb_distance+rrna16s
3300008083_8,0.57676005,2055798.0,0.3920375445447461,genomic_traits+gtdb_distance+rrna16s
3300029573_27,0.57682353,1934083.0,0.5504815460349943,genomic_traits+gtdb_distance+rrna16s
3300026848_3,0.57703954,3885846.0,0.6570363313420038,genomic_traits+gtdb_distance+rrna16s
3300011679_2,0.57706356,4169899.0,0.5228258526165742,genomic_traits+gtdb_distance+rrna16s
3300008068_1,0.5771101,2015271.0,0.3814658177485807,genomic_traits+gtdb_distance+rrna16s
3300011748_2,0.57713896,4750902.0,0.5573909964886667,genomic_traits+gtdb_distance+rrna16s
3300021591_2,0.5771991,2115486.0,0.4983105536978264,genomic_traits+gtdb_distance+rrna16s
3300028631_12,0.57734257,3388915.0,0.4886059402493128,genomic_traits+gtdb_distance+rrna16s
3300029858_15,0.5774599,2445737.0,0.5748332711162321,genomic_traits+gtdb_distance+rrna16s
3300014793_5,0.577507,4514214.0,0.4544006996566844,genomic_traits+gtdb_distance+rrna16s
3300025546_16,0.5776449,2229617.0,0.5422684703247239,genomic_traits+gtdb_distance+rrna16s
3300007109_9,0.5776719,2840193.0,0.3758716397089916,genomic_traits+gtdb_distance+rrna16s
3300029819_13,0.5776952,2564316.0,0.4497561922945534,genomic_traits+gtdb_distance+rrna16s
3300027217_1,0.5778701,1657593.0,0.5450752989425027,genomic_traits+gtdb_distance+rrna16s
3300020694_3,0.5779872,3204309.0,0.6716908388048718,genomic_traits+gtdb_distance+rrna16s
3300029217_15,0.57807046,2496939.0,0.6365033346829858,genomic_traits+gtdb_distance+rrna16s
3300025638_28,0.57810605,2340648.0,0.4845081362084346,genomic_traits+gtdb_distance+rrna16s
3300026311_35,0.57819045,2702738.0,0.684707877715117,genomic_traits+gtdb_distance+rrna16s
3300007052_2,0.5781935,2472417.0,0.5825607088124698,genomic_traits+gtdb_distance+rrna16s
3300028073_4,0.57822895,4725818.0,0.4781711864485682,genomic_traits+gtdb_distance+rrna16s
3300008337_5,0.57823485,2688067.0,0.5100843840573914,genomic_traits+gtdb_distance+rrna16s
3300011199_1,0.57826734,4918596.0,0.5474503293216194,genomic_traits+gtdb_distance+rrna16s
3300013391_1,0.57828176,3926419.0,0.5597976171162579,genomic_traits+gtdb_distance+rrna16s
3300009769_7,0.5786252,4381018.0,0.5508516513741784,genomic_traits+gtdb_distance+rrna16s
3300012197_1,0.5787853,4438207.0,0.5503289954704681,genomic_traits+gtdb_distance+rrna16s
3300007262_2,0.5789042,1990465.0,0.3316938504319342,genomic_traits+gtdb_distance+rrna16s
3300011540_2,0.5789169,4039847.0,0.5713258447659033,genomic_traits+gtdb_distance+rrna16s
3300029760_15,0.57892346,2386116.0,0.531068481163531,genomic_traits+gtdb_distance+rrna16s
3300025623_36,0.57899755,1015005.0,0.328383604021655,genomic_traits+gtdb_distance+rrna16s
3300029858_16,0.5793547,2412356.0,0.5733382635067129,genomic_traits+gtdb_distance+rrna16s
3300017971_46,0.57964253,2564975.0,0.4518858858273472,genomic_traits+gtdb_distance+rrna16s
3300025161_24,0.5797367,4191593.0,0.6711205023961058,genomic_traits+gtdb_distance+rrna16s
3300007298_14,0.5798852,2429724.0,0.5457138341638803,genomic_traits+gtdb_distance+rrna16s
3300011524_1,0.57992417,4766349.0,0.5548718736290608,genomic_traits+gtdb_distance+rrna16s
3300007318_5,0.57996726,2166394.0,0.4923688858074754,genomic_traits+gtdb_distance+rrna16s
3300029398_8,0.580051,4472110.0,0.4372108467814968,genomic_traits+gtdb_distance+rrna16s
3300028564_8,0.58041817,6429477.0,0.5726042724781503,genomic_traits+gtdb_distance+rrna16s
3300027638_8,0.5805046,3603634.0,0.5985785459899646,genomic_traits+gtdb_distance+rrna16s
3300013133_32,0.5806963,2417863.0,0.6596407654197115,genomic_traits+gtdb_distance+rrna16s
3300009084_70,0.5807662,4159154.0,0.600384116577554,genomic_traits+gtdb_distance+rrna16s
3300011803_1,0.58080983,4236945.0,0.5649962413956282,genomic_traits+gtdb_distance+rrna16s
3300029747_23,0.5808701,2142608.0,0.4645987506814125,genomic_traits+gtdb_distance+rrna16s
3300026902_2,0.5808999,2395012.0,0.6348218714561764,genomic_traits+gtdb_distance+rrna16s
3300025161_8,0.580981,5813233.0,0.6846470802047673,genomic_traits+gtdb_distance+rrna16s
3300013822_2,0.5809917,4615182.0,0.5513609214111166,genomic_traits+gtdb_distance+rrna16s
3300011626_2,0.58110017,4424998.0,0.5770429726747899,genomic_traits+gtdb_distance+rrna16s
3300027904_36,0.58118325,1923960.0,0.4343042474895528,genomic_traits+gtdb_distance+rrna16s
3300005287_11,0.58120406,2228928.0,0.488850694145347,genomic_traits+gtdb_distance+rrna16s
3300011879_2,0.5813378,4633323.0,0.5588142678591586,genomic_traits+gtdb_distance+rrna16s
3300014675_2,0.58138555,4644733.0,0.5573457074927666,genomic_traits+gtdb_distance+rrna16s
3300008615_5,0.5814258,2114526.0,0.4910542599145151,genomic_traits+gtdb_distance+rrna16s
3300005300_1,0.5815329,3021589.0,0.6056015560024874,genomic_traits+gtdb_distance+rrna16s
3300027773_26,0.5815355,4045241.0,0.7186523621213173,genomic_traits+gtdb_distance
3300014513_2,0.58162075,5732777.0,0.5601219095038932,genomic_traits+gtdb_distance+rrna16s
3300017991_23,0.581663,4514184.0,0.5594264655583379,genomic_traits+gtdb_distance+rrna16s
3300014018_1,0.5816687,4707830.0,0.5584209710206188,genomic_traits+gtdb_distance+rrna16s
3300013599_1,0.5817057,4383038.0,0.5506630332659675,genomic_traits+gtdb_distance+rrna16s
3300009566_19,0.58184725,2575363.0,0.4055692343176476,genomic_traits+gtdb_distance+rrna16s
3300024433_9,0.58194524,3974710.0,0.645290096635981,genomic_traits+gtdb_distance+rrna16s
3300024258_17,0.5820349,2309519.0,0.5353807437825798,genomic_traits+gtdb_distance+rrna16s
3300025161_17,0.582131,4917428.0,0.6400720051213764,genomic_traits+gtdb_distance+rrna16s
3300007083_3,0.5823378,2515491.0,0.5893612817537411,genomic_traits+gtdb_distance+rrna16s
3300011587_3,0.58239067,4739385.0,0.5644491848625929,genomic_traits+gtdb_distance+rrna16s
3300029392_18,0.58241135,2515436.0,0.5310606193121192,genomic_traits+gtdb_distance+rrna16s
3300023116_29,0.5824865,2158640.0,0.517916836526702,genomic_traits+gtdb_distance+rrna16s
3300011456_1,0.58253145,4405465.0,0.5569441591296265,genomic_traits+gtdb_distance+rrna16s
3300011532_2,0.58262503,4586916.0,0.5483837070484832,genomic_traits+gtdb_distance+rrna16s
3300011630_1,0.5826406,4762924.0,0.5563897303421176,genomic_traits+gtdb_distance+rrna16s
3300021982_7,0.58267915,2553696.0,0.3399950503113918,genomic_traits+gtdb_distance+rrna16s
3300029885_23,0.5827486,1921544.0,0.4701599338864996,genomic_traits+gtdb_distance+rrna16s
3300011631_1,0.58278394,4549659.0,0.557463097783812,genomic_traits+gtdb_distance+rrna16s
3300029614_22,0.582786,2152054.0,0.328577256890394,genomic_traits+gtdb_distance+rrna16s
3300020197_64,0.58278865,1649787.0,0.5904059130057395,genomic_traits+gtdb_distance+rrna16s
3300013919_1,0.5829238,6165446.0,0.6560287771557808,genomic_traits+gtdb_distance+rrna16s
3300007660_1,0.5830057,2031206.0,0.3070732362941031,genomic_traits+gtdb_distance+rrna16s
3300011519_2,0.5831298,4573616.0,0.5580077120597794,genomic_traits+gtdb_distance+rrna16s
3300007080_3,0.58318305,2291020.0,0.593707169732259,genomic_traits+gtdb_distance+rrna16s
3300011676_2,0.5831977,4170263.0,0.5561661218968684,genomic_traits+gtdb_distance+rrna16s
3300029671_10,0.5832181,2936362.0,0.5802819952035887,genomic_traits+gtdb_distance+rrna16s
3300011890_2,0.58322257,3409403.0,0.4285266364815189,genomic_traits+gtdb_distance+rrna16s
3300008362_16,0.58326066,1637652.0,0.453378984057663,genomic_traits+gtdb_distance+rrna16s
3300027968_49,0.58332413,2965279.0,0.6702330539554625,genomic_traits+gtdb_distance+rrna16s
3300017406_14,0.58344114,1529206.0,0.3023314059714649,genomic_traits+gtdb_distance+rrna16s
3300008672_29,0.5834441,1728025.0,0.453972020080728,genomic_traits+gtdb_distance+rrna16s
3300029375_26,0.58369595,2082532.0,0.567646979734285,genomic_traits+gtdb_distance+rrna16s
3300020201_27,0.5839379,4716082.0,0.4710055932021538,genomic_traits+gtdb_distance+rrna16s
3300007746_2,0.583996,2880469.0,0.3875351548654056,genomic_traits+gtdb_distance+rrna16s
3300029822_22,0.5840892,1997520.0,0.437589611117786,genomic_traits+gtdb_distance+rrna16s
3300028568_62,0.5841165,1612867.0,0.4070261218066958,genomic_traits+gtdb_distance+rrna16s
3300007531_15,0.5841502,2139081.0,0.4989913892928785,genomic_traits+gtdb_distance+rrna16s
3300011969_2,0.5841699,4102512.0,0.5901715826791,genomic_traits+gtdb_distance+rrna16s
3300027819_20,0.5841961,5205151.0,0.5626420828137358,genomic_traits+gtdb_distance+rrna16s
3300027283_22,0.58448094,3313452.0,0.6565053605725992,genomic_traits+gtdb_distance+rrna16s
3300029634_11,0.5845264,2604260.0,0.5263752467111579,genomic_traits+gtdb_distance+rrna16s
3300014640_3,0.5845755,4774351.0,0.5586725818859988,genomic_traits+gtdb_distance+rrna16s
3300012252_2,0.58459157,4088735.0,0.5590516382206232,genomic_traits+gtdb_distance+rrna16s
3300029538_13,0.58466816,2416685.0,0.4359993131086592,genomic_traits+gtdb_distance+rrna16s
3300020695_2,0.5848069,3313579.0,0.5449056744987821,genomic_traits+gtdb_distance+rrna16s
3300025626_11,0.58481884,2757949.0,0.4526646431823068,genomic_traits+gtdb_distance+rrna16s
3300017452_2,0.58491874,5021410.0,0.6093965639133232,genomic_traits+gtdb_distance+rrna16s
3300013985_2,0.5850621,4825296.0,0.5548988082803625,genomic_traits+gtdb_distance+rrna16s
3300029715_34,0.5850628,1905499.0,0.4822936144285565,genomic_traits+gtdb_distance+rrna16s
3300027867_6,0.5850828,5416176.0,0.6206057557952327,genomic_traits+gtdb_distance+rrna16s
3300014522_6,0.5851115,3165210.0,0.5845659529699451,genomic_traits+gtdb_distance+rrna16s
3300029891_9,0.5851242,3818603.0,0.4843444055325992,genomic_traits+gtdb_distance+rrna16s
3300014050_21,0.58519167,1572161.0,0.5957754962755086,genomic_traits+gtdb_distance+rrna16s
3300006292_13,0.58519566,2316195.0,0.5577962995343656,genomic_traits+gtdb_distance+rrna16s
3300029725_19,0.58526415,2045036.0,0.4787412055337901,genomic_traits+gtdb_distance+rrna16s
3300005326_51,0.58527887,1738134.0,0.4242917979856558,genomic_traits+gtdb_distance+rrna16s
3300011859_2,0.5854677,4350015.0,0.554687282687531,genomic_traits+gtdb_distance+rrna16s
3300029711_11,0.5855595,3009763.0,0.4346106321328291,genomic_traits+gtdb_distance+rrna16s
3300029354_26,0.58556575,2010781.0,0.4768117462816686,genomic_traits+gtdb_distance+rrna16s
3300011497_1,0.5856271,5078501.0,0.5557720673876012,genomic_traits+gtdb_distance+rrna16s
3300027244_5,0.58576113,1780887.0,0.5444236495633917,genomic_traits+gtdb_distance+rrna16s
3300013341_1,0.58581686,4432139.0,0.5660352710057153,genomic_traits+gtdb_distance+rrna16s
3300021180_8,0.5858331,4266486.0,0.3940870777496985,genomic_traits+gtdb_distance+rrna16s
3300014950_5,0.585853,4749642.0,0.5557023034578185,genomic_traits+gtdb_distance+rrna16s
3300027687_31,0.5859065,1329072.0,0.4160850578448722,genomic_traits+gtdb_distance+rrna16s
3300029243_11,0.58599794,2421557.0,0.5892221409613732,genomic_traits+gtdb_distance+rrna16s
3300014024_13,0.58604246,2341325.0,0.5974582768304272,genomic_traits+gtdb_distance+rrna16s
3300011520_1,0.5860625,5200145.0,0.5919296481155814,genomic_traits+gtdb_distance+rrna16s
3300025602_22,0.5860639,1890981.0,0.3956718761320182,genomic_traits+gtdb_distance+rrna16s
3300029846_25,0.58607054,2132078.0,0.6018086580322108,genomic_traits+gtdb_distance+rrna16s
3300029442_11,0.5861201,2594469.0,0.4672173766578055,genomic_traits+gtdb_distance+rrna16s
3300025682_12,0.5861262,3241759.0,0.4895515058337156,genomic_traits+gtdb_distance+rrna16s
3300027864_37,0.5862228,2476790.0,0.5442052010868907,genomic_traits+gtdb_distance+rrna16s
3300027503_4,0.5862963,4820708.0,0.4778287753583083,genomic_traits+gtdb_distance+rrna16s
3300011897_3,0.5863269,4308772.0,0.5428799667283393,genomic_traits+gtdb_distance+rrna16s
3300011465_2,0.586349,4091675.0,0.6675547300310998,genomic_traits+gtdb_distance+rrna16s
3300029211_16,0.58636457,2054876.0,0.4964883525818589,genomic_traits+gtdb_distance+rrna16s
3300014802_17,0.5864521,1670710.0,0.4686761915592772,genomic_traits+gtdb_distance+rrna16s
3300020220_71,0.58646184,2233237.0,0.5012383369969242,genomic_traits+gtdb_distance+rrna16s
3300029434_33,0.586542,1909468.0,0.5362247495113822,genomic_traits+gtdb_distance+rrna16s
3300026288_19,0.58656347,3173599.0,0.6699680709503627,genomic_traits+gtdb_distance+rrna16s
3300011653_2,0.58658546,5490660.0,0.5616954974447517,genomic_traits+gtdb_distance+rrna16s
3300029331_11,0.5866103,3159760.0,0.4629547813758007,genomic_traits+gtdb_distance+rrna16s
3300011211_2,0.58665735,4234213.0,0.3208735602105987,genomic_traits+gtdb_distance+rrna16s
3300029557_16,0.5867864,2349829.0,0.5620145125453809,genomic_traits+gtdb_distance+rrna16s
3300003106_1,0.58679706,4248674.0,0.6366809974123692,genomic_traits+gtdb_distance+rrna16s
3300026259_11,0.5868083,2001438.0,0.5067366563440886,genomic_traits+gtdb_distance+rrna16s
3300029520_17,0.58684856,2053318.0,0.4407505315786449,genomic_traits+gtdb_distance+rrna16s
3300011596_1,0.5870649,4083138.0,0.5705087606639795,genomic_traits+gtdb_distance+rrna16s
3300011891_2,0.5873024,2102309.0,0.4937043032208871,genomic_traits+gtdb_distance+rrna16s
3300027815_47,0.5875827,2341833.0,0.3442094291095906,genomic_traits+gtdb_distance+rrna16s
3300027343_4,0.5876372,3353711.0,0.6436469928386793,genomic_traits+gtdb_distance+rrna16s
3300013697_2,0.5876401,4658218.0,0.5592527013548958,genomic_traits+gtdb_distance+rrna16s
3300014642_2,0.58777124,4149968.0,0.5695055961877297,genomic_traits+gtdb_distance+rrna16s
3300029512_12,0.58794147,2360230.0,0.489712443278833,genomic_traits+gtdb_distance+rrna16s
3300011842_2,0.58801156,4698804.0,0.5553034346612458,genomic_traits+gtdb_distance+rrna16s
3300013502_21,0.5880408,2194371.0,0.4636977976832541,genomic_traits+gtdb_distance+rrna16s
3300025682_51,0.58805734,1775218.0,0.566666741774813,genomic_traits+gtdb_distance+rrna16s
3300011848_3,0.58808416,4652551.0,0.557246551408034,genomic_traits+gtdb_distance+rrna16s
3300029394_28,0.5881889,2089389.0,0.5335248725823674,genomic_traits+gtdb_distance+rrna16s
3300029431_17,0.5883759,2148094.0,0.596568399706903,genomic_traits+gtdb_distance+rrna16s
3300029618_14,0.5884353,2840236.0,0.489113932785867,genomic_traits+gtdb_distance+rrna16s
3300011730_1,0.5886209,5413140.0,0.5750159796347406,genomic_traits+gtdb_distance+rrna16s
3300014693_2,0.5886471,4221134.0,0.5638709882225961,genomic_traits+gtdb_distance+rrna16s
3300011990_20,0.5887837,2071768.0,0.3945079757965177,genomic_traits+gtdb_distance+rrna16s
3300017817_13,0.58881706,3123819.0,0.6406814863473204,genomic_traits+gtdb_distance+rrna16s
3300014912_2,0.588916,4789670.0,0.5720903527800454,genomic_traits+gtdb_distance+rrna16s
3300027685_12,0.5889382,3085984.0,0.5915202411937327,genomic_traits+gtdb_distance+rrna16s
3300029377_23,0.58894974,2367163.0,0.5213367224817218,genomic_traits+gtdb_distance+rrna16s
3300025775_11,0.5890034,3440532.0,0.6457698983761814,genomic_traits+gtdb_distance+rrna16s
3300011973_6,0.5890565,2054015.0,0.4876054946044698,genomic_traits+gtdb_distance+rrna16s
3300028114_13,0.5890762,4787170.0,0.5188265718576947,genomic_traits+gtdb_distance+rrna16s
3300027198_6,0.5890887,1714823.0,0.545966551649937,genomic_traits+gtdb_distance+rrna16s
3300029128_17,0.5891045,2328070.0,0.4902051914246564,genomic_traits+gtdb_distance+rrna16s
3300011841_1,0.5891812,4632337.0,0.557994809099597,genomic_traits+gtdb_distance+rrna16s
3300029119_14,0.5892185,2858401.0,0.5447094371993293,genomic_traits+gtdb_distance+rrna16s
3300009503_97,0.589329,2335230.0,0.5911263558621634,genomic_traits+gtdb_distance+rrna16s
3300011765_3,0.5893908,4731144.0,0.5648574636493837,genomic_traits+gtdb_distance+rrna16s
3300029395_16,0.5897178,2226234.0,0.4234420101390959,genomic_traits+gtdb_distance+rrna16s
3300027819_39,0.58972204,3132611.0,0.6066648556108626,genomic_traits+gtdb_distance+rrna16s
3300011224_1,0.58977616,4588178.0,0.5639848759137069,genomic_traits+gtdb_distance+rrna16s
3300027835_41,0.5898722,2425819.0,0.4319032046496461,genomic_traits+gtdb_distance+rrna16s
3300029650_9,0.58990884,2387823.0,0.5732208794370437,genomic_traits+gtdb_distance+rrna16s
3300025706_22,0.5899459,2612833.0,0.4683085371319177,genomic_traits+gtdb_distance+rrna16s
3300005621_1,0.59003466,1780985.0,0.3184524294140602,genomic_traits+gtdb_distance+rrna16s
3300011544_1,0.59003574,4636840.0,0.5589414342526375,genomic_traits+gtdb_distance+rrna16s
3300014818_4,0.59008235,3845068.0,0.4887104727406641,genomic_traits+gtdb_distance+rrna16s
3300011782_1,0.59009355,4703543.0,0.5577168104979586,genomic_traits+gtdb_distance+rrna16s
3300025232_4,0.59009427,3312896.0,0.5903741016922958,genomic_traits+gtdb_distance+rrna16s
3300024333_11,0.5901347,2415063.0,0.6316510169713999,genomic_traits+gtdb_distance+rrna16s
3300029000_6,0.590317,3563445.0,0.4353326626340522,genomic_traits+gtdb_distance+rrna16s
3300027532_19,0.5903693,3771232.0,0.6303706587131208,genomic_traits+gtdb_distance+rrna16s
3300028625_1,0.5903753,8029223.0,0.4811387104331266,genomic_traits+gtdb_distance+rrna16s
3300015360_72,0.5904533,2723908.0,0.4851830531721335,genomic_traits+gtdb_distance+rrna16s
3300011807_1,0.5905433,4786192.0,0.5646607992324587,genomic_traits+gtdb_distance+rrna16s
3300029786_25,0.59056056,1634258.0,0.3764050719041913,genomic_traits+gtdb_distance+rrna16s
3300014806_11,0.5906546,2277358.0,0.5638718198895387,genomic_traits+gtdb_distance+rrna16s
3300027863_147,0.5908036,1748562.0,0.4440568878884477,genomic_traits+gtdb_distance+rrna16s
3300029748_13,0.5908442,3054131.0,0.5803624664429915,genomic_traits+gtdb_distance+rrna16s
3300002186_7,0.5909532,2440954.0,0.4530200077510678,genomic_traits+gtdb_distance+rrna16s
3300014670_2,0.5909749,4432516.0,0.5581552328293908,genomic_traits+gtdb_distance+rrna16s
3300029743_27,0.59109086,1897181.0,0.5327546501888855,genomic_traits+gtdb_distance+rrna16s
3300007978_4,0.59114397,2141563.0,0.5599008761357943,genomic_traits+gtdb_distance+rrna16s
3300029187_12,0.59116524,2023960.0,0.4410739342674756,genomic_traits+gtdb_distance+rrna16s
3300027844_32,0.5914421,3055266.0,0.5462368906668028,genomic_traits+gtdb_distance+rrna16s
3300013725_2,0.5915804,4616663.0,0.5586686747549041,genomic_traits+gtdb_distance+rrna16s
3300011974_18,0.5917185,1998332.0,0.3718466200811476,genomic_traits+gtdb_distance+rrna16s
3300029615_13,0.5917592,3128230.0,0.5785402607864512,genomic_traits+gtdb_distance+rrna16s
3300029456_9,0.5919001,2346949.0,0.54363388382108,genomic_traits+gtdb_distance+rrna16s
3300025618_38,0.5919608,1573137.0,0.5226881066302553,genomic_traits+gtdb_distance+rrna16s
3300027850_44,0.5919673,3974068.0,0.6147675379485202,genomic_traits+gtdb_distance+rrna16s
3300014071_1,0.59217167,4808491.0,0.5573110150356941,genomic_traits+gtdb_distance+rrna16s
3300029355_14,0.59220403,2409510.0,0.6191283704985661,genomic_traits+gtdb_distance+rrna16s
3300019487_34,0.5922117,1981452.0,0.5279249762295529,genomic_traits+gtdb_distance+rrna16s
3300013934_2,0.59222317,5059348.0,0.5770049816695748,genomic_traits+gtdb_distance+rrna16s
3300027509_23,0.5923172,3919860.0,0.6905417540422362,genomic_traits+gtdb_distance+rrna16s
3300027700_7,0.59242475,3412542.0,0.4674242837157755,genomic_traits+gtdb_distance+rrna16s
3300027220_4,0.592437,1762934.0,0.5451871709320939,genomic_traits+gtdb_distance+rrna16s
3300014287_2,0.5927354,4472306.0,0.5898158578594578,genomic_traits+gtdb_distance+rrna16s
3300029772_21,0.5927445,1823542.0,0.614492564470684,genomic_traits+gtdb_distance+rrna16s
3300014024_17,0.5927753,2167072.0,0.5576884385936416,genomic_traits+gtdb_distance+rrna16s
3300029647_5,0.5929008,2852700.0,0.5886041294212501,genomic_traits+gtdb_distance+rrna16s
3300029339_24,0.59303206,2214642.0,0.5325727589380135,genomic_traits+gtdb_distance+rrna16s
3300028603_25,0.59309053,3673445.0,0.5007691689953164,genomic_traits+gtdb_distance+rrna16s
3300006226_69,0.5931242,2585567.0,0.380186628310154,genomic_traits+gtdb_distance+rrna16s
3300011852_2,0.59320813,4524222.0,0.5546712782882891,genomic_traits+gtdb_distance+rrna16s
3300014563_10,0.5932824,2048267.0,0.4818463608504165,genomic_traits+gtdb_distance+rrna16s
3300018080_20,0.59332585,5387105.0,0.6663421262440588,genomic_traits+gtdb_distance+rrna16s
3300013724_2,0.59343153,5205749.0,0.5754553283302749,genomic_traits+gtdb_distance+rrna16s
3300029784_20,0.5934751,2423805.0,0.5299394959578019,genomic_traits+gtdb_distance+rrna16s
3300025677_17,0.59349257,3112100.0,0.37890620481347,genomic_traits+gtdb_distance+rrna16s
3300029716_15,0.5935109,2736410.0,0.5167098497666651,genomic_traits+gtdb_distance+rrna16s
3300029617_12,0.5935464,3245657.0,0.5779763542481537,genomic_traits+gtdb_distance+rrna16s
3300005289_13,0.5935896,4082573.0,0.443178848241048,genomic_traits+gtdb_distance+rrna16s
3300013980_1,0.5936506,5255701.0,0.6566499882698806,genomic_traits+gtdb_distance+rrna16s
3300029394_15,0.5937497,2568052.0,0.5107517293263532,genomic_traits+gtdb_distance+rrna16s
3300027965_32,0.59375274,4337580.0,0.6281202882713403,genomic_traits+gtdb_distance+rrna16s
3300014648_2,0.59388876,4822832.0,0.5567946385028547,genomic_traits+gtdb_distance+rrna16s
3300018080_28,0.5939402,4313230.0,0.5594468646466801,genomic_traits+gtdb_distance+rrna16s
3300020190_63,0.59406966,1662726.0,0.5898722940520567,genomic_traits+gtdb_distance+rrna16s
3300014815_22,0.5940984,2003771.0,0.4709625002058618,genomic_traits+gtdb_distance+rrna16s
3300014712_3,0.5941362,3156137.0,0.579250837336909,genomic_traits+gtdb_distance+rrna16s
3300025642_15,0.59414726,3185036.0,0.4898095343349337,genomic_traits+gtdb_distance+rrna16s
3300008688_9,0.5941877,2092529.0,0.5599396710869957,genomic_traits+gtdb_distance+rrna16s
3300029731_11,0.59421074,2633434.0,0.2927679220363981,genomic_traits+gtdb_distance+rrna16s
3300027820_22,0.59429693,3623267.0,0.5973840735446767,genomic_traits+gtdb_distance+rrna16s
3300025611_14,0.59444827,2765732.0,0.4998391022702127,genomic_traits+gtdb_distance+rrna16s
3300025472_17,0.5944624,2128025.0,0.5471956391489762,genomic_traits+gtdb_distance+rrna16s
3300014761_10,0.59455395,2139545.0,0.4569976326742368,genomic_traits+gtdb_distance+rrna16s
3300025605_35,0.5947231,1865503.0,0.505838907790553,genomic_traits+gtdb_distance+rrna16s
3300025321_3,0.59480476,5829661.0,0.6087377979611508,genomic_traits+gtdb_distance+rrna16s
3300027592_12,0.59506965,4372358.0,0.5719881583347017,genomic_traits+gtdb_distance+rrna16s
3300027712_9,0.59539145,2669674.0,0.5364651264536419,genomic_traits+gtdb_distance+rrna16s
3300014048_4,0.59543264,3631633.0,0.5624285273319193,genomic_traits+gtdb_distance+rrna16s
3300011585_2,0.5957696,4130198.0,0.5594777780629403,genomic_traits+gtdb_distance+rrna16s
3300027677_15,0.59578866,2337947.0,0.5280419102742705,genomic_traits+gtdb_distance+rrna16s
3300009769_10,0.59596205,4261638.0,0.5861154795409652,genomic_traits+gtdb_distance+rrna16s
3300011002_21,0.59596235,1974455.0,0.5464049573173356,genomic_traits+gtdb_distance+rrna16s
3300011707_1,0.59613985,4354867.0,0.5739135087248359,genomic_traits+gtdb_distance+rrna16s
3300029583_12,0.5961817,3119750.0,0.5784684670246013,genomic_traits+gtdb_distance+rrna16s
3300029071_3,0.5962623,3751069.0,0.311679683844792,genomic_traits+gtdb_distance+rrna16s
3300018026_13,0.5963435,3608820.0,0.5069402186864405,genomic_traits+gtdb_distance+rrna16s
3300014630_1,0.59641075,6369818.0,0.5942416251139357,genomic_traits+gtdb_distance+rrna16s
3300007043_8,0.59642017,2674547.0,0.4997971619119051,genomic_traits+gtdb_distance+rrna16s
3300011215_4,0.596542,4365962.0,0.5528275326262574,genomic_traits+gtdb_distance+rrna16s
3300029582_16,0.59680873,2406754.0,0.5736456654897011,genomic_traits+gtdb_distance+rrna16s
3300014830_11,0.5968419,3576087.0,0.35754303516665,genomic_traits+gtdb_distance+rrna16s
3300025498_10,0.59687704,3683786.0,0.6135302104953979,genomic_traits+gtdb_distance+rrna16s
3300025678_21,0.5968793,2570437.0,0.3935124650010874,genomic_traits+gtdb_distance+rrna16s
3300014037_21,0.59699434,2193672.0,0.5462457468573242,genomic_traits+gtdb_distance+rrna16s
3300025858_38,0.5970904,1939769.0,0.4505722073092208,genomic_traits+gtdb_distance+rrna16s
3300029236_9,0.5971156,2886376.0,0.4825584054191138,genomic_traits+gtdb_distance+rrna16s
3300028633_7,0.5972605,4426915.0,0.6924135656546376,genomic_traits+gtdb_distance+rrna16s
3300007139_3,0.59726423,2597027.0,0.5905059901187011,genomic_traits+gtdb_distance+rrna16s
3300020204_64,0.59728485,1705394.0,0.5888263943698641,genomic_traits+gtdb_distance+rrna16s
3300029380_30,0.59736305,2128181.0,0.5683445158095105,genomic_traits+gtdb_distance+rrna16s
3300029354_25,0.5974308,2043038.0,0.5192551484602832,genomic_traits+gtdb_distance+rrna16s
3300027026_4,0.5975063,4479639.0,0.418467872076299,genomic_traits+gtdb_distance+rrna16s
3300029694_20,0.597515,1889963.0,0.4092392284928329,genomic_traits+gtdb_distance+rrna16s
3300011601_3,0.5975761,4230491.0,0.5639321771397221,genomic_traits+gtdb_distance+rrna16s
3300025706_25,0.59760684,2319008.0,0.5364328195504284,genomic_traits+gtdb_distance+rrna16s
3300023088_10,0.5976244,2378817.0,0.4697158293387007,genomic_traits+gtdb_distance+rrna16s
3300011735_3,0.5977099,3410588.0,0.372212650721811,genomic_traits+gtdb_distance+rrna16s
3300025365_2,0.59775746,2936306.0,0.4884089056113361,genomic_traits+gtdb_distance+rrna16s
3300029353_14,0.5978287,2434845.0,0.5712918070760151,genomic_traits+gtdb_distance+rrna16s
3300020195_8,0.5978422,6771263.0,0.5129180479328598,genomic_traits+gtdb_distance+rrna16s
3300008490_24,0.5980598,1658852.0,0.4112693597741088,genomic_traits+gtdb_distance+rrna16s
3300026293_12,0.5980944,3438780.0,0.595617631834546,genomic_traits+gtdb_distance+rrna16s
3300029790_20,0.598123,2355906.0,0.5320713135413722,genomic_traits+gtdb_distance+rrna16s
3300007294_3,0.5981826,2369719.0,0.3906914701700918,genomic_traits+gtdb_distance+rrna16s
3300011845_2,0.5981947,4254287.0,0.5675472764296344,genomic_traits+gtdb_distance+rrna16s
3300011453_1,0.5982176,4475677.0,0.5742990390057191,genomic_traits+gtdb_distance+rrna16s
3300012246_1,0.59827083,6633654.0,0.6665569232281334,genomic_traits+gtdb_distance+rrna16s
3300029510_12,0.5982848,2453752.0,0.4360436588538695,genomic_traits+gtdb_distance+rrna16s
3300027690_38,0.5983383,3400245.0,0.5660542107995159,genomic_traits+gtdb_distance+rrna16s
3300029480_10,0.5984148,2594754.0,0.2900594815539353,genomic_traits+gtdb_distance+rrna16s
3300014806_5,0.59853894,3235478.0,0.5824817847625606,genomic_traits+gtdb_distance+rrna16s
3300014603_2,0.59860414,4772223.0,0.5571858230430556,genomic_traits+gtdb_distance+rrna16s
3300011219_1,0.5986447,4833329.0,0.5573256031195063,genomic_traits+gtdb_distance+rrna16s
3300029103_12,0.59868354,2438132.0,0.541624899718309,genomic_traits+gtdb_distance+rrna16s
3300011593_1,0.59879005,4804726.0,0.5588705786760785,genomic_traits+gtdb_distance+rrna16s
3300026963_4,0.5989193,2263675.0,0.6946584646647598,genomic_traits+gtdb_distance
3300006045_73,0.5990611,2101722.0,0.4875059593990071,genomic_traits+gtdb_distance+rrna16s
3300026286_8,0.5991786,4450024.0,0.6610663223389357,genomic_traits+gtdb_distance+rrna16s
3300025605_4,0.5993075,5414144.0,0.6348647173034186,genomic_traits+gtdb_distance+rrna16s
3300026250_14,0.59987056,2860926.0,0.5506517819754863,genomic_traits+gtdb_distance+rrna16s
3300006321_13,0.59995866,2145367.0,0.4915196327714559,genomic_traits+gtdb_distance+rrna16s
3300025161_23,0.600097,4317761.0,0.5656616936416814,genomic_traits+gtdb_distance+rrna16s
3300029532_3,0.6001104,4452817.0,0.4248061395741168,genomic_traits+gtdb_distance+rrna16s
3300029435_16,0.60021937,2545541.0,0.4506633363988244,genomic_traits+gtdb_distance+rrna16s
3300014610_3,0.60024035,3687822.0,0.5607548303578643,genomic_traits+gtdb_distance+rrna16s
3300015202_3,0.6003032,6182076.0,0.5458418822414994,genomic_traits+gtdb_distance+rrna16s
3300029795_27,0.6003762,2120257.0,0.4092829312672945,genomic_traits+gtdb_distance+rrna16s
3300027232_7,0.600409,1726265.0,0.5453664414212186,genomic_traits+gtdb_distance+rrna16s
3300011796_1,0.60061353,5450459.0,0.575006251767053,genomic_traits+gtdb_distance+rrna16s
3300025546_36,0.60066414,1683431.0,0.4080666210851529,genomic_traits+gtdb_distance+rrna16s
3300011736_3,0.6007461,4656236.0,0.5573677966494825,genomic_traits+gtdb_distance+rrna16s
3300027893_50,0.6007701,2802216.0,0.548382066193327,genomic_traits+gtdb_distance+rrna16s
3300011457_1,0.6009154,4785664.0,0.6387840851342677,genomic_traits+gtdb_distance+rrna16s
3300029502_12,0.60095096,2822136.0,0.5520176915641202,genomic_traits+gtdb_distance+rrna16s
3300007129_6,0.60105217,2265030.0,0.6253599290075628,genomic_traits+gtdb_distance+rrna16s
3300025689_21,0.6010575,2987531.0,0.5114735211115801,genomic_traits+gtdb_distance+rrna16s
3300014799_12,0.6011722,2343193.0,0.6229299080357444,genomic_traits+gtdb_distance+rrna16s
3300029565_11,0.60125715,3178038.0,0.5155089397924129,genomic_traits+gtdb_distance+rrna16s
3300019861_21,0.60127383,2477758.0,0.5344153868134015,genomic_traits+gtdb_distance+rrna16s
3300025689_47,0.60143244,1770488.0,0.60608431121815,genomic_traits+gtdb_distance+rrna16s
3300021093_62,0.60143435,1641178.0,0.5872160119133939,genomic_traits+gtdb_distance+rrna16s
3300013296_23,0.60150504,5231092.0,0.6285614934701971,genomic_traits+gtdb_distance+rrna16s
3300024181_1,0.6015082,5357258.0,0.5673969780809511,genomic_traits+gtdb_distance+rrna16s
3300018424_20,0.60151124,4175209.0,0.5355379814519465,genomic_traits+gtdb_distance+rrna16s
3300013723_2,0.6015915,3923975.0,0.5601822131894316,genomic_traits+gtdb_distance+rrna16s
3300003541_18,0.60176677,3784491.0,0.5743538563045862,genomic_traits+gtdb_distance+rrna16s
3300024914_4,0.6018449,2686611.0,0.6144492075704298,genomic_traits+gtdb_distance+rrna16s
3300005291_1,0.60214555,2511195.0,0.3285447764908739,genomic_traits+gtdb_distance+rrna16s
3300029858_26,0.6021593,1976019.0,0.5394482542931014,genomic_traits+gtdb_distance+rrna16s
3300013702_2,0.6021619,4457666.0,0.3705389771239029,genomic_traits+gtdb_distance+rrna16s
3300011761_2,0.6022236,4422622.0,0.6435637049695859,genomic_traits+gtdb_distance+rrna16s
3300029467_15,0.6022469,2206674.0,0.542148047242139,genomic_traits+gtdb_distance+rrna16s
3300028571_40,0.60229355,2150127.0,0.4425622300450159,genomic_traits+gtdb_distance+rrna16s
3300029669_9,0.602362,2281232.0,0.5442339928599984,genomic_traits+gtdb_distance+rrna16s
3300027968_32,0.60242116,3704676.0,0.599219202974835,genomic_traits+gtdb_distance+rrna16s
3300011775_3,0.60263467,4661431.0,0.558186531131749,genomic_traits+gtdb_distance+rrna16s
3300013656_1,0.60269487,5071755.0,0.659326209566511,genomic_traits+gtdb_distance+rrna16s
3300029852_5,0.60270447,3254966.0,0.5160957134421681,genomic_traits+gtdb_distance+rrna16s
3300029561_18,0.6029424,2249462.0,0.4758800104202694,genomic_traits+gtdb_distance+rrna16s
3300024259_23,0.6029676,2455903.0,0.4366284010402691,genomic_traits+gtdb_distance+rrna16s
3300008083_13,0.6031434,1915509.0,0.5120424910559022,genomic_traits+gtdb_distance+rrna16s
3300000062_31,0.6033167,1614909.0,0.4412923576498738,genomic_traits+gtdb_distance+rrna16s
3300029793_23,0.60334814,2130700.0,0.5359459332613695,genomic_traits+gtdb_distance+rrna16s
3300011455_2,0.6033555,4332496.0,0.6410369449850617,genomic_traits+gtdb_distance+rrna16s
3300028923_15,0.6034021,2605540.0,0.5308366020095643,genomic_traits+gtdb_distance+rrna16s
3300013655_2,0.6035036,4745030.0,0.5573964758916171,genomic_traits+gtdb_distance+rrna16s
3300027719_21,0.6035116,3346130.0,0.6142959179709097,genomic_traits+gtdb_distance+rrna16s
3300027823_12,0.60356575,6200453.0,0.4907272097699958,genomic_traits+gtdb_distance+rrna16s
3300029125_18,0.6036264,2002974.0,0.5939742602749711,genomic_traits+gtdb_distance+rrna16s
3300027510_35,0.60372865,2107588.0,0.6351673097398542,genomic_traits+gtdb_distance+rrna16s
3300027295_3,0.6038531,5785164.0,0.5200243242888187,genomic_traits+gtdb_distance+rrna16s
3300007354_10,0.6038541,3597337.0,0.5815518534960722,genomic_traits+gtdb_distance+rrna16s
3300020190_42,0.60389495,2474173.0,0.5823606514176656,genomic_traits+gtdb_distance+rrna16s
3300008502_7,0.604137,2093477.0,0.4907486444799728,genomic_traits+gtdb_distance+rrna16s
3300002481_20,0.60419464,1833135.0,0.5981037948650808,genomic_traits+gtdb_distance+rrna16s
3300011944_2,0.6042525,4119448.0,0.5704827442900117,genomic_traits+gtdb_distance+rrna16s
3300029782_14,0.60453755,2870850.0,0.5475207691101939,genomic_traits+gtdb_distance+rrna16s
3300027790_27,0.6045514,3199068.0,0.550990475976128,genomic_traits+gtdb_distance+rrna16s
3300025664_7,0.60485274,4595463.0,0.538435409011018,genomic_traits+gtdb_distance+rrna16s
3300020139_22,0.6048692,2453947.0,0.4746862911057166,genomic_traits+gtdb_distance+rrna16s
3300008346_2,0.6049259,3586853.0,0.4722881032481676,genomic_traits+gtdb_distance+rrna16s
3300025105_50,0.60530996,1593397.0,0.4186903828738224,genomic_traits+gtdb_distance+rrna16s
3300008537_24,0.60537654,1665359.0,0.4121729909286826,genomic_traits+gtdb_distance+rrna16s
3300025478_14,0.6054564,2003911.0,0.3748649515871713,genomic_traits+gtdb_distance+rrna16s
3300026985_6,0.605493,2443659.0,0.6960856649802611,genomic_traits+gtdb_distance
3300001683_35,0.6055067,2334688.0,0.5397393570361436,genomic_traits+gtdb_distance+rrna16s
3300025442_9,0.6056367,3679806.0,0.6133646719419448,genomic_traits+gtdb_distance+rrna16s
3300029368_14,0.60572803,2232268.0,0.4233107315071487,genomic_traits+gtdb_distance+rrna16s
3300011811_6,0.6057452,1617820.0,0.4364453400254663,genomic_traits+gtdb_distance+rrna16s
3300029728_19,0.60599685,2286858.0,0.5350445895634972,genomic_traits+gtdb_distance+rrna16s
3300020196_29,0.60631514,2985465.0,0.6119998057254062,genomic_traits+gtdb_distance+rrna16s
3300005858_17,0.6064885,1981599.0,0.6435156658839655,genomic_traits+gtdb_distance+rrna16s
3300008360_8,0.606513,3865151.0,0.4582514370072476,genomic_traits+gtdb_distance+rrna16s
3300009772_15,0.6065365,2828941.0,0.6446461767848817,genomic_traits+gtdb_distance+rrna16s
3300027281_6,0.6065382,1790021.0,0.5454572879312589,genomic_traits+gtdb_distance+rrna16s
3300029137_4,0.60659915,3631512.0,0.6010055866537134,genomic_traits+gtdb_distance+rrna16s
3300014665_6,0.606728,2334594.0,0.3490636915883447,genomic_traits+gtdb_distance+rrna16s
3300027345_3,0.60691994,3423584.0,0.6434090707282193,genomic_traits+gtdb_distance+rrna16s
3300011226_2,0.6071049,4503826.0,0.6204551419171167,genomic_traits+gtdb_distance+rrna16s
3300025082_4,0.6075891,3520025.0,0.3817464364599683,genomic_traits+gtdb_distance+rrna16s
3300025298_18,0.6078118,4815652.0,0.6394448768308009,genomic_traits+gtdb_distance+rrna16s
3300029116_20,0.6080152,2197032.0,0.5141768531364131,genomic_traits+gtdb_distance+rrna16s
3300025510_8,0.6080691,2200413.0,0.5356444449292019,genomic_traits+gtdb_distance+rrna16s
3300027348_4,0.6080853,3398960.0,0.643346200014122,genomic_traits+gtdb_distance+rrna16s
3300029334_12,0.60808706,2478572.0,0.5444574537273882,genomic_traits+gtdb_distance+rrna16s
3300026534_23,0.6084621,3094111.0,0.5617374425157986,genomic_traits+gtdb_distance+rrna16s
3300027515_29,0.60854954,2615075.0,0.6769626110149805,genomic_traits+gtdb_distance+rrna16s
3300027760_13,0.608568,3608632.0,0.6181663854890164,genomic_traits+gtdb_distance+rrna16s
3300029575_22,0.60858166,2188775.0,0.6143527772384096,genomic_traits+gtdb_distance+rrna16s
3300006174_6,0.60866606,2744160.0,0.5123341933414961,genomic_traits+gtdb_distance+rrna16s
3300017940_17,0.6086896,1923112.0,0.5125255315343048,genomic_traits+gtdb_distance+rrna16s
3300008635_5,0.60869586,2615362.0,0.4149605293645774,genomic_traits+gtdb_distance+rrna16s
3300011201_2,0.608993,5339520.0,0.5747524122018458,genomic_traits+gtdb_distance+rrna16s
3300014527_5,0.6091754,2976780.0,0.466252460712582,genomic_traits+gtdb_distance+rrna16s
3300029720_10,0.6092294,3781276.0,0.5200114987639093,genomic_traits+gtdb_distance+rrna16s
3300012921_8,0.6092745,6608739.0,0.5977883224015959,genomic_traits+gtdb_distance+rrna16s
3300002931_9,0.60942364,2027844.0,0.605073664443616,genomic_traits+gtdb_distance+rrna16s
3300029217_6,0.60953224,3044531.0,0.5817539713013269,genomic_traits+gtdb_distance+rrna16s
3300029822_21,0.6096125,2209272.0,0.5043312910316159,genomic_traits+gtdb_distance+rrna16s
3300021092_52,0.60975915,1752475.0,0.5888392131128832,genomic_traits+gtdb_distance+rrna16s
3300020477_49,0.60983557,2238786.0,0.5234091154759767,genomic_traits+gtdb_distance
3300027965_33,0.6098456,4315972.0,0.5536669375982977,genomic_traits+gtdb_distance+rrna16s
3300029611_14,0.60988355,2965122.0,0.5810728867142735,genomic_traits+gtdb_distance+rrna16s
3300029744_18,0.6098839,1970736.0,0.4811994097636619,genomic_traits+gtdb_distance+rrna16s
3300017817_12,0.60991204,3879617.0,0.59490434236163,genomic_traits+gtdb_distance+rrna16s
3300026280_13,0.6099168,2993996.0,0.6705723721741779,genomic_traits+gtdb_distance+rrna16s
3300024218_3,0.60998774,4430130.0,0.6632053686912123,genomic_traits+gtdb_distance+rrna16s
3300021376_48,0.61005294,2303125.0,0.5847112075983718,genomic_traits+gtdb_distance+rrna16s
3300029251_23,0.6101757,1893535.0,0.3657080539836866,genomic_traits+gtdb_distance+rrna16s
3300007796_3,0.6103662,4317411.0,0.4507180344887248,genomic_traits+gtdb_distance+rrna16s
3300029520_11,0.6103985,2355583.0,0.5427212711248128,genomic_traits+gtdb_distance+rrna16s
3300008063_19,0.61046296,2341032.0,0.5624831270995014,genomic_traits+gtdb_distance+rrna16s
3300029764_10,0.6106297,3049834.0,0.5145532510949776,genomic_traits+gtdb_distance+rrna16s
3300029211_4,0.6106318,4500852.0,0.5759982776594298,genomic_traits+gtdb_distance+rrna16s
3300026534_12,0.61064136,4100959.0,0.4408142095543993,genomic_traits+gtdb_distance+rrna16s
3300011508_1,0.6106616,4292886.0,0.5635381419399443,genomic_traits+gtdb_distance+rrna16s
3300012246_2,0.6107669,4480509.0,0.5695707786771548,genomic_traits+gtdb_distance+rrna16s
3300029574_14,0.6108749,2280217.0,0.5502879769776298,genomic_traits+gtdb_distance+rrna16s
3300029778_13,0.61088485,2670218.0,0.5436619781605846,genomic_traits+gtdb_distance+rrna16s
3300029381_28,0.6109882,2092728.0,0.5295795726917211,genomic_traits+gtdb_distance+rrna16s
3300011801_1,0.6109956,4904954.0,0.6384903915510727,genomic_traits+gtdb_distance+rrna16s
3300026198_1,0.611088,8972042.0,0.6462866535845463,genomic_traits+gtdb_distance+rrna16s
3300029844_13,0.61114573,2764108.0,0.4768142199942983,genomic_traits+gtdb_distance+rrna16s
3300009760_5,0.61132014,4092884.0,0.625918545455967,genomic_traits+gtdb_distance+rrna16s
3300014641_2,0.61139023,4856057.0,0.6627426325514713,genomic_traits+gtdb_distance+rrna16s
3300027784_51,0.6114702,2180461.0,0.4213572267515906,genomic_traits+gtdb_distance+rrna16s
3300029798_8,0.6115952,3503950.0,0.6598795644915024,genomic_traits+gtdb_distance+rrna16s
3300020183_51,0.61162835,1681007.0,0.5880225364915197,genomic_traits+gtdb_distance+rrna16s
3300002702_10,0.611684,2978320.0,0.6664562572188347,genomic_traits+gtdb_distance+rrna16s
3300022227_43,0.6118198,1835764.0,0.5081737086030667,genomic_traits+gtdb_distance+rrna16s
3300013692_2,0.6118559,4555069.0,0.5587002084929997,genomic_traits+gtdb_distance+rrna16s
3300029741_15,0.611867,2717293.0,0.5837670063552219,genomic_traits+gtdb_distance+rrna16s
3300029530_8,0.61190915,2804841.0,0.5523774787946981,genomic_traits+gtdb_distance+rrna16s
3300028034_3,0.6119207,2633709.0,0.3398256982832955,genomic_traits+gtdb_distance+rrna16s
3300025638_3,0.6119717,4846586.0,0.6016775519922684,genomic_traits+gtdb_distance+rrna16s
3300015207_33,0.61205053,1841804.0,0.3900051254096527,genomic_traits+gtdb_distance+rrna16s
3300018025_13,0.61209726,3149779.0,0.6200292147480824,genomic_traits+gtdb_distance+rrna16s
3300024353_23,0.61209905,3489470.0,0.4526111415200589,genomic_traits+gtdb_distance+rrna16s
3300011942_3,0.6122072,3900370.0,0.6830457110479262,genomic_traits+gtdb_distance+rrna16s
3300025161_29,0.6122803,3815259.0,0.5759438612162372,genomic_traits+gtdb_distance+rrna16s
3300028044_19,0.6122817,3864362.0,0.4638662216427964,genomic_traits+gtdb_distance+rrna16s
3300017498_17,0.61232305,1949253.0,0.5560524980595131,genomic_traits+gtdb_distance+rrna16s
3300008514_1,0.61235213,2365680.0,0.2838097291265091,genomic_traits+gtdb_distance+rrna16s
3300025945_11,0.612434,5943026.0,0.550872905486195,genomic_traits+gtdb_distance+rrna16s
3300027983_6,0.6124872,5895793.0,0.6094927349043632,genomic_traits+gtdb_distance+rrna16s
3300025503_7,0.6125901,5763466.0,0.5400519409674664,genomic_traits+gtdb_distance+rrna16s
3300029875_26,0.6126022,2006656.0,0.5291156032723098,genomic_traits+gtdb_distance+rrna16s
3300025775_41,0.61264664,1547583.0,0.426404270401006,genomic_traits+gtdb_distance+rrna16s
3300025859_9,0.612665,4558441.0,0.6638497679360115,genomic_traits+gtdb_distance+rrna16s
3300025823_12,0.61267734,3324374.0,0.5623046624717917,genomic_traits+gtdb_distance+rrna16s
3300020591_8,0.6127178,3468599.0,0.6047842370939968,genomic_traits+gtdb_distance+rrna16s
3300007316_21,0.61292005,1754722.0,0.3665081990195598,genomic_traits+gtdb_distance+rrna16s
3300029410_10,0.61302036,3094895.0,0.5868186158173379,genomic_traits+gtdb_distance+rrna16s
3300029432_16,0.6130272,2567826.0,0.572133002781341,genomic_traits+gtdb_distance+rrna16s
3300029679_10,0.613086,2346740.0,0.5431637079523083,genomic_traits+gtdb_distance+rrna16s
3300008096_21,0.6131114,2406563.0,0.4364431764304529,genomic_traits+gtdb_distance+rrna16s
3300029660_11,0.61312,2809922.0,0.525039840963557,genomic_traits+gtdb_distance+rrna16s
3300029123_13,0.613193,3012173.0,0.4345978800022442,genomic_traits+gtdb_distance+rrna16s
3300006186_13,0.6133192,1499873.0,0.360514523562995,genomic_traits+gtdb_distance+rrna16s
3300024259_11,0.61345756,4214912.0,0.5224650004555256,genomic_traits+gtdb_distance+rrna16s
3300013728_2,0.61355436,3906252.0,0.5652617905859633,genomic_traits+gtdb_distance+rrna16s
3300029603_14,0.6136116,2486321.0,0.5454295724486098,genomic_traits+gtdb_distance+rrna16s
3300022742_10,0.6136788,3405528.0,0.6719360404612735,genomic_traits+gtdb_distance+rrna16s
3300027980_59,0.6137165,2234745.0,0.3144757008070272,genomic_traits+gtdb_distance+rrna16s
3300029563_9,0.6138754,3129424.0,0.5782374008763274,genomic_traits+gtdb_distance+rrna16s
3300026516_34,0.613935,3857631.0,0.6258838649938265,genomic_traits+gtdb_distance+rrna16s
3300029373_10,0.6139456,3233235.0,0.4988659964400979,genomic_traits+gtdb_distance+rrna16s
3300011670_5,0.61396825,2515908.0,0.3502763217096968,genomic_traits+gtdb_distance+rrna16s
3300007519_35,0.6140765,4364853.0,0.5528939920771673,genomic_traits+gtdb_distance+rrna16s
3300006248_2,0.6141085,2046030.0,0.3948177690454196,genomic_traits+gtdb_distance+rrna16s
3300014764_6,0.61423665,1941171.0,0.3944984754047943,genomic_traits+gtdb_distance+rrna16s
3300026290_9,0.6143643,3862156.0,0.6623525823400194,genomic_traits+gtdb_distance+rrna16s
3300008159_11,0.6143945,2144718.0,0.4538107107787597,genomic_traits+gtdb_distance+rrna16s
3300005985_16,0.6144065,6087024.0,0.6544574163006421,genomic_traits+gtdb_distance+rrna16s
3300027815_65,0.61446106,1693052.0,0.6157749437111205,genomic_traits+gtdb_distance+rrna16s
3300008260_14,0.61453843,2482200.0,0.4356151800821851,genomic_traits+gtdb_distance+rrna16s
3300014149_18,0.61469734,2206772.0,0.6123831551243173,genomic_traits+gtdb_distance+rrna16s
3300028630_13,0.61478937,3659134.0,0.6370690442055416,genomic_traits+gtdb_distance+rrna16s
3300017950_18,0.61486256,2905858.0,0.6580854948865361,genomic_traits+gtdb_distance+rrna16s
3300007222_40,0.61489993,1440772.0,0.4881667605977906,genomic_traits+gtdb_distance+rrna16s
3300029313_12,0.6151265,2598933.0,0.5259408380285294,genomic_traits+gtdb_distance+rrna16s
3300013833_3,0.6152676,4784649.0,0.6303557481436988,genomic_traits+gtdb_distance+rrna16s
3300029492_19,0.6152683,2075413.0,0.4079029089631799,genomic_traits+gtdb_distance+rrna16s
3300008063_2,0.61531883,4448896.0,0.4296027598757085,genomic_traits+gtdb_distance+rrna16s
3300011458_1,0.61532396,4761375.0,0.5530347851198446,genomic_traits+gtdb_distance+rrna16s
3300026299_3,0.6157163,7221203.0,0.4403263555947672,genomic_traits+gtdb_distance+rrna16s
3300026311_39,0.6157503,2591607.0,0.4207003608185963,genomic_traits+gtdb_distance+rrna16s
3300005958_4,0.6159814,1665278.0,0.359315381575929,genomic_traits+gtdb_distance
3300025471_11,0.61604744,2991448.0,0.543336872310667,genomic_traits+gtdb_distance+rrna16s
3300027784_11,0.61622596,3524712.0,0.6251001500264419,genomic_traits+gtdb_distance+rrna16s
3300012954_37,0.61623526,1560409.0,0.3781700823309786,genomic_traits+gtdb_distance
3300029311_21,0.61633134,2239593.0,0.5254226995708595,genomic_traits+gtdb_distance+rrna16s
3300029368_12,0.6163748,2566705.0,0.5526116168394888,genomic_traits+gtdb_distance+rrna16s
3300029665_15,0.61660767,1937102.0,0.5001192503027718,genomic_traits+gtdb_distance+rrna16s
3300011620_2,0.61671555,4066424.0,0.6677045974546678,genomic_traits+gtdb_distance+rrna16s
3300008708_1,0.61705416,1712391.0,0.382309881329673,genomic_traits+gtdb_distance+rrna16s
3300025861_8,0.6170598,4746954.0,0.6595751717838428,genomic_traits+gtdb_distance+rrna16s
3300029425_12,0.61711687,2366694.0,0.5322842750266827,genomic_traits+gtdb_distance+rrna16s
3300028576_40,0.6171177,2090351.0,0.4771002573252051,genomic_traits+gtdb_distance+rrna16s
3300011139_1,0.6171214,4490984.0,0.5502664894820378,genomic_traits+gtdb_distance+rrna16s
3300025503_10,0.61715263,4598812.0,0.6277523412568289,genomic_traits+gtdb_distance+rrna16s
3300027819_48,0.6172234,2757887.0,0.5853234740944788,genomic_traits+gtdb_distance+rrna16s
3300027607_15,0.6173173,6586690.0,0.6559951963732922,genomic_traits+gtdb_distance+rrna16s
3300029445_21,0.61759704,2571093.0,0.5637022853704631,genomic_traits+gtdb_distance+rrna16s
3300029491_8,0.6176107,2511981.0,0.5983425033867692,genomic_traits+gtdb_distance+rrna16s
3300024236_3,0.6176118,3191345.0,0.5559959828849592,genomic_traits+gtdb_distance
3300029710_27,0.6176236,2038328.0,0.528767695876228,genomic_traits+gtdb_distance+rrna16s
3300012223_1,0.61777925,6335211.0,0.59653261746136,genomic_traits+gtdb_distance+rrna16s
3300025659_18,0.6178964,3310936.0,0.4363083430184093,genomic_traits+gtdb_distance+rrna16s
3300029339_28,0.617931,2047265.0,0.4939580366977406,genomic_traits+gtdb_distance+rrna16s
3300005326_19,0.6180701,3508485.0,0.5903448354489188,genomic_traits+gtdb_distance+rrna16s
3300011459_2,0.6181,4924549.0,0.5512328134007805,genomic_traits+gtdb_distance+rrna16s
3300023299_6,0.6182185,1795237.0,0.5232401070165109,genomic_traits+gtdb_distance+rrna16s
3300020084_28,0.61822426,3824764.0,0.6529764973734327,genomic_traits+gtdb_distance+rrna16s
3300026253_24,0.61822766,2413733.0,0.4894530588097358,genomic_traits+gtdb_distance+rrna16s
3300020198_19,0.6182618,5182283.0,0.6525749365675321,genomic_traits+gtdb_distance+rrna16s
3300029665_10,0.618309,2251899.0,0.5876875472656633,genomic_traits+gtdb_distance+rrna16s
3300005300_16,0.6183213,1609428.0,0.3660201015516071,genomic_traits+gtdb_distance+rrna16s
3300022177_15,0.61845547,3520438.0,0.5527479819272488,genomic_traits+gtdb_distance
3300029609_26,0.618553,1928950.0,0.5318629306099173,genomic_traits+gtdb_distance+rrna16s
3300029380_37,0.61868644,1946133.0,0.4950504410541314,genomic_traits+gtdb_distance+rrna16s
3300029771_14,0.61873996,2465997.0,0.5258664142738211,genomic_traits+gtdb_distance+rrna16s
3300026522_53,0.61877227,1813537.0,0.5154750082297742,genomic_traits+gtdb_distance+rrna16s
3300029700_15,0.61891097,2527064.0,0.3804921442432799,genomic_traits+gtdb_distance+rrna16s
3300027742_34,0.6190554,1789602.0,0.5120149619859611,genomic_traits+gtdb_distance+rrna16s
3300028580_13,0.6191355,3518412.0,0.6847651724698529,genomic_traits+gtdb_distance+rrna16s
3300005858_1,0.6192115,3642823.0,0.577291018531507,genomic_traits+gtdb_distance+rrna16s
3300006294_3,0.6195846,2281514.0,0.5438055606934693,genomic_traits+gtdb_distance+rrna16s
3300013126_81,0.61966693,1682660.0,0.5345565949151938,genomic_traits+gtdb_distance+rrna16s
3300029470_12,0.6200436,2320970.0,0.4893005941481363,genomic_traits+gtdb_distance+rrna16s
3300029378_13,0.62008584,2502781.0,0.5311587390187156,genomic_traits+gtdb_distance+rrna16s
3300014521_3,0.62015474,3583415.0,0.6014726176008082,genomic_traits+gtdb_distance+rrna16s
3300027515_30,0.6201684,2551260.0,0.4526312488731058,genomic_traits+gtdb_distance+rrna16s
3300029181_2,0.6202214,5178229.0,0.5084522140677826,genomic_traits+gtdb_distance+rrna16s
3300025347_8,0.62027484,3929265.0,0.5969739887739819,genomic_traits+gtdb_distance+rrna16s
3300025419_6,0.62031335,3219741.0,0.6151528958385162,genomic_traits+gtdb_distance+rrna16s
3300008739_11,0.62044996,1988144.0,0.3940831247635986,genomic_traits+gtdb_distance+rrna16s
3300026255_2,0.62045485,9206867.0,0.6456019186548475,genomic_traits+gtdb_distance+rrna16s
3300015079_2,0.6205546,4235268.0,0.5679687802519227,genomic_traits+gtdb_distance+rrna16s
3300029611_10,0.62075305,3096085.0,0.4344867792712409,genomic_traits+gtdb_distance+rrna16s
3300011948_2,0.62079406,4488200.0,0.5724865202085468,genomic_traits+gtdb_distance+rrna16s
3300020364_5,0.62111074,3620568.0,0.6745215115418354,genomic_traits+gtdb_distance+rrna16s
3300028638_15,0.6211662,3423704.0,0.4884023268366658,genomic_traits+gtdb_distance+rrna16s
3300029894_7,0.6214676,4219700.0,0.530017536791715,genomic_traits+gtdb_distance+rrna16s
3300025775_14,0.62176025,3177583.0,0.5692389467088664,genomic_traits+gtdb_distance+rrna16s
3300027229_5,0.62181693,1706545.0,0.5451576137752008,genomic_traits+gtdb_distance+rrna16s
3300029595_22,0.6218342,2212311.0,0.4079661494247418,genomic_traits+gtdb_distance+rrna16s
3300027279_23,0.62206256,1826147.0,0.5008791734728912,genomic_traits+gtdb_distance+rrna16s
3300014628_2,0.622157,3691911.0,0.4123883268041943,genomic_traits+gtdb_distance+rrna16s
3300024940_1,0.6222123,3580694.0,0.6405518036447683,genomic_traits+gtdb_distance+rrna16s
3300015360_58,0.62223244,3346283.0,0.6015731484754876,genomic_traits+gtdb_distance+rrna16s
3300029511_5,0.62261444,5166570.0,0.574274421908539,genomic_traits+gtdb_distance+rrna16s
3300028635_7,0.62263274,4122048.0,0.6935921173164408,genomic_traits+gtdb_distance+rrna16s
3300025459_9,0.62285304,3666246.0,0.6135035674092791,genomic_traits+gtdb_distance+rrna16s
3300011979_9,0.6229425,2580053.0,0.5263395751947731,genomic_traits+gtdb_distance+rrna16s
3300029369_16,0.62301534,2266155.0,0.5332658180927606,genomic_traits+gtdb_distance+rrna16s
3300025714_14,0.62315804,2933822.0,0.60215275500695,genomic_traits+gtdb_distance+rrna16s
3300008142_19,0.62326264,2315922.0,0.458845764235583,genomic_traits+gtdb_distance+rrna16s
3300014064_2,0.6232957,4020408.0,0.3879340106775232,genomic_traits+gtdb_distance+rrna16s
3300029825_27,0.6235045,1741435.0,0.3770172300430392,genomic_traits+gtdb_distance+rrna16s
3300025912_15,0.6235226,7021919.0,0.5125960581430803,genomic_traits+gtdb_distance+rrna16s
3300027863_158,0.6236297,1666537.0,0.5041274211133626,genomic_traits+gtdb_distance+rrna16s
3300025775_17,0.6237824,2987747.0,0.6156856654864016,genomic_traits+gtdb_distance+rrna16s
3300029719_34,0.6238296,1990288.0,0.4686457437315605,genomic_traits+gtdb_distance+rrna16s
3300026978_2,0.6238443,4393000.0,0.5919480992488049,genomic_traits+gtdb_distance+rrna16s
3300008098_16,0.6238908,1888343.0,0.4868755305577429,genomic_traits+gtdb_distance+rrna16s
3300029360_20,0.6241731,2508065.0,0.5724596451846343,genomic_traits+gtdb_distance+rrna16s
3300008575_12,0.6241783,2271565.0,0.4893520546407433,genomic_traits+gtdb_distance+rrna16s
3300013499_5,0.6242529,2004437.0,0.485930962160447,genomic_traits+gtdb_distance+rrna16s
3300011881_2,0.6242897,4698845.0,0.5578062268493641,genomic_traits+gtdb_distance+rrna16s
3300029531_9,0.62450063,2849133.0,0.2927515142325753,genomic_traits+gtdb_distance+rrna16s
3300026519_24,0.62455,3009864.0,0.5926995372548394,genomic_traits+gtdb_distance+rrna16s
3300025423_2,0.624705,2292446.0,0.553213903402741,genomic_traits+gtdb_distance+rrna16s
3300025677_10,0.6248538,3355738.0,0.4886346907893286,genomic_traits+gtdb_distance+rrna16s
3300007361_16,0.624882,2522869.0,0.5658383372263879,genomic_traits+gtdb_distance+rrna16s
3300029368_10,0.62509876,2781041.0,0.5118881742484199,genomic_traits+gtdb_distance+rrna16s
3300017968_16,0.6252295,4638806.0,0.4530180826704113,genomic_traits+gtdb_distance+rrna16s
3300026971_2,0.625278,4183039.0,0.5490749667885,genomic_traits+gtdb_distance
3300028624_17,0.62531716,2718495.0,0.6430841329485616,genomic_traits+gtdb_distance+rrna16s
3300014520_6,0.6253363,2843984.0,0.5535808218330343,genomic_traits+gtdb_distance+rrna16s
3300007519_43,0.6253618,3739603.0,0.5539243069384638,genomic_traits+gtdb_distance+rrna16s
3300027276_3,0.6254157,3575992.0,0.5686002653249783,genomic_traits+gtdb_distance+rrna16s
3300029124_11,0.6255259,2180972.0,0.4617748416760967,genomic_traits+gtdb_distance+rrna16s
3300025266_7,0.62569565,3465481.0,0.5174329335523697,genomic_traits+gtdb_distance+rrna16s
3300013225_1,0.6257002,6822064.0,0.6319194601516491,genomic_traits+gtdb_distance+rrna16s
3300020137_5,0.6257268,3610342.0,0.6245920746566391,genomic_traits+gtdb_distance+rrna16s
3300029696_22,0.62583405,2019520.0,0.3716794089684677,genomic_traits+gtdb_distance+rrna16s
3300006678_8,0.6259519,2187117.0,0.4900963231505219,genomic_traits+gtdb_distance+rrna16s
3300029615_17,0.6259765,2462189.0,0.5712498106359829,genomic_traits+gtdb_distance+rrna16s
3300013631_1,0.6259825,5927380.0,0.6027243065232869,genomic_traits+gtdb_distance+rrna16s
3300029534_5,0.62609386,4826960.0,0.4511787957637934,genomic_traits+gtdb_distance+rrna16s
3300008634_22,0.6263147,1818337.0,0.4783755706450454,genomic_traits+gtdb_distance+rrna16s
3300018030_18,0.62661976,2234720.0,0.5083446695782917,genomic_traits+gtdb_distance+rrna16s
3300013132_90,0.6266797,2022665.0,0.6927672155300062,genomic_traits+gtdb_distance+rrna16s
3300013132_47,0.62670034,3168795.0,0.5778773950350212,genomic_traits+gtdb_distance+rrna16s
3300025241_2,0.6267159,4527317.0,0.6383204445370183,genomic_traits+gtdb_distance+rrna16s
3300011825_1,0.62674344,5339516.0,0.6574434836415884,genomic_traits+gtdb_distance+rrna16s
3300025859_24,0.62674594,2941474.0,0.5580589867529001,genomic_traits+gtdb_distance+rrna16s
3300029081_6,0.62684876,2806413.0,0.5515927270861416,genomic_traits+gtdb_distance+rrna16s
3300011633_1,0.6268819,5478479.0,0.6231797183123272,genomic_traits+gtdb_distance+rrna16s
3300018013_19,0.626968,2216920.0,0.5085113581004276,genomic_traits+gtdb_distance+rrna16s
3300029340_21,0.62705404,2189921.0,0.5302689001110086,genomic_traits+gtdb_distance+rrna16s
3300017532_12,0.6270866,6200036.0,0.612380315211073,genomic_traits+gtdb_distance+rrna16s
3300001096_9,0.6271361,3789931.0,0.4491203137999082,genomic_traits+gtdb_distance+rrna16s
3300029556_13,0.62714785,2897753.0,0.3816622741827892,genomic_traits+gtdb_distance+rrna16s
3300005326_20,0.62723213,3453722.0,0.4342376137975204,genomic_traits+gtdb_distance+rrna16s
3300020083_52,0.6277979,1967852.0,0.4962888469254801,genomic_traits+gtdb_distance+rrna16s
3300020197_53,0.6279335,2085239.0,0.4941212973668725,genomic_traits+gtdb_distance+rrna16s
3300029609_19,0.6280078,2346222.0,0.5827815952625114,genomic_traits+gtdb_distance+rrna16s
3300029406_4,0.62804586,4227976.0,0.4391772800980895,genomic_traits+gtdb_distance+rrna16s
3300029430_19,0.62809354,2366368.0,0.5263923447240666,genomic_traits+gtdb_distance+rrna16s
3300029421_14,0.62820065,2395566.0,0.5711547918112045,genomic_traits+gtdb_distance+rrna16s
3300020152_5,0.62822753,6948749.0,0.6387790089985982,genomic_traits+gtdb_distance+rrna16s
3300023073_1,0.6283878,5498241.0,0.665250031782892,genomic_traits+gtdb_distance+rrna16s
3300029485_8,0.6284172,3181655.0,0.5853626493130147,genomic_traits+gtdb_distance+rrna16s
3300029362_8,0.6287392,3740304.0,0.603283048650591,genomic_traits+gtdb_distance+rrna16s
3300017929_13,0.62883806,3654990.0,0.5063037108172662,genomic_traits+gtdb_distance+rrna16s
3300008744_9,0.62884104,3195366.0,0.4326374506081619,genomic_traits+gtdb_distance+rrna16s
3300029623_21,0.6288663,2229938.0,0.4500569074117755,genomic_traits+gtdb_distance+rrna16s
3300029541_18,0.6290771,2290444.0,0.5753836374082929,genomic_traits+gtdb_distance+rrna16s
3300008089_13,0.62926537,1908300.0,0.5102667295498612,genomic_traits+gtdb_distance+rrna16s
3300029723_10,0.629273,2589432.0,0.5552711946094742,genomic_traits+gtdb_distance+rrna16s
3300029613_27,0.62934834,1977987.0,0.4954749449819438,genomic_traits+gtdb_distance+rrna16s
3300029516_15,0.62940764,2257717.0,0.5206108648692462,genomic_traits+gtdb_distance+rrna16s
3300026198_11,0.62941957,2670986.0,0.6865831569315601,genomic_traits+gtdb_distance+rrna16s
3300005529_93,0.6294391,2285232.0,0.6433850042358937,genomic_traits+gtdb_distance+rrna16s
3300027536_16,0.62944716,4258214.0,0.5728112772162226,genomic_traits+gtdb_distance+rrna16s
3300026283_12,0.6297709,3156677.0,0.6699966452063356,genomic_traits+gtdb_distance+rrna16s
3300013829_7,0.62983936,2332110.0,0.507768501485779,genomic_traits+gtdb_distance+rrna16s
3300007297_7,0.6298573,2577271.0,0.380967309995728,genomic_traits+gtdb_distance+rrna16s
3300014720_19,0.6299401,4356177.0,0.6214359517531083,genomic_traits+gtdb_distance+rrna16s
3300029547_5,0.63010347,3026523.0,0.5939488977945979,genomic_traits+gtdb_distance+rrna16s
3300025469_7,0.63010883,3847167.0,0.6255974851104722,genomic_traits+gtdb_distance+rrna16s
3300014936_6,0.6301429,3901483.0,0.4420711303881114,genomic_traits+gtdb_distance+rrna16s
3300013493_4,0.6301502,3551352.0,0.4265645872332565,genomic_traits+gtdb_distance+rrna16s
3300025793_3,0.63032573,3203219.0,0.569341652881055,genomic_traits+gtdb_distance+rrna16s
3300011211_1,0.6303363,4984686.0,0.6179239775584661,genomic_traits+gtdb_distance+rrna16s
3300025161_28,0.63059765,3829300.0,0.6701697438174079,genomic_traits+gtdb_distance+rrna16s
3300020138_1,0.63065135,4815266.0,0.6115074432025147,genomic_traits+gtdb_distance+rrna16s
3300019775_5,0.63072467,4857477.0,0.7186842058130177,genomic_traits+gtdb_distance+rrna16s
3300027863_5,0.63101506,5857492.0,0.6277787489935965,genomic_traits+gtdb_distance+rrna16s
3300014557_6,0.63105106,2832337.0,0.5505640748258417,genomic_traits+gtdb_distance+rrna16s
3300025880_32,0.631404,2593342.0,0.5667204711141068,genomic_traits+gtdb_distance+rrna16s
3300014665_1,0.6314081,6339122.0,0.6574945236895583,genomic_traits+gtdb_distance+rrna16s
3300025867_14,0.6315964,4100595.0,0.6413710693204279,genomic_traits+gtdb_distance+rrna16s
3300026278_17,0.6317285,2573648.0,0.6925333223502204,genomic_traits+gtdb_distance+rrna16s
3300029572_29,0.6317612,1964344.0,0.4969099098732197,genomic_traits+gtdb_distance+rrna16s
3300025573_1,0.6318362,5728304.0,0.6515486957396116,genomic_traits+gtdb_distance+rrna16s
3300011985_15,0.631887,2239031.0,0.4509097908872186,genomic_traits+gtdb_distance+rrna16s
3300014970_3,0.63189304,4179566.0,0.466517576226814,genomic_traits+gtdb_distance+rrna16s
3300029730_8,0.6320853,3147064.0,0.5800447655338437,genomic_traits+gtdb_distance+rrna16s
3300027026_8,0.63225156,3677974.0,0.6590090087640641,genomic_traits+gtdb_distance+rrna16s
3300029873_31,0.6322584,1902370.0,0.3805963088147941,genomic_traits+gtdb_distance+rrna16s
3300022900_28,0.6324417,2153063.0,0.4397669738414528,genomic_traits+gtdb_distance+rrna16s
3300020477_24,0.6327657,3877905.0,0.643452070125493,genomic_traits+gtdb_distance+rrna16s
3300029784_15,0.63276964,2567040.0,0.5721219770630765,genomic_traits+gtdb_distance+rrna16s
3300012633_1,0.63278615,5740902.0,0.6517906071206232,genomic_traits+gtdb_distance+rrna16s
3300025861_27,0.6330184,2747000.0,0.6553309064433928,genomic_traits+gtdb_distance+rrna16s
3300029080_5,0.63306725,4588016.0,0.5069502809057336,genomic_traits+gtdb_distance+rrna16s
3300011599_2,0.6333812,4626024.0,0.6008230826299215,genomic_traits+gtdb_distance+rrna16s
3300029722_5,0.6335026,3211424.0,0.5805873033271222,genomic_traits+gtdb_distance+rrna16s
3300027976_34,0.63351756,3636058.0,0.5700690143006519,genomic_traits+gtdb_distance+rrna16s
3300029795_17,0.63354844,2648430.0,0.5625812273686674,genomic_traits+gtdb_distance+rrna16s
3300027983_31,0.63384545,2738220.0,0.5633568522616883,genomic_traits+gtdb_distance+rrna16s
3300025250_11,0.63404745,4199031.0,0.641754728650491,genomic_traits+gtdb_distance+rrna16s
3300007299_25,0.6342689,1562883.0,0.4891005916629716,genomic_traits+gtdb_distance+rrna16s
3300027344_4,0.63429165,3303537.0,0.643217557424058,genomic_traits+gtdb_distance+rrna16s
3300007206_13,0.6346298,1809907.0,0.4757647768642256,genomic_traits+gtdb_distance+rrna16s
3300027819_31,0.63463527,4034920.0,0.5574398005412746,genomic_traits+gtdb_distance+rrna16s
3300011695_1,0.6348496,5414654.0,0.6551949579788477,genomic_traits+gtdb_distance+rrna16s
3300008504_5,0.6349249,2244726.0,0.5579816868517583,genomic_traits+gtdb_distance+rrna16s
3300027653_32,0.63493145,2216776.0,0.5151372984911421,genomic_traits+gtdb_distance+rrna16s
3300025094_17,0.6349504,2918397.0,0.6056896988312419,genomic_traits+gtdb_distance+rrna16s
3300027904_14,0.63505715,2789958.0,0.5368514508103707,genomic_traits+gtdb_distance+rrna16s
3300029518_15,0.6352453,2201495.0,0.4793760603589833,genomic_traits+gtdb_distance+rrna16s
3300028482_5,0.63535005,2373230.0,0.3715775546407217,genomic_traits+gtdb_distance+rrna16s
3300026252_8,0.6357076,3745940.0,0.6659845058917121,genomic_traits+gtdb_distance+rrna16s
3300021185_15,0.63579744,4412239.0,0.4962475967416996,genomic_traits+gtdb_distance+rrna16s
3300011671_2,0.6358972,3622458.0,0.3020391126688011,genomic_traits+gtdb_distance+rrna16s
3300029417_19,0.6361185,2034082.0,0.4679698261918644,genomic_traits+gtdb_distance+rrna16s
3300029619_22,0.6361368,2093364.0,0.4970387376490663,genomic_traits+gtdb_distance+rrna16s
3300025914_23,0.63622403,4759020.0,0.5999661695054864,genomic_traits+gtdb_distance+rrna16s
3300025211_1,0.6362888,3314071.0,0.5867405978930446,genomic_traits+gtdb_distance+rrna16s
3300005512_8,0.6362908,4247389.0,0.5590771177304457,genomic_traits+gtdb_distance+rrna16s
3300029335_14,0.6363289,2442125.0,0.5542893996007575,genomic_traits+gtdb_distance+rrna16s
3300025296_6,0.6363295,4413760.0,0.5739231403610527,genomic_traits+gtdb_distance+rrna16s
3300027467_1,0.6363642,4452333.0,0.481344724215372,genomic_traits+gtdb_distance+rrna16s
3300029377_19,0.6366965,2575314.0,0.4628189028600007,genomic_traits+gtdb_distance+rrna16s
3300025686_6,0.6367972,4974264.0,0.5966619383289669,genomic_traits+gtdb_distance+rrna16s
3300025493_3,0.6369165,2587067.0,0.6209962865283349,genomic_traits+gtdb_distance+rrna16s
3300027319_4,0.6369932,3218888.0,0.643089166196525,genomic_traits+gtdb_distance+rrna16s
3300014551_10,0.6370853,1964321.0,0.5700397236500552,genomic_traits+gtdb_distance+rrna16s
3300014547_5,0.6371528,2326875.0,0.6253305398871878,genomic_traits+gtdb_distance+rrna16s
3300017788_17,0.63746226,6561538.0,0.6766125563854084,genomic_traits+gtdb_distance+rrna16s
3300027863_68,0.6377654,2933947.0,0.4248645255009719,genomic_traits+gtdb_distance+rrna16s
3300027839_4,0.6378053,11037253.0,0.5878523397080777,genomic_traits+gtdb_distance+rrna16s
3300014149_29,0.6378075,1164950.0,0.4008669899995708,genomic_traits+gtdb_distance+rrna16s
3300026977_4,0.63785666,4304004.0,0.5733266047150514,genomic_traits+gtdb_distance+rrna16s
3300029790_23,0.63795614,2219222.0,0.5138354792805767,genomic_traits+gtdb_distance+rrna16s
3300029774_10,0.63811785,3030333.0,0.5031456938890875,genomic_traits+gtdb_distance+rrna16s
3300029371_12,0.6381458,2537273.0,0.5493685543494925,genomic_traits+gtdb_distance+rrna16s
3300029009_6,0.638153,2875603.0,0.3753296265165949,genomic_traits+gtdb_distance+rrna16s
3300017963_38,0.63831306,2552474.0,0.4528676883682263,genomic_traits+gtdb_distance+rrna16s
3300014786_12,0.6384908,2657955.0,0.457351986771785,genomic_traits+gtdb_distance+rrna16s
3300011928_3,0.63854355,2483140.0,0.2695881021609736,genomic_traits+gtdb_distance+rrna16s
3300029348_14,0.63862205,2342778.0,0.5315253942114874,genomic_traits+gtdb_distance+rrna16s
3300025686_7,0.6386439,3903099.0,0.7068836839649725,genomic_traits+gtdb_distance+rrna16s
3300018004_15,0.63872993,3063689.0,0.6231415786654585,genomic_traits+gtdb_distance+rrna16s
3300029370_10,0.6387391,2764778.0,0.5073691269244764,genomic_traits+gtdb_distance+rrna16s
3300025724_40,0.6387464,2110433.0,0.3989328256334126,genomic_traits+gtdb_distance+rrna16s
3300027592_58,0.63893807,1666981.0,0.5191018973821537,genomic_traits+gtdb_distance+rrna16s
3300011493_1,0.63936585,5678548.0,0.5874920842440708,genomic_traits+gtdb_distance+rrna16s
3300028990_11,0.639386,1748210.0,0.3950034606826411,genomic_traits+gtdb_distance+rrna16s
3300011943_6,0.6394511,3096981.0,0.3755279738558292,genomic_traits+gtdb_distance+rrna16s
3300017426_26,0.6394911,3343494.0,0.6850955916176311,genomic_traits+gtdb_distance+rrna16s
3300011819_2,0.63961864,2008868.0,0.3764373766718371,genomic_traits+gtdb_distance+rrna16s
3300029240_16,0.63969845,2455377.0,0.6388293936124677,genomic_traits+gtdb_distance+rrna16s
3300014679_1,0.6397098,5126322.0,0.6036998846346366,genomic_traits+gtdb_distance+rrna16s
3300027816_12,0.6398805,3713248.0,0.6724592593869303,genomic_traits+gtdb_distance+rrna16s
3300029660_10,0.6400219,2954883.0,0.4362869866590319,genomic_traits+gtdb_distance+rrna16s
3300025304_23,0.64030856,4816052.0,0.6394480375211895,genomic_traits+gtdb_distance+rrna16s
3300017444_47,0.6405487,3342540.0,0.6449340920377916,genomic_traits+gtdb_distance+rrna16s
3300029537_16,0.6407469,2312264.0,0.5889388062954749,genomic_traits+gtdb_distance+rrna16s
3300025686_5,0.6408516,5008094.0,0.6229677398227749,genomic_traits+gtdb_distance+rrna16s
3300026088_17,0.64108413,5660217.0,0.5511974187562066,genomic_traits+gtdb_distance+rrna16s
3300029523_18,0.64108634,2570400.0,0.5498844537815126,genomic_traits+gtdb_distance+rrna16s
3300029763_14,0.64108896,2547589.0,0.5253732058036049,genomic_traits+gtdb_distance+rrna16s
3300029025_2,0.6411408,3868487.0,0.4421909650982412,genomic_traits+gtdb_distance+rrna16s
3300029383_8,0.6412031,2120809.0,0.5581822785550231,genomic_traits+gtdb_distance+rrna16s
3300006261_1,0.6415604,3138586.0,0.6549318705939554,genomic_traits+gtdb_distance+rrna16s
3300026093_7,0.6417071,3259608.0,0.6401407776640626,genomic_traits+gtdb_distance+rrna16s
3300013137_80,0.6417629,1865223.0,0.5350427267945977,genomic_traits+gtdb_distance+rrna16s
3300027510_28,0.6417887,2213028.0,0.49221970982744,genomic_traits+gtdb_distance+rrna16s
3300029303_17,0.6418581,2243347.0,0.446385690666669,genomic_traits+gtdb_distance+rrna16s
3300011694_1,0.6419159,4377246.0,0.606180689867556,genomic_traits+gtdb_distance+rrna16s
3300020692_2,0.6419495,3243380.0,0.6715247673723092,genomic_traits+gtdb_distance+rrna16s
3300029859_8,0.64216256,3098370.0,0.581386341850715,genomic_traits+gtdb_distance+rrna16s
3300029620_23,0.6422205,2497343.0,0.551593433501125,genomic_traits+gtdb_distance+rrna16s
3300007125_28,0.6423041,1485047.0,0.457198997742159,genomic_traits+gtdb_distance+rrna16s
3300025775_18,0.64238673,2939840.0,0.6054285267225428,genomic_traits+gtdb_distance+rrna16s
3300012819_6,0.64245826,4138564.0,0.6930490865913878,genomic_traits+gtdb_distance+rrna16s
3300029125_13,0.6428795,2399913.0,0.5996850719171903,genomic_traits+gtdb_distance+rrna16s
3300025472_13,0.64301246,2243732.0,0.5085651940606097,genomic_traits+gtdb_distance+rrna16s
3300013902_7,0.6430176,2353983.0,0.5208270408070067,genomic_traits+gtdb_distance+rrna16s
3300011388_1,0.64307356,4208659.0,0.5925459867382936,genomic_traits+gtdb_distance+rrna16s
3300029711_18,0.6432922,2297293.0,0.4854861787329696,genomic_traits+gtdb_distance+rrna16s
3300029621_13,0.64345646,2776221.0,0.582933779407331,genomic_traits+gtdb_distance+rrna16s
3300025683_37,0.64366,1695275.0,0.5176658654200645,genomic_traits+gtdb_distance+rrna16s
3300013132_32,0.6438068,4396770.0,0.6212474157165374,genomic_traits+gtdb_distance+rrna16s
3300013489_1,0.64385325,4546315.0,0.5911413969335605,genomic_traits+gtdb_distance+rrna16s
3300029738_19,0.64393806,2476921.0,0.6361716825042059,genomic_traits+gtdb_distance+rrna16s
3300014937_4,0.6440771,1966865.0,0.4930577340081805,genomic_traits+gtdb_distance+rrna16s
3300025691_3,0.64420706,4662024.0,0.6201744135165327,genomic_traits+gtdb_distance+rrna16s
3300020214_33,0.6443188,2611352.0,0.5943515083374435,genomic_traits+gtdb_distance+rrna16s
3300023253_5,0.6445615,3268908.0,0.3847501979254234,genomic_traits+gtdb_distance+rrna16s
3300025601_3,0.64474297,4969576.0,0.5312052778748126,genomic_traits+gtdb_distance+rrna16s
3300029612_21,0.644983,2233754.0,0.54448296455205,genomic_traits+gtdb_distance+rrna16s
3300025204_4,0.645139,3062618.0,0.5865876841316808,genomic_traits+gtdb_distance+rrna16s
3300013481_1,0.645201,5588801.0,0.5995132050684933,genomic_traits+gtdb_distance+rrna16s
3300007039_1,0.645227,2128984.0,0.3936488014940459,genomic_traits+gtdb_distance+rrna16s
3300029394_22,0.6452379,2226253.0,0.5216841931262979,genomic_traits+gtdb_distance+rrna16s
3300011545_1,0.645259,4923636.0,0.603682725530482,genomic_traits+gtdb_distance+rrna16s
3300005962_1,0.64531916,2700443.0,0.5803525569693565,genomic_traits+gtdb_distance+rrna16s
3300020198_33,0.6453834,3031668.0,0.7215179894368381,genomic_traits+gtdb_distance+rrna16s
3300011923_1,0.6454295,5301166.0,0.6359202862162777,genomic_traits+gtdb_distance+rrna16s
3300029493_19,0.6455376,2338015.0,0.5304149032405695,genomic_traits+gtdb_distance+rrna16s
3300027773_52,0.6455564,2326361.0,0.6608969974995282,genomic_traits+gtdb_distance+rrna16s
3300025861_26,0.6456913,2743481.0,0.6058981272332485,genomic_traits+gtdb_distance+rrna16s
3300018024_22,0.64575803,2237768.0,0.5083270473078532,genomic_traits+gtdb_distance+rrna16s
3300006239_1,0.645923,2156218.0,0.3658326755457936,genomic_traits+gtdb_distance+rrna16s
3300011946_3,0.6459887,4315009.0,0.631446886901047,genomic_traits+gtdb_distance+rrna16s
3300006461_3,0.64607936,2955729.0,0.6562797198254644,genomic_traits+gtdb_distance+rrna16s
3300007884_1,0.64641947,1248160.0,0.3252539738495065,genomic_traits+gtdb_distance+rrna16s
3300025114_7,0.646471,2685460.0,0.5309190976592465,genomic_traits+gtdb_distance+rrna16s
3300026280_21,0.64652926,2141886.0,0.5196639783816692,genomic_traits+gtdb_distance+rrna16s
3300026280_6,0.6465382,4334996.0,0.5804427501201846,genomic_traits+gtdb_distance+rrna16s
3300011823_2,0.64669234,4692754.0,0.5382163650598348,genomic_traits+gtdb_distance+rrna16s
3300013129_29,0.64687437,2307078.0,0.4179858678380185,genomic_traits+gtdb_distance+rrna16s
3300027899_5,0.6471738,3742317.0,0.6682365497097119,genomic_traits+gtdb_distance+rrna16s
3300025859_12,0.64722526,4344692.0,0.6918345420112634,genomic_traits+gtdb_distance+rrna16s
3300028633_13,0.6473695,3580932.0,0.570982358782574,genomic_traits+gtdb_distance+rrna16s
3300025949_29,0.64749104,5129042.0,0.5982056688169057,genomic_traits+gtdb_distance+rrna16s
3300029595_13,0.64775354,2929655.0,0.5829880992813147,genomic_traits+gtdb_distance+rrna16s
3300025711_7,0.64778507,4067489.0,0.5600978884024026,genomic_traits+gtdb_distance+rrna16s
3300029661_12,0.64790946,2718302.0,0.4664912140005047,genomic_traits+gtdb_distance+rrna16s
3300025094_25,0.6479258,2605514.0,0.3737968784662067,genomic_traits+gtdb_distance+rrna16s
3300018016_11,0.6481943,3201113.0,0.4341308788536987,genomic_traits+gtdb_distance+rrna16s
3300029873_25,0.64842683,2221982.0,0.5270843778212425,genomic_traits+gtdb_distance+rrna16s
3300027319_7,0.64894754,2771789.0,0.6527610867926815,genomic_traits+gtdb_distance+rrna16s
3300029594_22,0.6489899,2096135.0,0.4631958342377757,genomic_traits+gtdb_distance+rrna16s
3300027951_30,0.6490827,2014743.0,0.5033153111836101,genomic_traits+gtdb_distance+rrna16s
3300012889_2,0.64910734,5442368.0,0.6396825793478133,genomic_traits+gtdb_distance+rrna16s
3300029357_17,0.6491108,2362463.0,0.5726328835626209,genomic_traits+gtdb_distance+rrna16s
3300006476_1,0.6491779,6331813.0,0.42819631596827,genomic_traits+gtdb_distance+rrna16s
3300011799_4,0.64960426,3483319.0,0.6880288598316721,genomic_traits+gtdb_distance+rrna16s
3300025882_23,0.64963084,2830170.0,0.6059696060660668,genomic_traits+gtdb_distance+rrna16s
3300029573_24,0.64963645,2187332.0,0.5277945917675049,genomic_traits+gtdb_distance+rrna16s
3300020219_31,0.6498749,2709267.0,0.4853681826117544,genomic_traits+gtdb_distance+rrna16s
3300018080_36,0.6499567,3128897.0,0.5444525658722547,genomic_traits+gtdb_distance+rrna16s
3300029576_15,0.6502511,2340686.0,0.4060476287720779,genomic_traits+gtdb_distance+rrna16s
3300029821_32,0.65025294,2457078.0,0.4803848310879833,genomic_traits+gtdb_distance+rrna16s
3300026831_1,0.65035844,4453510.0,0.5938464267510346,genomic_traits+gtdb_distance+rrna16s
3300025613_16,0.650516,2697425.0,0.5175346858578088,genomic_traits+gtdb_distance+rrna16s
3300020193_11,0.65052795,6224822.0,0.5844040199061113,genomic_traits+gtdb_distance+rrna16s
3300028968_12,0.6505695,1910100.0,0.395902308779645,genomic_traits+gtdb_distance+rrna16s
3300027878_23,0.65074265,6549149.0,0.6302357756710071,genomic_traits+gtdb_distance+rrna16s
3300029508_7,0.65079087,4096753.0,0.597848344774508,genomic_traits+gtdb_distance+rrna16s
3300008716_7,0.6508635,2763756.0,0.5735405006809574,genomic_traits+gtdb_distance+rrna16s
3300007210_24,0.65105236,1651827.0,0.4702423437805533,genomic_traits+gtdb_distance+rrna16s
3300007979_16,0.65119654,1658084.0,0.454104858378707,genomic_traits+gtdb_distance+rrna16s
3300011954_1,0.6513218,4293332.0,0.5934707588418505,genomic_traits+gtdb_distance+rrna16s
3300029703_23,0.6513981,2031568.0,0.4954207784332102,genomic_traits+gtdb_distance+rrna16s
3300029399_12,0.6514865,2205779.0,0.5449893212329975,genomic_traits+gtdb_distance+rrna16s
3300011359_1,0.65149426,4302624.0,0.6297712744594927,genomic_traits+gtdb_distance+rrna16s
3300025378_1,0.6515167,2994829.0,0.4891297633354025,genomic_traits+gtdb_distance+rrna16s
3300010267_5,0.6515707,4721929.0,0.6309544256171578,genomic_traits+gtdb_distance+rrna16s
3300024299_13,0.6519532,2445595.0,0.5345508966120719,genomic_traits+gtdb_distance+rrna16s
3300025599_2,0.65201426,6621193.0,0.7051907413059851,genomic_traits+gtdb_distance+rrna16s
3300008130_8,0.6521626,2062398.0,0.5041034756627965,genomic_traits+gtdb_distance+rrna16s
3300024341_9,0.6522001,2369985.0,0.629324658172942,genomic_traits+gtdb_distance+rrna16s
3300025682_8,0.65237445,3639832.0,0.5978965512693992,genomic_traits+gtdb_distance+rrna16s
3300011627_1,0.652382,4898204.0,0.6122725799088808,genomic_traits+gtdb_distance+rrna16s
3300008472_16,0.6526543,1558985.0,0.4562603232231227,genomic_traits+gtdb_distance+rrna16s
3300025590_8,0.65275747,3187803.0,0.4602066062426065,genomic_traits+gtdb_distance+rrna16s
3300005298_3,0.65283716,2604239.0,0.4756114934151589,genomic_traits+gtdb_distance+rrna16s
3300007194_13,0.65290654,1718926.0,0.4002982094633509,genomic_traits+gtdb_distance+rrna16s
3300025105_7,0.65291303,4066404.0,0.5904632200833956,genomic_traits+gtdb_distance+rrna16s
3300008325_3,0.6533031,2433279.0,0.3197413860062902,genomic_traits+gtdb_distance+rrna16s
3300009769_9,0.6533305,4358231.0,0.6923469637107349,genomic_traits+gtdb_distance+rrna16s
3300027835_51,0.6534502,2146564.0,0.4460020758756785,genomic_traits+gtdb_distance+rrna16s
3300026311_53,0.6534863,2253809.0,0.5928514794288248,genomic_traits+gtdb_distance+rrna16s
3300009503_145,0.65362513,1656419.0,0.5041423697747973,genomic_traits+gtdb_distance+rrna16s
3300018080_31,0.6536745,3967548.0,0.5828476429270673,genomic_traits+gtdb_distance+rrna16s
3300017391_9,0.6537072,1453539.0,0.4228878619699918,genomic_traits+gtdb_distance+rrna16s
3300028633_14,0.6537151,3411131.0,0.4885068911161723,genomic_traits+gtdb_distance+rrna16s
3300029488_18,0.6538688,2400845.0,0.5734156099206738,genomic_traits+gtdb_distance+rrna16s
3300020222_73,0.65402925,2026763.0,0.6306025914228748,genomic_traits+gtdb_distance+rrna16s
3300018026_17,0.65433556,2234721.0,0.5083368348890085,genomic_traits+gtdb_distance+rrna16s
3300014016_1,0.65441173,5383048.0,0.3523481492269807,genomic_traits+gtdb_distance+rrna16s
3300025565_6,0.65449375,3444417.0,0.6886648742007718,genomic_traits+gtdb_distance+rrna16s
3300025638_2,0.6545674,5422348.0,0.6347639435904888,genomic_traits+gtdb_distance+rrna16s
3300009702_22,0.6547718,4380164.0,0.6671172586231932,genomic_traits+gtdb_distance+rrna16s
3300027322_5,0.6548135,3239724.0,0.6435572906827866,genomic_traits+gtdb_distance+rrna16s
3300017419_20,0.65506524,2065932.0,0.3621890749550324,genomic_traits+gtdb_distance+rrna16s
3300011356_2,0.65517485,3398013.0,0.3887763231041199,genomic_traits+gtdb_distance+rrna16s
3300029454_12,0.6553254,2082579.0,0.5696888329326283,genomic_traits+gtdb_distance+rrna16s
3300029104_17,0.6557464,2018390.0,0.3989204266767077,genomic_traits+gtdb_distance+rrna16s
3300020084_24,0.65592146,4653719.0,0.5767610807614297,genomic_traits+gtdb_distance+rrna16s
3300020222_39,0.65599835,3122293.0,0.5078386301349681,genomic_traits+gtdb_distance+rrna16s
3300029554_20,0.6560483,1963198.0,0.4477475017802585,genomic_traits+gtdb_distance+rrna16s
3300029656_7,0.6561087,3845146.0,0.3136655929319719,genomic_traits+gtdb_distance+rrna16s
3300025267_5,0.65613675,4592143.0,0.6048607371329682,genomic_traits+gtdb_distance+rrna16s
3300027690_13,0.65620846,4637525.0,0.5401435032695242,genomic_traits+gtdb_distance+rrna16s
3300006311_3,0.656279,3682731.0,0.5783414536657714,genomic_traits+gtdb_distance+rrna16s
3300026459_3,0.6565052,4717118.0,0.4778544865742176,genomic_traits+gtdb_distance+rrna16s
3300014093_2,0.6565493,5192223.0,0.6033084480385377,genomic_traits+gtdb_distance+rrna16s
3300007125_8,0.6566536,2388689.0,0.3987559703251448,genomic_traits+gtdb_distance+rrna16s
3300028976_4,0.656658,2890226.0,0.3756633564295664,genomic_traits+gtdb_distance+rrna16s
3300025762_11,0.65671587,3317019.0,0.4632557124333626,genomic_traits+gtdb_distance+rrna16s
3300025659_29,0.65679616,1873545.0,0.3952208246932953,genomic_traits+gtdb_distance+rrna16s
3300025603_31,0.6568069,1251472.0,0.3819158558881061,genomic_traits+gtdb_distance+rrna16s
3300006487_4,0.6571553,2524846.0,0.5536650552152488,genomic_traits+gtdb_distance+rrna16s
3300029211_19,0.6574178,1912042.0,0.3664987484584543,genomic_traits+gtdb_distance+rrna16s
3300024958_3,0.65750325,4808055.0,0.6325200106903935,genomic_traits+gtdb_distance+rrna16s
3300028971_10,0.6576096,1901226.0,0.3783600687135564,genomic_traits+gtdb_distance+rrna16s
3300026516_16,0.65761995,5989784.0,0.639495681313383,genomic_traits+gtdb_distance+rrna16s
3300029880_13,0.65769494,2996819.0,0.5785654722557485,genomic_traits+gtdb_distance+rrna16s
3300029392_10,0.65777636,2933821.0,0.5189614499316761,genomic_traits+gtdb_distance+rrna16s
3300025715_12,0.6579977,3893714.0,0.6704796500205202,genomic_traits+gtdb_distance+rrna16s
3300029607_18,0.65844727,2321203.0,0.5739691875290528,genomic_traits+gtdb_distance+rrna16s
3300019082_11,0.6586445,2974698.0,0.4345499946549196,genomic_traits+gtdb_distance+rrna16s
3300014733_1,0.6586513,4957925.0,0.6936490568130821,genomic_traits+gtdb_distance+rrna16s
3300008746_18,0.65867716,2054726.0,0.5593723932047387,genomic_traits+gtdb_distance+rrna16s
3300025469_8,0.6588714,3664265.0,0.5737128728408016,genomic_traits+gtdb_distance+rrna16s
3300028571_17,0.6589086,6256307.0,0.6083545772290266,genomic_traits+gtdb_distance+rrna16s
3300025425_7,0.65895295,2197150.0,0.3744250506337755,genomic_traits+gtdb_distance+rrna16s
3300029101_10,0.65914834,2729091.0,0.5505617071764921,genomic_traits+gtdb_distance+rrna16s
3300013131_9,0.65918607,6138388.0,0.5705945925868485,genomic_traits+gtdb_distance+rrna16s
3300029346_13,0.65941006,2343075.0,0.5719163919208732,genomic_traits+gtdb_distance+rrna16s
3300029760_12,0.65941757,2616981.0,0.5203889520023264,genomic_traits+gtdb_distance+rrna16s
3300014013_2,0.6594462,3499459.0,0.6928368070607486,genomic_traits+gtdb_distance+rrna16s
3300011749_1,0.65951777,4632183.0,0.5548630095140887,genomic_traits+gtdb_distance+rrna16s
3300029889_4,0.6595354,4731428.0,0.525722044169329,genomic_traits+gtdb_distance+rrna16s
3300005326_38,0.6597049,2606529.0,0.5842835433636073,genomic_traits+gtdb_distance+rrna16s
3300029035_8,0.6597728,2314311.0,0.5725531270429947,genomic_traits+gtdb_distance+rrna16s
3300008679_8,0.6597763,2558915.0,0.450726968265847,genomic_traits+gtdb_distance+rrna16s
3300007259_1,0.6597776,2086136.0,0.3934537345599712,genomic_traits+gtdb_distance+rrna16s
3300014626_1,0.65988165,4296526.0,0.5920748530324267,genomic_traits+gtdb_distance+rrna16s
3300025161_66,0.65995586,1756893.0,0.3069008755797877,genomic_traits+gtdb_distance+rrna16s
3300029257_9,0.6600196,3108681.0,0.5800907201478698,genomic_traits+gtdb_distance+rrna16s
3300027515_3,0.6600247,4959661.0,0.568934247723786,genomic_traits+gtdb_distance+rrna16s
3300013751_13,0.6600705,2355249.0,0.5977321293841967,genomic_traits+gtdb_distance+rrna16s
3300013365_2,0.66024244,3633915.0,0.6973445994196342,genomic_traits+gtdb_distance+rrna16s
3300013638_1,0.6602481,4210958.0,0.6321499763236774,genomic_traits+gtdb_distance+rrna16s
3300008743_8,0.6602744,2382384.0,0.5432411399673605,genomic_traits+gtdb_distance+rrna16s
3300027640_11,0.6602833,6354325.0,0.5191693846317272,genomic_traits+gtdb_distance+rrna16s
3300017480_22,0.6602893,4171769.0,0.6828355069516073,genomic_traits+gtdb_distance+rrna16s
3300029396_12,0.66036665,2493864.0,0.5261662223762001,genomic_traits+gtdb_distance+rrna16s
3300029503_10,0.66054106,2930328.0,0.5174840495671474,genomic_traits+gtdb_distance+rrna16s
3300011628_2,0.6606,4734086.0,0.6164750703726126,genomic_traits+gtdb_distance+rrna16s
3300014927_6,0.6611425,4324187.0,0.4390076099854146,genomic_traits+gtdb_distance+rrna16s
3300013884_4,0.6611601,2096344.0,0.3875213228363284,genomic_traits+gtdb_distance+rrna16s
3300025105_24,0.6612998,2916097.0,0.6352120659909462,genomic_traits+gtdb_distance+rrna16s
3300025748_23,0.6613454,2689912.0,0.6068165055213702,genomic_traits+gtdb_distance+rrna16s
3300029389_12,0.66148853,2941975.0,0.5181080736580018,genomic_traits+gtdb_distance+rrna16s
3300011900_3,0.66183823,4581974.0,0.6136276635354108,genomic_traits+gtdb_distance+rrna16s
3300010268_4,0.6618888,4711662.0,0.6311836460255426,genomic_traits+gtdb_distance+rrna16s
3300027358_4,0.6623929,3424760.0,0.6434278606384097,genomic_traits+gtdb_distance+rrna16s
3300008278_10,0.66258353,1709523.0,0.2959726192628002,genomic_traits+gtdb_distance+rrna16s
3300020477_6,0.6630158,7844673.0,0.5656985319846984,genomic_traits+gtdb_distance+rrna16s
3300027896_24,0.6630266,4359693.0,0.6361319478229316,genomic_traits+gtdb_distance+rrna16s
3300007978_9,0.66304773,1710343.0,0.3663949278010317,genomic_traits+gtdb_distance+rrna16s
3300025613_6,0.66325414,3575021.0,0.6372426903226582,genomic_traits+gtdb_distance+rrna16s
3300026122_2,0.6634609,3056268.0,0.7132430794681618,genomic_traits+gtdb_distance+rrna16s
3300025681_7,0.6635076,3263569.0,0.4674695096074267,genomic_traits+gtdb_distance+rrna16s
3300029775_15,0.6635865,2346656.0,0.4747947717944172,genomic_traits+gtdb_distance+rrna16s
3300017532_29,0.6636992,3688924.0,0.5908690447404176,genomic_traits+gtdb_distance+rrna16s
3300025094_15,0.66388965,3136562.0,0.6517961385746559,genomic_traits+gtdb_distance+rrna16s
3300029376_23,0.66393685,1968648.0,0.4448906051259544,genomic_traits+gtdb_distance+rrna16s
3300006460_20,0.6640208,1724641.0,0.451642399780592,genomic_traits+gtdb_distance+rrna16s
3300027867_8,0.6643653,4063560.0,0.6699295691462659,genomic_traits+gtdb_distance+rrna16s
3300027509_28,0.6645462,2978956.0,0.5599203210789283,genomic_traits+gtdb_distance+rrna16s
3300029419_11,0.664697,3130703.0,0.4990163551125737,genomic_traits+gtdb_distance+rrna16s
3300029135_15,0.6649016,2841552.0,0.516786953045378,genomic_traits+gtdb_distance+rrna16s
3300027835_59,0.6649155,1954465.0,0.4098471960357438,genomic_traits+gtdb_distance+rrna16s
3300029749_15,0.6650881,3059044.0,0.5809491462038467,genomic_traits+gtdb_distance+rrna16s
3300029329_13,0.66519713,2876133.0,0.5151319497394592,genomic_traits+gtdb_distance+rrna16s
3300013908_1,0.66532683,4384855.0,0.6293263973381104,genomic_traits+gtdb_distance+rrna16s
3300005274_9,0.6654176,1932515.0,0.4735668287180177,genomic_traits+gtdb_distance+rrna16s
3300013986_2,0.66554224,4172209.0,0.6673855504362317,genomic_traits+gtdb_distance+rrna16s
3300029550_7,0.6659083,2626210.0,0.5414452766534283,genomic_traits+gtdb_distance+rrna16s
3300011578_2,0.6660257,4794009.0,0.6134070670288687,genomic_traits+gtdb_distance+rrna16s
3300025609_25,0.6660652,2108553.0,0.488185025465331,genomic_traits+gtdb_distance+rrna16s
3300027328_16,0.6661009,3639674.0,0.6312623053603152,genomic_traits+gtdb_distance+rrna16s
3300011596_4,0.6661638,2890387.0,0.3796709575568946,genomic_traits+gtdb_distance+rrna16s
3300014841_1,0.6661796,4831253.0,0.617232630955158,genomic_traits+gtdb_distance+rrna16s
3300025695_19,0.66628605,2172828.0,0.4953944812935032,genomic_traits+gtdb_distance+rrna16s
3300011751_2,0.6664354,5112769.0,0.6129068221153743,genomic_traits+gtdb_distance+rrna16s
3300029612_13,0.6664674,2884249.0,0.5823006266102545,genomic_traits+gtdb_distance+rrna16s
3300011985_18,0.6664769,2173388.0,0.5565780247245314,genomic_traits+gtdb_distance+rrna16s
3300029360_34,0.66659886,1949836.0,0.5235122338494109,genomic_traits+gtdb_distance+rrna16s
3300029821_35,0.66666615,2010997.0,0.5252673176538801,genomic_traits+gtdb_distance+rrna16s
3300025105_13,0.66678673,3360593.0,0.6462990311531328,genomic_traits+gtdb_distance+rrna16s
3300020203_17,0.66685325,3474223.0,0.4964286978699985,genomic_traits+gtdb_distance+rrna16s
3300027391_9,0.66689473,5036645.0,0.4016842560871373,genomic_traits+gtdb_distance+rrna16s
3300008481_7,0.6672944,2695685.0,0.5118342833083243,genomic_traits+gtdb_distance+rrna16s
3300008154_14,0.66747314,1526394.0,0.3711368100241484,genomic_traits+gtdb_distance+rrna16s
3300011575_5,0.66748357,2568137.0,0.4383239679191569,genomic_traits+gtdb_distance+rrna16s
3300014039_11,0.6675362,2387943.0,0.5194273900172659,genomic_traits+gtdb_distance+rrna16s
3300011526_2,0.6675713,4418143.0,0.6281406011530184,genomic_traits+gtdb_distance+rrna16s
3300029538_8,0.66760266,2883136.0,0.5181444787897622,genomic_traits+gtdb_distance+rrna16s
3300002481_18,0.667609,1836278.0,0.6290730488520802,genomic_traits+gtdb_distance+rrna16s
3300007299_13,0.66761124,2327867.0,0.5722792582222266,genomic_traits+gtdb_distance+rrna16s
3300029788_27,0.6676887,2073192.0,0.5896955033590714,genomic_traits+gtdb_distance+rrna16s
3300025708_9,0.66791636,4371552.0,0.661557268448368,genomic_traits+gtdb_distance+rrna16s
3300008585_11,0.6681739,1836695.0,0.4694502897868182,genomic_traits+gtdb_distance+rrna16s
3300029823_13,0.6681757,2095276.0,0.4368049841643774,genomic_traits+gtdb_distance+rrna16s
3300027863_84,0.6682855,2569578.0,0.4525093225424564,genomic_traits+gtdb_distance+rrna16s
3300008622_11,0.6682908,2315495.0,0.6021390674564187,genomic_traits+gtdb_distance+rrna16s
3300027815_35,0.66832966,2623342.0,0.5023054561700304,genomic_traits+gtdb_distance+rrna16s
3300029706_21,0.66841334,1921313.0,0.3654516468685737,genomic_traits+gtdb_distance+rrna16s
3300026252_3,0.6685954,5250509.0,0.6437556815920132,genomic_traits+gtdb_distance+rrna16s
3300025775_6,0.6688285,4023950.0,0.589595298152313,genomic_traits+gtdb_distance+rrna16s
3300027789_2,0.66890764,7146534.0,0.502908542798509,genomic_traits+gtdb_distance+rrna16s
3300012921_7,0.66891104,6616664.0,0.4994069519020461,genomic_traits+gtdb_distance+rrna16s
3300000145_1,0.66893774,3834812.0,0.6594941290472649,genomic_traits+gtdb_distance+rrna16s
3300029563_5,0.66909236,4475181.0,0.4524071763801285,genomic_traits+gtdb_distance+rrna16s
3300029815_24,0.6693066,2109689.0,0.5170662595292481,genomic_traits+gtdb_distance+rrna16s
3300029406_14,0.6694643,2360936.0,0.5727020978120542,genomic_traits+gtdb_distance+rrna16s
3300029405_11,0.6695329,2476782.0,0.5103384149271111,genomic_traits+gtdb_distance+rrna16s
3300011990_10,0.669692,2457594.0,0.4492344952014043,genomic_traits+gtdb_distance+rrna16s
3300024294_14,0.66974986,1988412.0,0.694793131403351,genomic_traits+gtdb_distance+rrna16s
3300025724_4,0.6697813,4400953.0,0.6918649210750489,genomic_traits+gtdb_distance+rrna16s
3300029408_12,0.669844,2275507.0,0.5452187138954088,genomic_traits+gtdb_distance+rrna16s
3300025438_17,0.66995156,1276205.0,0.3812334225300794,genomic_traits+gtdb_distance+rrna16s
3300029473_10,0.67006934,2391301.0,0.5426418506076818,genomic_traits+gtdb_distance+rrna16s
3300008518_7,0.670074,2247256.0,0.558910066320882,genomic_traits+gtdb_distance+rrna16s
3300014513_4,0.67011034,3008433.0,0.4661403461536288,genomic_traits+gtdb_distance+rrna16s
3300020153_23,0.67042285,3021975.0,0.6124875288511652,genomic_traits+gtdb_distance+rrna16s
3300029605_18,0.67075557,1852915.0,0.4703442953400453,genomic_traits+gtdb_distance+rrna16s
3300029046_7,0.67089045,2834669.0,0.4913600141674389,genomic_traits+gtdb_distance+rrna16s
3300014963_48,0.6709383,1784842.0,0.470018074428997,genomic_traits+gtdb_distance+rrna16s
3300027386_23,0.6709531,3082840.0,0.6570613460315813,genomic_traits+gtdb_distance+rrna16s
3300020603_41,0.6710016,3215016.0,0.5563617723830924,genomic_traits+gtdb_distance+rrna16s
3300007654_18,0.6711587,1886815.0,0.5104305403550428,genomic_traits+gtdb_distance+rrna16s
3300011514_1,0.6716143,4565131.0,0.6143784263803164,genomic_traits+gtdb_distance+rrna16s
3300026157_10,0.6716351,3525422.0,0.6135447047190379,genomic_traits+gtdb_distance+rrna16s
3300017929_20,0.6717795,2217308.0,0.509204855617713,genomic_traits+gtdb_distance+rrna16s
3300025597_18,0.67187256,2574814.0,0.3934952194605124,genomic_traits+gtdb_distance+rrna16s
3300007111_10,0.67206883,2251397.0,0.5322828448292327,genomic_traits+gtdb_distance+rrna16s
3300029494_18,0.67211807,2325629.0,0.534479489204856,genomic_traits+gtdb_distance+rrna16s
3300029710_14,0.67243975,3037220.0,0.5803346481321735,genomic_traits+gtdb_distance+rrna16s
3300013717_2,0.6725886,4710483.0,0.6094084194763042,genomic_traits+gtdb_distance+rrna16s
3300021341_8,0.672594,8502788.0,0.4561780206680444,genomic_traits+gtdb_distance+rrna16s
3300014064_1,0.67261153,4347330.0,0.6567638067503502,genomic_traits+gtdb_distance+rrna16s
3300020074_54,0.67276675,2145306.0,0.5015484970442445,genomic_traits+gtdb_distance+rrna16s
3300014026_15,0.67287767,2272784.0,0.4576294975677407,genomic_traits+gtdb_distance+rrna16s
3300027819_74,0.67288893,1929468.0,0.4877163031467741,genomic_traits+gtdb_distance+rrna16s
3300011750_2,0.6730403,4045847.0,0.5643265798237056,genomic_traits+gtdb_distance+rrna16s
3300011491_1,0.6730961,4543850.0,0.6287738371645191,genomic_traits+gtdb_distance+rrna16s
3300028564_27,0.6731533,2655561.0,0.5177956748122148,genomic_traits+gtdb_distance+rrna16s
3300027980_30,0.67317665,3770678.0,0.6755140587448729,genomic_traits+gtdb_distance+rrna16s
3300009784_13,0.6731886,4354579.0,0.5720284325993397,genomic_traits+gtdb_distance+rrna16s
3300018428_22,0.67320675,3461083.0,0.7031599646700181,genomic_traits+gtdb_distance+rrna16s
3300005529_78,0.67331403,2933052.0,0.5697246417724608,genomic_traits+gtdb_distance+rrna16s
3300011656_1,0.6733626,4246811.0,0.6313374906488657,genomic_traits+gtdb_distance+rrna16s
3300029402_12,0.6733901,2473939.0,0.5116997630095164,genomic_traits+gtdb_distance+rrna16s
3300028638_13,0.67351514,3546580.0,0.6380919082609161,genomic_traits+gtdb_distance+rrna16s
3300007270_4,0.6735482,1791143.0,0.3032253706152998,genomic_traits+gtdb_distance+rrna16s
3300018035_6,0.67366165,3498596.0,0.4380588670426651,genomic_traits+gtdb_distance+rrna16s
3300027007_9,0.6738915,3016269.0,0.6260661764583995,genomic_traits+gtdb_distance+rrna16s
3300029367_12,0.67390245,1585158.0,0.3930232822217091,genomic_traits+gtdb_distance+rrna16s
3300025303_17,0.67400914,4837679.0,0.6396094077345769,genomic_traits+gtdb_distance+rrna16s
3300025571_18,0.6741678,3818696.0,0.7090244942252538,genomic_traits+gtdb_distance+rrna16s
3300029320_11,0.6742735,2492218.0,0.5261485953475981,genomic_traits+gtdb_distance+rrna16s
3300028912_3,0.674421,2876744.0,0.4666981142569516,genomic_traits+gtdb_distance+rrna16s
3300025913_28,0.6744254,6331186.0,0.5938686685243492,genomic_traits+gtdb_distance+rrna16s
3300029749_28,0.6746873,2045064.0,0.6252097733860652,genomic_traits+gtdb_distance+rrna16s
3300026533_6,0.67492294,2356759.0,0.436037371661676,genomic_traits+gtdb_distance+rrna16s
3300029111_13,0.6749919,2173802.0,0.3967560062968016,genomic_traits+gtdb_distance+rrna16s
3300008274_8,0.6753924,1731434.0,0.3968121222062175,genomic_traits+gtdb_distance+rrna16s
3300011535_1,0.67544645,5804179.0,0.6437053371372592,genomic_traits+gtdb_distance+rrna16s
3300027386_25,0.6756633,2757194.0,0.5610493857160577,genomic_traits+gtdb_distance+rrna16s
3300028628_12,0.6756882,3480009.0,0.5710680633297213,genomic_traits+gtdb_distance+rrna16s
3300027970_27,0.6758924,3077047.0,0.5993954593478747,genomic_traits+gtdb_distance+rrna16s
3300027393_1,0.675894,2889456.0,0.5694719005930529,genomic_traits+gtdb_distance
3300029728_13,0.67611605,2815409.0,0.5792455021632736,genomic_traits+gtdb_distance+rrna16s
3300029686_15,0.6762367,2698532.0,0.5530062270893953,genomic_traits+gtdb_distance+rrna16s
3300020578_62,0.67650175,2064841.0,0.4952763917415433,genomic_traits+gtdb_distance+rrna16s
3300027835_36,0.6766385,2552072.0,0.5962946970148177,genomic_traits+gtdb_distance+rrna16s
3300011786_2,0.67664486,4352229.0,0.629829220842929,genomic_traits+gtdb_distance+rrna16s
3300029434_23,0.6766852,2484658.0,0.5280936048341461,genomic_traits+gtdb_distance+rrna16s
3300025377_6,0.67685443,2888522.0,0.5331003191251443,genomic_traits+gtdb_distance+rrna16s
3300005326_11,0.67701966,4318016.0,0.5339567986779113,genomic_traits+gtdb_distance+rrna16s
3300011852_4,0.67748153,3772854.0,0.6947589278567365,genomic_traits+gtdb_distance+rrna16s
3300025251_6,0.6775836,4343514.0,0.448706047683972,genomic_traits+gtdb_distance+rrna16s
3300029839_8,0.6778738,2547948.0,0.5648145095582798,genomic_traits+gtdb_distance+rrna16s
3300015198_6,0.67795086,5050201.0,0.6839294119184564,genomic_traits+gtdb_distance+rrna16s
3300025615_5,0.6779811,6004234.0,0.7074539400030045,genomic_traits+gtdb_distance+rrna16s
3300029441_11,0.67818886,2965004.0,0.5825432275976693,genomic_traits+gtdb_distance+rrna16s
3300027547_1,0.6782601,2842749.0,0.5703760690796127,genomic_traits+gtdb_distance
3300029361_16,0.67854637,2355374.0,0.5122477364528946,genomic_traits+gtdb_distance+rrna16s
3300014572_5,0.67866343,2405691.0,0.6242738572825853,genomic_traits+gtdb_distance+rrna16s
3300027976_22,0.6786894,4732288.0,0.6223306780990506,genomic_traits+gtdb_distance+rrna16s
3300011549_3,0.6787076,2006854.0,0.375451328297923,genomic_traits+gtdb_distance+rrna16s
3300029853_19,0.6788046,2060143.0,0.4453287951370366,genomic_traits+gtdb_distance+rrna16s
3300029711_22,0.67886704,2155505.0,0.5304112029431618,genomic_traits+gtdb_distance+rrna16s
3300027976_14,0.67898244,5392624.0,0.6613919309041387,genomic_traits+gtdb_distance+rrna16s
3300013017_2,0.67902696,3906500.0,0.6220821707410725,genomic_traits+gtdb_distance+rrna16s
3300011835_2,0.679139,5230093.0,0.6354307657626738,genomic_traits+gtdb_distance+rrna16s
3300025708_10,0.67923313,4357785.0,0.545861257496641,genomic_traits+gtdb_distance+rrna16s
3300029567_15,0.67938733,2815270.0,0.367259268205181,genomic_traits+gtdb_distance+rrna16s
3300023088_6,0.67946213,3667302.0,0.4366959688621226,genomic_traits+gtdb_distance+rrna16s
3300022181_37,0.6798859,2669670.0,0.5059524210857522,genomic_traits+gtdb_distance+rrna16s
3300029039_15,0.68007886,2089363.0,0.3433993997213505,genomic_traits+gtdb_distance+rrna16s
3300020186_28,0.68034554,2729943.0,0.48541965894526,genomic_traits+gtdb_distance+rrna16s
3300027806_20,0.68046814,3590232.0,0.7260355319656223,genomic_traits+gtdb_distance+rrna16s
3300021093_47,0.68078685,2217258.0,0.6410873249752622,genomic_traits+gtdb_distance+rrna16s
3300029397_6,0.68081427,4295870.0,0.6873126980099491,genomic_traits+gtdb_distance+rrna16s
3300029713_32,0.6808627,1898186.0,0.4938162013627747,genomic_traits+gtdb_distance+rrna16s
3300023022_1,0.68092453,2464486.0,0.5492159419854687,genomic_traits+gtdb_distance+rrna16s
3300011369_2,0.6811532,4851504.0,0.6167349341565007,genomic_traits+gtdb_distance+rrna16s
3300029564_25,0.681298,1817038.0,0.624835033719713,genomic_traits+gtdb_distance+rrna16s
3300029360_39,0.6815961,1655905.0,0.3733251605617472,genomic_traits+gtdb_distance+rrna16s
3300025776_5,0.6816139,1683015.0,0.5098991987593694,genomic_traits+gtdb_distance+rrna16s
3300025548_6,0.68177235,3392814.0,0.487036129890999,genomic_traits+gtdb_distance+rrna16s
3300029727_15,0.6818448,2289314.0,0.5662530347518951,genomic_traits+gtdb_distance+rrna16s
3300008328_10,0.68198085,1896394.0,0.3940979564373226,genomic_traits+gtdb_distance+rrna16s
3300029605_15,0.6820761,2191527.0,0.5676247657455281,genomic_traits+gtdb_distance+rrna16s
3300011756_3,0.6823073,4491817.0,0.6162270190437411,genomic_traits+gtdb_distance+rrna16s
3300027239_3,0.6824352,2282139.0,0.5152845641742243,genomic_traits+gtdb_distance+rrna16s
3300001683_29,0.6824443,2781144.0,0.6334432880857661,genomic_traits+gtdb_distance+rrna16s
3300009503_126,0.6825201,1957137.0,0.4963909016078077,genomic_traits+gtdb_distance+rrna16s
3300029315_14,0.6825251,2259000.0,0.544643204957946,genomic_traits+gtdb_distance+rrna16s
3300029511_16,0.68256474,2204654.0,0.4591287340326418,genomic_traits+gtdb_distance+rrna16s
3300021407_5,0.68270516,5896629.0,0.5324833900860984,genomic_traits+gtdb_distance+rrna16s
3300020578_54,0.6828678,2342559.0,0.5839434567069602,genomic_traits+gtdb_distance+rrna16s
3300029353_8,0.68317467,3033954.0,0.2946686073684703,genomic_traits+gtdb_distance+rrna16s
3300029236_17,0.68339956,2179904.0,0.5704095226211796,genomic_traits+gtdb_distance+rrna16s
3300029696_14,0.6834593,2580530.0,0.6503636849794422,genomic_traits+gtdb_distance+rrna16s
3300014610_4,0.6837092,3139004.0,0.4277344023773146,genomic_traits+gtdb_distance+rrna16s
3300029323_6,0.68376,2656694.0,0.573329860345226,genomic_traits+gtdb_distance+rrna16s
3300008143_12,0.6837768,1760666.0,0.3693738619363355,genomic_traits+gtdb_distance+rrna16s
3300022916_23,0.6837865,2476585.0,0.4365858631946814,genomic_traits+gtdb_distance+rrna16s
3300013900_2,0.68381214,3309311.0,0.461490926661169,genomic_traits+gtdb_distance+rrna16s
3300029331_14,0.6839636,2941349.0,0.5287026463027679,genomic_traits+gtdb_distance+rrna16s
3300029491_20,0.6840174,1846446.0,0.6203484965170928,genomic_traits+gtdb_distance+rrna16s
3300025488_8,0.6840974,2855918.0,0.4359820555071959,genomic_traits+gtdb_distance+rrna16s
3300011947_2,0.6840975,4675055.0,0.6305925812637498,genomic_traits+gtdb_distance+rrna16s
3300029441_41,0.6841714,1210827.0,0.2622719843544949,genomic_traits+gtdb_distance+rrna16s
3300027848_23,0.68421257,5447626.0,0.6114568070568721,genomic_traits+gtdb_distance+rrna16s
3300021341_23,0.6843252,1798187.0,0.454173564818342,genomic_traits+gtdb_distance+rrna16s
3300011639_1,0.68445826,4152070.0,0.6307624871449663,genomic_traits+gtdb_distance+rrna16s
3300025253_7,0.6846698,5407265.0,0.637288906683878,genomic_traits+gtdb_distance+rrna16s
3300026250_9,0.6846806,3750450.0,0.6663011105334027,genomic_traits+gtdb_distance+rrna16s
3300029324_9,0.6848009,2474149.0,0.5723175928369714,genomic_traits+gtdb_distance+rrna16s
3300029720_28,0.68494827,2172368.0,0.5333037496409448,genomic_traits+gtdb_distance+rrna16s
3300024964_8,0.6849971,1909550.0,0.4043591422062789,genomic_traits+gtdb_distance+rrna16s
3300026262_7,0.6850431,2924738.0,0.5836057793894701,genomic_traits+gtdb_distance+rrna16s
3300029005_11,0.6853268,1792073.0,0.3450473278711302,genomic_traits+gtdb_distance+rrna16s
3300011981_8,0.6853375,2727730.0,0.3791786577117236,genomic_traits+gtdb_distance+rrna16s
3300013823_1,0.68548644,4356493.0,0.6294542422081247,genomic_traits+gtdb_distance+rrna16s
3300011715_3,0.6856285,4567136.0,0.6288203372967216,genomic_traits+gtdb_distance+rrna16s
3300029884_10,0.6858329,2711672.0,0.5705225410742892,genomic_traits+gtdb_distance+rrna16s
3300011586_2,0.6861216,4842644.0,0.5561387539534188,genomic_traits+gtdb_distance+rrna16s
3300029668_9,0.6861966,2895021.0,0.5187185170677518,genomic_traits+gtdb_distance+rrna16s
3300011857_2,0.6864643,4607134.0,0.6287722475621503,genomic_traits+gtdb_distance+rrna16s
3300029839_5,0.6866635,2998460.0,0.5828018382769822,genomic_traits+gtdb_distance+rrna16s
3300008734_10,0.68668026,2496893.0,0.4519612975005336,genomic_traits+gtdb_distance+rrna16s
3300024960_3,0.68682575,3567186.0,0.6417498274550304,genomic_traits+gtdb_distance+rrna16s
3300023174_50,0.6868479,2096732.0,0.5204947508789869,genomic_traits+gtdb_distance
3300020152_7,0.6868589,5475305.0,0.3812571171834263,genomic_traits+gtdb_distance+rrna16s
3300027391_11,0.687152,4290341.0,0.680877114429832,genomic_traits+gtdb_distance+rrna16s
3300021561_20,0.6872661,4107694.0,0.577117721037643,genomic_traits+gtdb_distance+rrna16s
3300011583_1,0.6872766,5352692.0,0.6443311141384559,genomic_traits+gtdb_distance+rrna16s
2061766007_144,0.6874335,1398911.0,0.4524455093998117,genomic_traits+gtdb_distance+rrna16s
3300027515_19,0.68747973,3182072.0,0.6577557013166264,genomic_traits+gtdb_distance+rrna16s
3300025689_43,0.68755555,1868217.0,0.3610394295737593,genomic_traits+gtdb_distance+rrna16s
3300013004_12,0.68797624,4307129.0,0.5740954125126041,genomic_traits+gtdb_distance+rrna16s
3300017400_7,0.68799746,1795513.0,0.4324452120368942,genomic_traits+gtdb_distance+rrna16s
3300005985_26,0.6881251,3922422.0,0.592372773760702,genomic_traits+gtdb_distance+rrna16s
3300029792_2,0.6881609,3924293.0,0.5510806659951232,genomic_traits+gtdb_distance
3300011976_15,0.6881781,2212995.0,0.4344975926289937,genomic_traits+gtdb_distance+rrna16s
3300017389_5,0.6882127,2506895.0,0.5943176718610074,genomic_traits+gtdb_distance+rrna16s
3300001095_3,0.6883537,5016989.0,0.5488786202242022,genomic_traits+gtdb_distance+rrna16s
3300013935_3,0.6883644,3291009.0,0.3754587119026414,genomic_traits+gtdb_distance+rrna16s
3300027826_17,0.6884456,4677741.0,0.6850422030634018,genomic_traits+gtdb_distance+rrna16s
3300025854_1,0.68850386,4170630.0,0.6143959066136291,genomic_traits+gtdb_distance+rrna16s
3300029557_15,0.68855184,2461361.0,0.5273517375143264,genomic_traits+gtdb_distance+rrna16s
3300029668_5,0.68880224,3465273.0,0.5147756035383071,genomic_traits+gtdb_distance+rrna16s
3300028640_11,0.6890324,3408660.0,0.4884057078148011,genomic_traits+gtdb_distance+rrna16s
3300029343_30,0.689083,1950228.0,0.4938781516827776,genomic_traits+gtdb_distance+rrna16s
3300025706_4,0.6895316,6437788.0,0.5931094655493471,genomic_traits+gtdb_distance+rrna16s
3300025275_8,0.6895947,3278065.0,0.5894739732128558,genomic_traits+gtdb_distance+rrna16s
3300029490_27,0.6901968,2122187.0,0.4761423003722104,genomic_traits+gtdb_distance+rrna16s
3300014832_10,0.6905894,3384584.0,0.6261336696031181,genomic_traits+gtdb_distance+rrna16s
3300025936_11,0.6906081,4881565.0,0.7094929597372973,genomic_traits+gtdb_distance+rrna16s
3300017400_3,0.6906463,2683674.0,0.5230408015280544,genomic_traits+gtdb_distance+rrna16s
3300028086_2,0.6910488,2132606.0,0.6005277111665258,genomic_traits+gtdb_distance+rrna16s
3300029735_13,0.69107,2666658.0,0.5801358854416276,genomic_traits+gtdb_distance+rrna16s
3300026302_8,0.6913652,5602835.0,0.4960499461433363,genomic_traits+gtdb_distance+rrna16s
3300017991_26,0.6915074,4418871.0,0.4839991934591438,genomic_traits+gtdb_distance+rrna16s
3300025861_16,0.691601,3846124.0,0.6178986948938724,genomic_traits+gtdb_distance+rrna16s
3300022181_29,0.69173706,3126899.0,0.5168049879449256,genomic_traits+gtdb_distance+rrna16s
3300027848_38,0.6917706,3948699.0,0.5529899848025894,genomic_traits+gtdb_distance+rrna16s
3300011209_1,0.6918235,5702574.0,0.6093548281881129,genomic_traits+gtdb_distance+rrna16s
3300017788_40,0.6919398,3857879.0,0.6432316824866721,genomic_traits+gtdb_distance+rrna16s
3300009824_14,0.69199175,3808680.0,0.6145026623397083,genomic_traits+gtdb_distance+rrna16s
3300029292_20,0.6920778,1926156.0,0.5364970438531459,genomic_traits+gtdb_distance+rrna16s
3300029616_19,0.69218165,2572236.0,0.5298930580242248,genomic_traits+gtdb_distance+rrna16s
3300029617_31,0.69236207,1835936.0,0.5727819488261029,genomic_traits+gtdb_distance+rrna16s
3300014588_1,0.6926014,5294296.0,0.6271893373547682,genomic_traits+gtdb_distance+rrna16s
3300014807_14,0.6926488,1889427.0,0.4869328108468864,genomic_traits+gtdb_distance+rrna16s
3300011230_1,0.6927161,4723704.0,0.6182258668197669,genomic_traits+gtdb_distance+rrna16s
3300025528_8,0.6929406,3719098.0,0.7091837859610045,genomic_traits+gtdb_distance+rrna16s
3300029105_10,0.6930645,2313288.0,0.5546953081501309,genomic_traits+gtdb_distance+rrna16s
3300024306_3,0.6931287,2120469.0,0.694670848760345,genomic_traits+gtdb_distance+rrna16s
3300027386_19,0.69361764,3532868.0,0.6215109084177501,genomic_traits+gtdb_distance+rrna16s
3300029769_9,0.69415516,2818754.0,0.5313670508316796,genomic_traits+gtdb_distance+rrna16s
3300027592_38,0.6942013,3031057.0,0.5205563603719758,genomic_traits+gtdb_distance+rrna16s
3300011216_1,0.6943394,4779704.0,0.6295335443366368,genomic_traits+gtdb_distance+rrna16s
3300014949_5,0.69440275,2951524.0,0.5834602734045191,genomic_traits+gtdb_distance+rrna16s
3300029700_19,0.6944182,2230000.0,0.5641152466367713,genomic_traits+gtdb_distance+rrna16s
3300011776_3,0.69463557,4060743.0,0.6324317988112028,genomic_traits+gtdb_distance+rrna16s
3300024353_43,0.69497937,2080613.0,0.5440040987920387,genomic_traits+gtdb_distance+rrna16s
3300011165_2,0.69511706,4280743.0,0.6315667630595904,genomic_traits+gtdb_distance+rrna16s
3300015061_1,0.69523597,4076592.0,0.5819687130819077,genomic_traits+gtdb_distance+rrna16s
3300011690_1,0.6952616,6214230.0,0.6504562914472106,genomic_traits+gtdb_distance+rrna16s
3300029603_10,0.69533855,2995094.0,0.5828050805751005,genomic_traits+gtdb_distance+rrna16s
3300005962_4,0.69540614,1905885.0,0.3750173803770951,genomic_traits+gtdb_distance+rrna16s
3300026549_27,0.69546235,3483389.0,0.4436205660636811,genomic_traits+gtdb_distance+rrna16s
3300011887_3,0.6954655,4226319.0,0.6315741902113873,genomic_traits+gtdb_distance+rrna16s
3300029128_16,0.69635576,2385646.0,0.5874316642117062,genomic_traits+gtdb_distance+rrna16s
3300029556_6,0.69636536,3068615.0,0.2735207903239735,genomic_traits+gtdb_distance+rrna16s
3300028114_16,0.69647115,4052273.0,0.4654212586368194,genomic_traits+gtdb_distance+rrna16s
3300026302_10,0.6966143,4450254.0,0.6612350665827164,genomic_traits+gtdb_distance+rrna16s
3300029369_13,0.696845,2503273.0,0.5514360599103654,genomic_traits+gtdb_distance+rrna16s
3300029902_8,0.6969096,5119747.0,0.5487876647029628,genomic_traits+gtdb_distance+rrna16s
3300007316_15,0.696927,1845374.0,0.2957546817067976,genomic_traits+gtdb_distance+rrna16s
3300028398_24,0.6970541,2170828.0,0.3920628442234944,genomic_traits+gtdb_distance+rrna16s
3300025677_9,0.6971294,3677488.0,0.636671825985564,genomic_traits+gtdb_distance+rrna16s
3300025689_39,0.69737774,2293825.0,0.478536069665297,genomic_traits+gtdb_distance+rrna16s
3300011955_2,0.697793,7181185.0,0.6622182829157026,genomic_traits+gtdb_distance+rrna16s
3300025714_9,0.6978094,3747830.0,0.6357150671188394,genomic_traits+gtdb_distance+rrna16s
3300020139_8,0.697822,2978651.0,0.6128515895282798,genomic_traits+gtdb_distance+rrna16s
3300026284_6,0.69785947,4066895.0,0.7074173294368308,genomic_traits+gtdb_distance+rrna16s
3300007320_5,0.69788927,2737424.0,0.4464456364815973,genomic_traits+gtdb_distance+rrna16s
3300018020_20,0.6979032,2570061.0,0.5056837172347272,genomic_traits+gtdb_distance+rrna16s
3300021424_32,0.6979531,2270339.0,0.5851421307566843,genomic_traits+gtdb_distance+rrna16s
3300011905_2,0.6981163,4124448.0,0.6323350421680671,genomic_traits+gtdb_distance+rrna16s
3300007991_13,0.69843763,2555143.0,0.4815957463046099,genomic_traits+gtdb_distance+rrna16s
3300026519_29,0.69859254,2642952.0,0.5526335703410429,genomic_traits+gtdb_distance
3300025605_29,0.69863594,2054352.0,0.433968472783632,genomic_traits+gtdb_distance+rrna16s
3300029577_26,0.6988024,2025368.0,0.4803843054694258,genomic_traits+gtdb_distance+rrna16s
3300029609_9,0.698884,2930445.0,0.3382929896312676,genomic_traits+gtdb_distance+rrna16s
3300025862_15,0.69898415,3835526.0,0.5922108206279921,genomic_traits+gtdb_distance+rrna16s
3300011733_1,0.6989867,6909425.0,0.6442916740539191,genomic_traits+gtdb_distance+rrna16s
3300026311_31,0.69931054,2828263.0,0.5483206476908264,genomic_traits+gtdb_distance+rrna16s
3300025560_2,0.69938344,2577136.0,0.6469286060184639,genomic_traits+gtdb_distance+rrna16s
3300027757_10,0.6994148,2280504.0,0.5161639707713733,genomic_traits+gtdb_distance+rrna16s
3300025740_3,0.6995175,5164088.0,0.6331969943192293,genomic_traits+gtdb_distance+rrna16s
3300026195_12,0.69973624,3027490.0,0.6344255472354987,genomic_traits+gtdb_distance+rrna16s
3300011600_1,0.6998653,4361116.0,0.6289995496565558,genomic_traits+gtdb_distance+rrna16s
3300029862_23,0.6998749,2034133.0,0.4191004226370645,genomic_traits+gtdb_distance+rrna16s
3300011735_1,0.7001264,4524136.0,0.6298130737007022,genomic_traits+gtdb_distance+rrna16s
3300029572_21,0.700387,2348134.0,0.510803897903612,genomic_traits+gtdb_distance+rrna16s
3300014563_7,0.70038724,2438144.0,0.6228405705323393,genomic_traits+gtdb_distance+rrna16s
3300025629_6,0.700413,3401823.0,0.6342640401925673,genomic_traits+gtdb_distance+rrna16s
3300011853_4,0.7004811,4281059.0,0.6296322942524268,genomic_traits+gtdb_distance+rrna16s
3300025161_12,0.70058775,5211780.0,0.6645865711906489,genomic_traits+gtdb_distance+rrna16s
3300013983_1,0.70089996,4428984.0,0.6310149235129321,genomic_traits+gtdb_distance+rrna16s
3300027283_30,0.7009959,3018808.0,0.6576247976022324,genomic_traits+gtdb_distance+rrna16s
3300011155_1,0.70100874,4141731.0,0.6314060473748778,genomic_traits+gtdb_distance+rrna16s
3300011985_24,0.7013591,1911889.0,0.4293455320889445,genomic_traits+gtdb_distance+rrna16s
3300029608_7,0.70138294,3378619.0,0.5767596168730479,genomic_traits+gtdb_distance+rrna16s
3300028631_8,0.7014188,4376637.0,0.6922527502280861,genomic_traits+gtdb_distance+rrna16s
3300029400_13,0.70176244,2233409.0,0.6210143327979784,genomic_traits+gtdb_distance+rrna16s
3300013990_2,0.70184374,4498241.0,0.6265778111933087,genomic_traits+gtdb_distance+rrna16s
3300027152_6,0.70188,3333742.0,0.6425467237716656,genomic_traits+gtdb_distance+rrna16s
3300025861_17,0.70216835,3779574.0,0.531476298651647,genomic_traits+gtdb_distance+rrna16s
3300017485_1,0.7021887,11283824.0,0.636998591966695,genomic_traits+gtdb_distance+rrna16s
3300011814_1,0.7021946,4354025.0,0.6316054685032815,genomic_traits+gtdb_distance+rrna16s
3300029850_9,0.70220387,2996339.0,0.5823960506471397,genomic_traits+gtdb_distance+rrna16s
3300029790_30,0.70259386,2009584.0,0.4947292573985462,genomic_traits+gtdb_distance+rrna16s
3300009770_6,0.7026591,7604236.0,0.647543816367614,genomic_traits+gtdb_distance+rrna16s
3300029722_8,0.70277494,2987915.0,0.5698856895192802,genomic_traits+gtdb_distance+rrna16s
3300014968_13,0.7029575,3991482.0,0.5601551002860592,genomic_traits+gtdb_distance+rrna16s
3300029420_21,0.7030091,2028364.0,0.5021125399583112,genomic_traits+gtdb_distance+rrna16s
3300029593_10,0.7030865,2883006.0,0.5836283379222936,genomic_traits+gtdb_distance+rrna16s
3300012521_7,0.70315,4738989.0,0.6311624694634236,genomic_traits+gtdb_distance+rrna16s
3300029245_12,0.70322084,2947442.0,0.5830353913664799,genomic_traits+gtdb_distance+rrna16s
3300026975_5,0.70332855,4193360.0,0.5731618558864491,genomic_traits+gtdb_distance+rrna16s
3300000030_4,0.7033689,2355467.0,0.656889695334301,genomic_traits+gtdb_distance+rrna16s
3300029722_7,0.7037436,3079145.0,0.5790922480104055,genomic_traits+gtdb_distance+rrna16s
3300013855_1,0.7038302,4435404.0,0.6278950012219856,genomic_traits+gtdb_distance+rrna16s
3300026509_30,0.70399946,1769309.0,0.4999550672042023,genomic_traits+gtdb_distance+rrna16s
3300025673_20,0.7040384,1386396.0,0.4294624335326992,genomic_traits+gtdb_distance+rrna16s
3300007531_26,0.7041711,1603192.0,0.366414627817504,genomic_traits+gtdb_distance+rrna16s
3300029432_19,0.70422256,2335043.0,0.452574963287614,genomic_traits+gtdb_distance+rrna16s
3300025350_4,0.70425165,2699236.0,0.6245582083226513,genomic_traits+gtdb_distance+rrna16s
3300029467_14,0.7043997,2310871.0,0.4389578648050886,genomic_traits+gtdb_distance+rrna16s
3300026516_18,0.7044317,5769192.0,0.700263052434379,genomic_traits+gtdb_distance+rrna16s
3300027506_2,0.7045648,4081874.0,0.4967113144599759,genomic_traits+gtdb_distance+rrna16s
3300011806_1,0.704722,4380414.0,0.6314177153118404,genomic_traits+gtdb_distance+rrna16s
3300005466_14,0.70494515,3201615.0,0.5493539979041827,genomic_traits+gtdb_distance+rrna16s
3300026877_8,0.7051301,1515265.0,0.2990031446644646,genomic_traits+gtdb_distance
3300025210_1,0.7053163,3353290.0,0.5857617444360613,genomic_traits+gtdb_distance+rrna16s
3300029708_12,0.70533067,3007767.0,0.58142036933047,genomic_traits+gtdb_distance+rrna16s
3300025161_63,0.70533705,1852091.0,0.538537253299109,genomic_traits+gtdb_distance+rrna16s
3300025737_67,0.705439,1475483.0,0.3772561256212372,genomic_traits+gtdb_distance+rrna16s
3300025094_13,0.70569634,3141142.0,0.569446080438261,genomic_traits+gtdb_distance+rrna16s
3300025682_9,0.70575446,3307381.0,0.646249403984603,genomic_traits+gtdb_distance+rrna16s
3300029444_22,0.70583755,2119833.0,0.5311191966536987,genomic_traits+gtdb_distance+rrna16s
3300028029_18,0.7060625,2443924.0,0.3934553611323429,genomic_traits+gtdb_distance+rrna16s
3300029754_11,0.7062192,2886231.0,0.5307548148433026,genomic_traits+gtdb_distance+rrna16s
3300027951_14,0.706281,4280197.0,0.5939107475660583,genomic_traits+gtdb_distance+rrna16s
3300013978_1,0.7063176,4507673.0,0.6284224698641627,genomic_traits+gtdb_distance+rrna16s
3300020220_65,0.70644104,2314726.0,0.6140005339724874,genomic_traits+gtdb_distance+rrna16s
3300029794_16,0.7066683,3080090.0,0.5679129505955994,genomic_traits+gtdb_distance+rrna16s
3300029363_12,0.7066848,2694258.0,0.5499521575142395,genomic_traits+gtdb_distance+rrna16s
3300029495_22,0.70678025,1976991.0,0.3819860586112936,genomic_traits+gtdb_distance+rrna16s
3300029490_31,0.70684665,1894892.0,0.6236492633880981,genomic_traits+gtdb_distance+rrna16s
3300011505_1,0.70699227,4665574.0,0.5585711425860999,genomic_traits+gtdb_distance+rrna16s
3300027607_19,0.7070071,5812088.0,0.4548127970533137,genomic_traits+gtdb_distance+rrna16s
3300029562_8,0.70712477,3147834.0,0.2961372804283834,genomic_traits+gtdb_distance+rrna16s
3300024513_2,0.70715165,2082330.0,0.6949527692536726,genomic_traits+gtdb_distance+rrna16s
3300007722_12,0.70735234,5403588.0,0.611488884792845,genomic_traits+gtdb_distance+rrna16s
3300029775_14,0.70737135,2390201.0,0.4952411951965546,genomic_traits+gtdb_distance+rrna16s
3300009503_20,0.70757526,4738660.0,0.5740129066022884,genomic_traits+gtdb_distance+rrna16s
3300011624_1,0.7081327,5726679.0,0.656481706063846,genomic_traits+gtdb_distance+rrna16s
3300007315_8,0.7081567,1977711.0,0.3954809373058045,genomic_traits+gtdb_distance+rrna16s
3300029595_33,0.7082462,1472687.0,0.4278458355373545,genomic_traits+gtdb_distance+rrna16s
3300013882_3,0.70835257,2188083.0,0.3858934967275007,genomic_traits+gtdb_distance+rrna16s
3300011152_2,0.7085242,4245281.0,0.6308717844590264,genomic_traits+gtdb_distance+rrna16s
3300029575_23,0.70860016,2035902.0,0.4943062092379692,genomic_traits+gtdb_distance+rrna16s
3300028634_14,0.7086329,3398087.0,0.488429519314838,genomic_traits+gtdb_distance+rrna16s
3300028630_10,0.7088299,4228754.0,0.6932101039691597,genomic_traits+gtdb_distance+rrna16s
3300007883_1,0.7089255,1910411.0,0.3933237402841587,genomic_traits+gtdb_distance+rrna16s
3300021426_58,0.7089263,1774314.0,0.3240148023405101,genomic_traits+gtdb_distance+rrna16s
3300006226_88,0.70896,2166626.0,0.5482630597066591,genomic_traits+gtdb_distance+rrna16s
3300025436_5,0.7092844,2863617.0,0.4777360240562897,genomic_traits+gtdb_distance+rrna16s
3300026280_8,0.7094397,3733368.0,0.6368158724240418,genomic_traits+gtdb_distance+rrna16s
3300025597_3,0.7096487,4687946.0,0.5956674842244343,genomic_traits+gtdb_distance+rrna16s
3300027736_7,0.70970345,3220716.0,0.6036316148334718,genomic_traits+gtdb_distance+rrna16s
3300028626_11,0.7099729,3246216.0,0.5714160733604912,genomic_traits+gtdb_distance+rrna16s
3300027515_13,0.7100158,3686799.0,0.5960010296194612,genomic_traits+gtdb_distance+rrna16s
2228664000_9,0.7100426,630361.0,0.2598701379051051,genomic_traits+gtdb_distance+rrna16s
3300029385_21,0.7104604,1931091.0,0.4440318969950147,genomic_traits+gtdb_distance+rrna16s
3300029493_14,0.71056086,2998363.0,0.5612525901633658,genomic_traits+gtdb_distance+rrna16s
3300011606_1,0.710729,4655956.0,0.6411813170055731,genomic_traits+gtdb_distance+rrna16s
3300018004_19,0.7110316,2222523.0,0.5092055290316456,genomic_traits+gtdb_distance+rrna16s
3300011614_1,0.71106815,5126581.0,0.6488751470034317,genomic_traits+gtdb_distance+rrna16s
3300029717_30,0.7111464,1738421.0,0.5382890565633986,genomic_traits+gtdb_distance+rrna16s
3300021843_22,0.7112079,4132302.0,0.5766214569990287,genomic_traits+gtdb_distance+rrna16s
3300008130_22,0.7112162,1322677.0,0.2557109558871894,genomic_traits+gtdb_distance+rrna16s
3300014677_2,0.7112183,4508490.0,0.6337687340994435,genomic_traits+gtdb_distance+rrna16s
3300029311_20,0.71124315,2333358.0,0.4576065910160378,genomic_traits+gtdb_distance+rrna16s
3300008599_8,0.71126294,2925468.0,0.5718965307431153,genomic_traits+gtdb_distance+rrna16s
3300025476_6,0.7113591,2640393.0,0.4398848959226903,genomic_traits+gtdb_distance+rrna16s
3300029711_16,0.71180236,2502993.0,0.6380465306934539,genomic_traits+gtdb_distance+rrna16s
3300029704_11,0.7119197,3067484.0,0.5692860989657974,genomic_traits+gtdb_distance+rrna16s
3300029342_24,0.7120046,2162942.0,0.5323309640295486,genomic_traits+gtdb_distance+rrna16s
3300000227_41,0.71215385,1311302.0,0.3449144438123331,genomic_traits+gtdb_distance+rrna16s
3300029074_6,0.7121582,2873935.0,0.5535059074056998,genomic_traits+gtdb_distance+rrna16s
3300029702_34,0.71218973,1468801.0,0.3754402400325163,genomic_traits+gtdb_distance+rrna16s
3300027276_32,0.7122334,2339245.0,0.6171833219692678,genomic_traits+gtdb_distance+rrna16s
3300011556_1,0.712266,4007996.0,0.625498877743391,genomic_traits+gtdb_distance+rrna16s
3300029719_30,0.71229744,2198086.0,0.5566215334613841,genomic_traits+gtdb_distance+rrna16s
3300028582_9,0.7123119,5067056.0,0.4856155132289834,genomic_traits+gtdb_distance+rrna16s
3300029119_24,0.71234167,2198228.0,0.5143483751457992,genomic_traits+gtdb_distance+rrna16s
3300029584_12,0.71240443,3069988.0,0.5590393187204641,genomic_traits+gtdb_distance+rrna16s
3300008737_7,0.71252036,2093078.0,0.4945138212718303,genomic_traits+gtdb_distance+rrna16s
3300017429_16,0.7126244,1883639.0,0.4348954337853484,genomic_traits+gtdb_distance+rrna16s
3300029759_15,0.71262527,2456376.0,0.5711711073549001,genomic_traits+gtdb_distance+rrna16s
3300025349_10,0.7127072,1891834.0,0.2734129950090758,genomic_traits+gtdb_distance+rrna16s
3300029765_6,0.71276534,4195625.0,0.308569998510353,genomic_traits+gtdb_distance+rrna16s
3300029546_13,0.7127712,2127407.0,0.2927545128882249,genomic_traits+gtdb_distance+rrna16s
3300025263_8,0.7128258,4831351.0,0.640527049266344,genomic_traits+gtdb_distance+rrna16s
3300025644_11,0.71296155,3947669.0,0.457573570631175,genomic_traits+gtdb_distance+rrna16s
3300011461_1,0.713119,4568183.0,0.6419738438674633,genomic_traits+gtdb_distance+rrna16s
3300014807_7,0.71325845,3027959.0,0.6115492316771792,genomic_traits+gtdb_distance+rrna16s
3300020220_29,0.7132807,4429881.0,0.579139259045559,genomic_traits+gtdb_distance+rrna16s
3300029339_32,0.71345896,1831300.0,0.4478550756293343,genomic_traits+gtdb_distance+rrna16s
3300010373_56,0.71347547,2793868.0,0.4516086658353222,genomic_traits+gtdb_distance+rrna16s
3300020197_37,0.71351075,2689285.0,0.6100747968326153,genomic_traits+gtdb_distance+rrna16s
3300017419_11,0.71382433,3165930.0,0.372327562517175,genomic_traits+gtdb_distance+rrna16s
3300008534_9,0.71394646,1784260.0,0.399366684227635,genomic_traits+gtdb_distance+rrna16s
3300029795_19,0.71417284,2549846.0,0.5255140898705255,genomic_traits+gtdb_distance+rrna16s
3300026092_4,0.7141912,2556916.0,0.5287748991363033,genomic_traits+gtdb_distance+rrna16s
3300014830_3,0.714198,5921880.0,0.4954355711361932,genomic_traits+gtdb_distance+rrna16s
3300025231_1,0.7142472,6414059.0,0.7056177687171259,genomic_traits+gtdb_distance+rrna16s
3300011682_3,0.71433365,2653703.0,0.3764709163007315,genomic_traits+gtdb_distance+rrna16s
3300006456_6,0.71444553,1650664.0,0.2926900931988581,genomic_traits+gtdb_distance+rrna16s
3300009769_31,0.7147184,2629855.0,0.518077232394942,genomic_traits+gtdb_distance+rrna16s
3300029846_26,0.7147209,2085820.0,0.4951937367558082,genomic_traits+gtdb_distance+rrna16s
3300026303_19,0.71486914,2405972.0,0.667626639046506,genomic_traits+gtdb_distance+rrna16s
3300001095_28,0.71489286,1726639.0,0.4933608009549188,genomic_traits+gtdb_distance+rrna16s
3300022181_13,0.7149072,3944912.0,0.5727402791240971,genomic_traits+gtdb_distance+rrna16s
3300011720_1,0.71514493,4347820.0,0.6315546641765298,genomic_traits+gtdb_distance+rrna16s
3300006260_18,0.71514595,1802769.0,0.297018641878133,genomic_traits+gtdb_distance+rrna16s
3300011156_1,0.7151732,4300667.0,0.6319012841496447,genomic_traits+gtdb_distance+rrna16s
3300029457_9,0.71529126,2373510.0,0.6237184591596412,genomic_traits+gtdb_distance+rrna16s
3300012150_5,0.7156102,1995583.0,0.3946871666074525,genomic_traits+gtdb_distance+rrna16s
3300029747_28,0.71563643,1783197.0,0.5021413786586676,genomic_traits+gtdb_distance+rrna16s
3300029372_13,0.7160059,2617909.0,0.5096391814994333,genomic_traits+gtdb_distance+rrna16s
3300029341_12,0.7160892,3036417.0,0.5806356636786054,genomic_traits+gtdb_distance+rrna16s
3300011938_1,0.7161459,4366837.0,0.566438362595169,genomic_traits+gtdb_distance+rrna16s
3300011133_1,0.7162383,4994582.0,0.639299945420858,genomic_traits+gtdb_distance+rrna16s
3300024355_2,0.7163951,2114662.0,0.6945341619606349,genomic_traits+gtdb_distance+rrna16s
3300012588_2,0.7164164,4305267.0,0.6509812283419356,genomic_traits+gtdb_distance+rrna16s
3300029765_15,0.7164945,2463487.0,0.5704905282633925,genomic_traits+gtdb_distance+rrna16s
3300028419_4,0.7165885,3242126.0,0.6086037371773954,genomic_traits+gtdb_distance+rrna16s
3300014579_2,0.71663564,2282883.0,0.3122446485430922,genomic_traits+gtdb_distance+rrna16s
3300029794_17,0.7166854,2982890.0,0.5810405345151849,genomic_traits+gtdb_distance+rrna16s
3300025609_3,0.716707,5215248.0,0.6347287799161229,genomic_traits+gtdb_distance+rrna16s
3300003133_1,0.71672994,5094989.0,0.4182036506850162,genomic_traits+gtdb_distance
3300014529_5,0.7168184,4178309.0,0.4425003033523849,genomic_traits+gtdb_distance+rrna16s
3300011608_1,0.7171921,4644822.0,0.6378713759106377,genomic_traits+gtdb_distance+rrna16s
3300011167_1,0.71722937,4452340.0,0.6302755405022976,genomic_traits+gtdb_distance+rrna16s
3300011855_3,0.7172758,4332626.0,0.6288546484279972,genomic_traits+gtdb_distance+rrna16s
3300025506_4,0.71746266,6064156.0,0.581525607190844,genomic_traits+gtdb_distance+rrna16s
3300013718_1,0.71773696,4817588.0,0.6305975106214977,genomic_traits+gtdb_distance+rrna16s
3300027819_33,0.7179054,3889685.0,0.5893821736207431,genomic_traits+gtdb_distance+rrna16s
3300007100_5,0.7179194,3061019.0,0.656821470235892,genomic_traits+gtdb_distance+rrna16s
3300029340_26,0.71799326,1936298.0,0.4448840002933433,genomic_traits+gtdb_distance+rrna16s
3300013714_2,0.71814096,3697102.0,0.6683610568493917,genomic_traits+gtdb_distance+rrna16s
3300011637_3,0.71830595,4396945.0,0.6367543828726536,genomic_traits+gtdb_distance+rrna16s
3300026290_18,0.71842086,3060488.0,0.6338583912108134,genomic_traits+gtdb_distance+rrna16s
3300011866_1,0.7184238,4523609.0,0.6395188001438674,genomic_traits+gtdb_distance+rrna16s
3300020429_12,0.7186704,3869919.0,0.6416113618915538,genomic_traits+gtdb_distance+rrna16s
3300013127_30,0.7188674,2287943.0,0.4162201593308924,genomic_traits+gtdb_distance+rrna16s
3300024054_32,0.71897715,2914107.0,0.6071324766043251,genomic_traits+gtdb_distance+rrna16s
3300011566_1,0.7190012,4673227.0,0.642850646887044,genomic_traits+gtdb_distance+rrna16s
3300013690_1,0.71903926,4782997.0,0.6388764199517583,genomic_traits+gtdb_distance+rrna16s
3300014566_5,0.7190577,2924033.0,0.5832653051453249,genomic_traits+gtdb_distance+rrna16s
3300029739_23,0.719061,1981646.0,0.495741419002183,genomic_traits+gtdb_distance+rrna16s
3300025631_7,0.7191403,3652073.0,0.369807230030725,genomic_traits+gtdb_distance+rrna16s
3300029622_15,0.7191438,3092525.0,0.5804253805547247,genomic_traits+gtdb_distance+rrna16s
3300029434_17,0.71914506,3105818.0,0.5681395368305547,genomic_traits+gtdb_distance+rrna16s
3300014958_10,0.719363,2340119.0,0.5905003121636122,genomic_traits+gtdb_distance+rrna16s
3300027051_9,0.7193933,3328056.0,0.5734083200523068,genomic_traits+gtdb_distance+rrna16s
3300025236_4,0.7195258,3624158.0,0.6241830516219216,genomic_traits+gtdb_distance+rrna16s
3300014532_5,0.71976626,3044212.0,0.5594472395483626,genomic_traits+gtdb_distance+rrna16s
3300025737_5,0.7198606,4343104.0,0.6123235823963691,genomic_traits+gtdb_distance+rrna16s
3300020262_13,0.71990824,1921573.0,0.5058491142413013,genomic_traits+gtdb_distance+rrna16s
3300000227_3,0.7199877,4362258.0,0.6034870014565851,genomic_traits+gtdb_distance+rrna16s
3300027536_29,0.7200081,3132949.0,0.5773483704969343,genomic_traits+gtdb_distance+rrna16s
3300025986_14,0.72003853,5211082.0,0.7101895537241594,genomic_traits+gtdb_distance+rrna16s
3300029856_11,0.72026795,2604369.0,0.4575208044635764,genomic_traits+gtdb_distance+rrna16s
3300028146_2,0.7205279,7228217.0,0.6306808442524623,genomic_traits+gtdb_distance+rrna16s
3300028635_10,0.7206014,3572163.0,0.5702822071669182,genomic_traits+gtdb_distance+rrna16s
3300007220_27,0.7209728,1718486.0,0.3669590558200649,genomic_traits+gtdb_distance+rrna16s
3300013684_1,0.7211607,4393309.0,0.6422962737198772,genomic_traits+gtdb_distance+rrna16s
3300028624_12,0.72154486,3557056.0,0.5703247292142716,genomic_traits+gtdb_distance+rrna16s
3300013996_1,0.721888,4360895.0,0.6310032688244042,genomic_traits+gtdb_distance+rrna16s
3300020214_30,0.7218884,2887013.0,0.7137113688092156,genomic_traits+gtdb_distance+rrna16s
3300023176_30,0.7220553,2113945.0,0.5183436655163687,genomic_traits+gtdb_distance+rrna16s
3300011595_1,0.72219235,4639394.0,0.6401215331140231,genomic_traits+gtdb_distance+rrna16s
3300029738_27,0.7221995,2011459.0,0.5683700239477911,genomic_traits+gtdb_distance+rrna16s
3300007838_1,0.7223281,1876487.0,0.3684448653254725,genomic_traits+gtdb_distance+rrna16s
3300029249_18,0.7224216,2095838.0,0.4427990140459329,genomic_traits+gtdb_distance+rrna16s
3300029295_5,0.7226902,2895079.0,0.5852213359290023,genomic_traits+gtdb_distance+rrna16s
3300011610_1,0.7227564,4189641.0,0.6311700692255017,genomic_traits+gtdb_distance+rrna16s
3300029421_11,0.7227748,2576421.0,0.5623083339252397,genomic_traits+gtdb_distance+rrna16s
3300011235_1,0.7228601,4422858.0,0.6422094039645858,genomic_traits+gtdb_distance+rrna16s
3300029494_13,0.7230183,2994984.0,0.5605475688684814,genomic_traits+gtdb_distance+rrna16s
3300014806_9,0.7231172,2410221.0,0.6243041613196466,genomic_traits+gtdb_distance+rrna16s
3300029874_28,0.72334075,1848804.0,0.5350150692014946,genomic_traits+gtdb_distance+rrna16s
3300028626_5,0.7233617,4368291.0,0.6923050685039069,genomic_traits+gtdb_distance+rrna16s
3300029444_26,0.72338617,1885452.0,0.4511867711296813,genomic_traits+gtdb_distance+rrna16s
3300021091_57,0.7235383,2166920.0,0.4646041385930261,genomic_traits+gtdb_distance+rrna16s
3300029778_25,0.7236013,1999230.0,0.5477148702250366,genomic_traits+gtdb_distance+rrna16s
3300027225_3,0.7236274,2394101.0,0.5147485423547294,genomic_traits+gtdb_distance+rrna16s
3300011676_1,0.72386837,4315513.0,0.6390000447223771,genomic_traits+gtdb_distance+rrna16s
3300026279_13,0.7239312,2179306.0,0.509438784640615,genomic_traits+gtdb_distance+rrna16s
3300014954_14,0.7242022,2011870.0,0.4456585167033655,genomic_traits+gtdb_distance+rrna16s
3300023075_3,0.72427714,5933257.0,0.6401551458162018,genomic_traits+gtdb_distance+rrna16s
3300009503_94,0.72435755,2358354.0,0.4597821192238315,genomic_traits+gtdb_distance+rrna16s
3300011773_2,0.7244934,4319294.0,0.641348331463429,genomic_traits+gtdb_distance+rrna16s
3300006678_18,0.72453964,1664573.0,0.4551077063006549,genomic_traits+gtdb_distance+rrna16s
3300029740_19,0.7245622,2141091.0,0.5165432015734035,genomic_traits+gtdb_distance+rrna16s
3300029738_11,0.7245727,3010346.0,0.5810122823090768,genomic_traits+gtdb_distance+rrna16s
3300029690_19,0.7246143,1991913.0,0.370040759812301,genomic_traits+gtdb_distance+rrna16s
3300000558_32,0.7246434,1957464.0,0.3827794534152352,genomic_traits+gtdb_distance+rrna16s
3300027881_14,0.7247795,2296965.0,0.6194413062454152,genomic_traits+gtdb_distance+rrna16s
3300020583_10,0.7248958,2886722.0,0.6769668156476446,genomic_traits+gtdb_distance+rrna16s
3300013987_1,0.7249541,4935941.0,0.6401561525958273,genomic_traits+gtdb_distance+rrna16s
3300005977_13,0.72514886,1535275.0,0.5794264871114295,genomic_traits+gtdb_distance
3300011840_4,0.7251918,3350144.0,0.6875668627975394,genomic_traits+gtdb_distance+rrna16s
3300028622_13,0.72520876,2667874.0,0.5044646036506971,genomic_traits+gtdb_distance+rrna16s
3300013646_1,0.7252443,6170727.0,0.6167179329113085,genomic_traits+gtdb_distance+rrna16s
3300011482_2,0.72546625,4372903.0,0.6417722963440992,genomic_traits+gtdb_distance+rrna16s
3300025161_18,0.7254794,4860838.0,0.6990578579249093,genomic_traits+gtdb_distance+rrna16s
3300025922_27,0.7255791,3905282.0,0.6227506745991711,genomic_traits+gtdb_distance+rrna16s
3300025103_9,0.72564465,2462884.0,0.5342910993778026,genomic_traits+gtdb_distance+rrna16s
3300017389_3,0.7257051,3169403.0,0.6203004161982556,genomic_traits+gtdb_distance+rrna16s
3300009704_11,0.72573835,3374129.0,0.6378374982106493,genomic_traits+gtdb_distance+rrna16s
3300007297_12,0.7257445,2139491.0,0.3917819705715051,genomic_traits+gtdb_distance+rrna16s
3300002735_4,0.72629875,4571656.0,0.4947824158248127,genomic_traits+gtdb_distance+rrna16s
3300011513_1,0.7265889,4360817.0,0.6408186814534983,genomic_traits+gtdb_distance+rrna16s
3300011221_1,0.72662395,4175056.0,0.6433355624451504,genomic_traits+gtdb_distance+rrna16s
3300029503_20,0.72689027,2007734.0,0.4655880709297147,genomic_traits+gtdb_distance+rrna16s
3300013678_1,0.7269097,4366541.0,0.6428724704520122,genomic_traits+gtdb_distance+rrna16s
3300013586_1,0.7269397,4193503.0,0.6424421301236699,genomic_traits+gtdb_distance+rrna16s
3300020084_55,0.7271444,2069181.0,0.4948648764897803,genomic_traits+gtdb_distance+rrna16s
3300025229_6,0.7272208,5407835.0,0.6376877253096664,genomic_traits+gtdb_distance+rrna16s
3300011858_1,0.7272213,5044252.0,0.6355909657170181,genomic_traits+gtdb_distance+rrna16s
3300029338_15,0.7272764,2451671.0,0.5105717692137322,genomic_traits+gtdb_distance+rrna16s
3300029743_21,0.72728413,2463940.0,0.440881677313571,genomic_traits+gtdb_distance+rrna16s
3300029565_14,0.72748214,2636792.0,0.4506730147846322,genomic_traits+gtdb_distance+rrna16s
3300011818_2,0.72750247,4233956.0,0.6349685731264094,genomic_traits+gtdb_distance+rrna16s
3300029719_18,0.727731,3058114.0,0.5801516882627659,genomic_traits+gtdb_distance+rrna16s
3300012059_9,0.7278278,800596.0,0.2585373896447147,genomic_traits+gtdb_distance+rrna16s
3300026280_30,0.7278428,1656844.0,0.4240586319532798,genomic_traits+gtdb_distance+rrna16s
3300017434_25,0.7280872,1714873.0,0.5597924744281355,genomic_traits+gtdb_distance+rrna16s
3300013129_52,0.72815686,1502344.0,0.5094399152258071,genomic_traits+gtdb_distance+rrna16s
3300029125_19,0.7282101,1959714.0,0.4459599717101577,genomic_traits+gtdb_distance+rrna16s
3300013671_1,0.7283142,4522380.0,0.6410575847230883,genomic_traits+gtdb_distance+rrna16s
3300027792_3,0.72832525,4880973.0,0.477177398850598,genomic_traits+gtdb_distance+rrna16s
3300025812_3,0.728361,6247821.0,0.5887454202032997,genomic_traits+gtdb_distance+rrna16s
3300008212_4,0.728362,1894936.0,0.5088039912693622,genomic_traits+gtdb_distance+rrna16s
3300011362_2,0.72842616,4226238.0,0.643657077523793,genomic_traits+gtdb_distance+rrna16s
3300029334_17,0.7286192,2266600.0,0.5864704844260126,genomic_traits+gtdb_distance+rrna16s
3300029436_21,0.72878647,2267254.0,0.5128970993104434,genomic_traits+gtdb_distance+rrna16s
3300014065_1,0.72893506,4554435.0,0.6390707080022,genomic_traits+gtdb_distance+rrna16s
3300029711_12,0.72896355,2843987.0,0.552788391789414,genomic_traits+gtdb_distance+rrna16s
3300029441_36,0.72911924,1871389.0,0.4727093084334684,genomic_traits+gtdb_distance+rrna16s
3300014733_3,0.7292033,2759669.0,0.3755711282766157,genomic_traits+gtdb_distance+rrna16s
3300011783_6,0.7292825,2305020.0,0.3934083001449011,genomic_traits+gtdb_distance+rrna16s
3300029856_9,0.72964305,2778854.0,0.5534281398015153,genomic_traits+gtdb_distance+rrna16s
3300027832_23,0.72966117,5640277.0,0.610312401323552,genomic_traits+gtdb_distance+rrna16s
3300014603_1,0.7297981,5771327.0,0.6668896078839407,genomic_traits+gtdb_distance+rrna16s
3300017426_8,0.7298353,7742304.0,0.6624708872191017,genomic_traits+gtdb_distance+rrna16s
3300020214_35,0.7298468,2402298.0,0.6355926700184573,genomic_traits+gtdb_distance+rrna16s
3300024262_27,0.7298551,1915944.0,0.5265237397335204,genomic_traits+gtdb_distance+rrna16s
3300007354_22,0.7298941,2046294.0,0.3771750295900785,genomic_traits+gtdb_distance+rrna16s
3300026311_46,0.72992593,2356531.0,0.5310755513082578,genomic_traits+gtdb_distance+rrna16s
3300011503_1,0.7300097,4338296.0,0.6434042306011393,genomic_traits+gtdb_distance+rrna16s
3300013653_1,0.73002166,4527792.0,0.6350510359133105,genomic_traits+gtdb_distance+rrna16s
3300029614_10,0.73006773,2912064.0,0.551842954001011,genomic_traits+gtdb_distance+rrna16s
3300007124_19,0.7301327,1689221.0,0.3668992985524096,genomic_traits+gtdb_distance+rrna16s
3300012798_3,0.73021454,5300065.0,0.5448019977113489,genomic_traits+gtdb_distance+rrna16s
3300029594_10,0.7302497,3463485.0,0.4010899426444752,genomic_traits+gtdb_distance+rrna16s
3300029816_18,0.7305206,2100950.0,0.5792665222875366,genomic_traits+gtdb_distance+rrna16s
3300028952_2,0.73052084,2883720.0,0.4666912876423508,genomic_traits+gtdb_distance+rrna16s
3300029617_14,0.7306143,3011634.0,0.5531412515597844,genomic_traits+gtdb_distance+rrna16s
3300014728_4,0.7306579,4352316.0,0.6425461754155718,genomic_traits+gtdb_distance+rrna16s
3300029417_20,0.7307055,1974268.0,0.4433187388946181,genomic_traits+gtdb_distance+rrna16s
3300029355_19,0.730735,2149723.0,0.4760376104270178,genomic_traits+gtdb_distance+rrna16s
3300029857_16,0.7308077,3144264.0,0.474822406769915,genomic_traits+gtdb_distance+rrna16s
3300014725_1,0.7308737,4352735.0,0.6416664464985807,genomic_traits+gtdb_distance+rrna16s
3300013982_1,0.7310224,4695545.0,0.6402809471530994,genomic_traits+gtdb_distance+rrna16s
3300026518_14,0.7310365,2829023.0,0.6349715078315022,genomic_traits+gtdb_distance+rrna16s
3300029714_18,0.7310591,2766566.0,0.6328318211096355,genomic_traits+gtdb_distance+rrna16s
3300011389_1,0.7311407,4497351.0,0.6423739218931322,genomic_traits+gtdb_distance+rrna16s
3300009503_35,0.7311902,3565909.0,0.6234362682839074,genomic_traits+gtdb_distance+rrna16s
3300029700_8,0.73130476,2882317.0,0.5532347760499626,genomic_traits+gtdb_distance+rrna16s
3300013636_1,0.7313213,4870646.0,0.6397260240222755,genomic_traits+gtdb_distance+rrna16s
3300013989_1,0.7314611,4584127.0,0.6369371965480014,genomic_traits+gtdb_distance+rrna16s
3300029737_12,0.7314932,2829086.0,0.5530839288731414,genomic_traits+gtdb_distance+rrna16s
3300026041_15,0.73150957,5439006.0,0.6477534681888566,genomic_traits+gtdb_distance+rrna16s
3300013467_1,0.731571,4521514.0,0.6401800370406904,genomic_traits+gtdb_distance+rrna16s
3300011559_2,0.7319576,4413035.0,0.6413989465299959,genomic_traits+gtdb_distance+rrna16s
3300029860_11,0.73199373,2845985.0,0.5529512629195165,genomic_traits+gtdb_distance+rrna16s
3300019376_23,0.7321568,1944606.0,0.5249289573312023,genomic_traits+gtdb_distance+rrna16s
3300011493_2,0.7322387,3617105.0,0.6935822985509129,genomic_traits+gtdb_distance+rrna16s
3300029513_10,0.7322523,2732069.0,0.5563307515293354,genomic_traits+gtdb_distance+rrna16s
3300011749_4,0.73233724,1968317.0,0.3705653103641334,genomic_traits+gtdb_distance+rrna16s
3300020203_23,0.7323478,3120091.0,0.5284233697029991,genomic_traits+gtdb_distance+rrna16s
3300011870_4,0.7323811,4053595.0,0.6441097346922916,genomic_traits+gtdb_distance+rrna16s
3300008063_12,0.7324581,2771876.0,0.5553040612206318,genomic_traits+gtdb_distance+rrna16s
3300029709_17,0.73263955,2873226.0,0.5531044199098852,genomic_traits+gtdb_distance+rrna16s
3300017419_30,0.73267454,1339497.0,0.4810275797556844,genomic_traits+gtdb_distance+rrna16s
3300029250_11,0.7327261,2887780.0,0.553715657009883,genomic_traits+gtdb_distance+rrna16s
3300006678_14,0.73274356,1935379.0,0.4018432565404502,genomic_traits+gtdb_distance+rrna16s
3300029759_9,0.7327962,2676510.0,0.563493504601141,genomic_traits+gtdb_distance+rrna16s
3300011562_2,0.73280483,4443295.0,0.6399971192549673,genomic_traits+gtdb_distance+rrna16s
3300029593_13,0.7329666,2766256.0,0.553386599071091,genomic_traits+gtdb_distance+rrna16s
3300029647_6,0.73300403,2817267.0,0.5537462370446251,genomic_traits+gtdb_distance+rrna16s
3300029558_13,0.7330485,2693814.0,0.5538860515239731,genomic_traits+gtdb_distance+rrna16s
3300014615_1,0.73315,4358098.0,0.6421466428703531,genomic_traits+gtdb_distance+rrna16s
3300029588_23,0.73317987,2116961.0,0.3795355700931666,genomic_traits+gtdb_distance+rrna16s
3300029342_32,0.7332168,1720135.0,0.5380321893339767,genomic_traits+gtdb_distance+rrna16s
3300029215_12,0.7332567,2783670.0,0.5529933505049089,genomic_traits+gtdb_distance+rrna16s
3300012192_2,0.7334157,4552711.0,0.6389267845026843,genomic_traits+gtdb_distance+rrna16s
3300029664_6,0.73342484,2797598.0,0.5534569298376679,genomic_traits+gtdb_distance+rrna16s
3300027850_22,0.7335161,5408910.0,0.4909070404203434,genomic_traits+gtdb_distance+rrna16s
3300028576_16,0.7337594,4247472.0,0.6929166337058843,genomic_traits+gtdb_distance+rrna16s
3300029710_16,0.7337699,2817764.0,0.5538654053355782,genomic_traits+gtdb_distance+rrna16s
3300029682_10,0.7338061,2725073.0,0.5553065917867155,genomic_traits+gtdb_distance+rrna16s
3300025459_6,0.73387825,4065379.0,0.5702602389592705,genomic_traits+gtdb_distance+rrna16s
3300013495_2,0.7338952,4716104.0,0.6380563278502764,genomic_traits+gtdb_distance+rrna16s
3300025505_4,0.7339277,3334219.0,0.6460982316998374,genomic_traits+gtdb_distance+rrna16s
3300025272_4,0.7339434,6221241.0,0.6938896917833596,genomic_traits+gtdb_distance+rrna16s
3300013130_62,0.73402995,1510874.0,0.5112828733567458,genomic_traits+gtdb_distance+rrna16s
3300008599_1,0.73410434,6619431.0,0.4280531060751294,genomic_traits+gtdb_distance+rrna16s
3300025417_1,0.73414683,2236779.0,0.5483992830762449,genomic_traits+gtdb_distance+rrna16s
3300020221_35,0.7342355,3154622.0,0.6614925655118109,genomic_traits+gtdb_distance+rrna16s
3300005253_12,0.73435056,3912781.0,0.6378118274444698,genomic_traits+gtdb_distance+rrna16s
3300029587_15,0.73440856,2773778.0,0.5529238461044828,genomic_traits+gtdb_distance+rrna16s
3300029692_11,0.73445517,2765914.0,0.5567776149222282,genomic_traits+gtdb_distance+rrna16s
3300029848_16,0.73445785,2702672.0,0.5565969529413854,genomic_traits+gtdb_distance+rrna16s
3300014693_1,0.73445857,4579280.0,0.6428626334270889,genomic_traits+gtdb_distance+rrna16s
3300000353_4,0.7345088,6000009.0,0.4111498832751751,genomic_traits+gtdb_distance
3300027847_9,0.73456645,6029391.0,0.5366447457131243,genomic_traits+gtdb_distance+rrna16s
3300029622_17,0.73457897,2944209.0,0.552425456209121,genomic_traits+gtdb_distance+rrna16s
3300029257_13,0.7346067,2825252.0,0.5541194201437606,genomic_traits+gtdb_distance+rrna16s
3300029873_19,0.734645,2736028.0,0.5563689406687359,genomic_traits+gtdb_distance+rrna16s
3300029590_16,0.73470366,2770813.0,0.552761590190316,genomic_traits+gtdb_distance+rrna16s
3300029505_5,0.7347316,2782999.0,0.5536444677127085,genomic_traits+gtdb_distance+rrna16s
3300011985_10,0.73478395,2580235.0,0.4484231087478466,genomic_traits+gtdb_distance+rrna16s
3300029420_11,0.7348525,2707536.0,0.5534076001205525,genomic_traits+gtdb_distance+rrna16s
3300025161_5,0.7348833,6532620.0,0.6183179183849665,genomic_traits+gtdb_distance+rrna16s
3300029887_11,0.73493654,2699225.0,0.5531209884318647,genomic_traits+gtdb_distance+rrna16s
3300029414_9,0.73498654,2714147.0,0.5530864761562289,genomic_traits+gtdb_distance+rrna16s
3300029763_13,0.73499817,2715160.0,0.5530926354248,genomic_traits+gtdb_distance+rrna16s
3300005858_18,0.73504514,1937199.0,0.6543266850746877,genomic_traits+gtdb_distance+rrna16s
3300021409_14,0.73506963,2787608.0,0.6896511274182022,genomic_traits+gtdb_distance+rrna16s
3300029790_18,0.7350818,2717694.0,0.5546974751388494,genomic_traits+gtdb_distance+rrna16s
3300029841_11,0.7351023,3007994.0,0.5813279547765056,genomic_traits+gtdb_distance+rrna16s
3300029575_13,0.73510695,2714862.0,0.5557225376464807,genomic_traits+gtdb_distance+rrna16s
3300029507_11,0.73512363,2738868.0,0.5545579414561053,genomic_traits+gtdb_distance+rrna16s
3300029119_17,0.7351366,2685508.0,0.5529225755425045,genomic_traits+gtdb_distance+rrna16s
3300013986_1,0.73540556,4555372.0,0.6400921812752065,genomic_traits+gtdb_distance+rrna16s
3300029095_5,0.7354518,2736910.0,0.5549557712895199,genomic_traits+gtdb_distance+rrna16s
3300029762_8,0.7354538,2623348.0,0.552948750985382,genomic_traits+gtdb_distance+rrna16s
3300029770_11,0.73546106,2954706.0,0.5830502256400467,genomic_traits+gtdb_distance+rrna16s
3300008330_4,0.73546594,1825093.0,0.3068676500320805,genomic_traits+gtdb_distance+rrna16s
3300029771_9,0.735482,2703678.0,0.5535925505921933,genomic_traits+gtdb_distance+rrna16s
3300014548_3,0.735486,2862687.0,0.5552213706912422,genomic_traits+gtdb_distance+rrna16s
3300029696_10,0.73560053,2681429.0,0.5554724738189972,genomic_traits+gtdb_distance+rrna16s
3300029878_23,0.7356051,2074700.0,0.4487429507880657,genomic_traits+gtdb_distance+rrna16s
3300014956_9,0.735628,2769183.0,0.5533635732994172,genomic_traits+gtdb_distance+rrna16s
3300029329_15,0.7356498,2723336.0,0.5550053316961256,genomic_traits+gtdb_distance+rrna16s
3300025657_34,0.73569083,1825724.0,0.4860504654591822,genomic_traits+gtdb_distance+rrna16s
3300029423_7,0.7357466,2602041.0,0.5536692158194279,genomic_traits+gtdb_distance+rrna16s
3300029198_8,0.73579913,2945907.0,0.5548705373251769,genomic_traits+gtdb_distance+rrna16s
3300014552_8,0.735852,2468316.0,0.5924512906775308,genomic_traits+gtdb_distance+rrna16s
3300029767_13,0.73586416,2700579.0,0.5534787169714347,genomic_traits+gtdb_distance+rrna16s
3300029795_22,0.7359163,2468256.0,0.6351679080289889,genomic_traits+gtdb_distance+rrna16s
3300029401_12,0.7359225,2767873.0,0.5547794281023732,genomic_traits+gtdb_distance+rrna16s
3300007335_18,0.73600316,1811897.0,0.3796970799112753,genomic_traits+gtdb_distance+rrna16s
3300029248_14,0.73603827,2821187.0,0.5540915933612341,genomic_traits+gtdb_distance+rrna16s
3300029623_14,0.73604643,2808006.0,0.5551174035952915,genomic_traits+gtdb_distance+rrna16s
3300029394_14,0.73617494,2764824.0,0.5544399932870953,genomic_traits+gtdb_distance+rrna16s
3300029855_13,0.7362254,2827712.0,0.5559385114184189,genomic_traits+gtdb_distance+rrna16s
3300013701_1,0.7362262,4261942.0,0.6425246988344749,genomic_traits+gtdb_distance+rrna16s
3300025867_12,0.7362421,4101470.0,0.6674165604039527,genomic_traits+gtdb_distance+rrna16s
3300029589_20,0.7362811,2707919.0,0.5536838435713919,genomic_traits+gtdb_distance+rrna16s
3300029498_9,0.73629004,2730552.0,0.5537924199941989,genomic_traits+gtdb_distance+rrna16s
3300011809_3,0.7363157,4157380.0,0.6394993962543718,genomic_traits+gtdb_distance+rrna16s
3300007210_8,0.73633325,2770768.0,0.555692501140478,genomic_traits+gtdb_distance+rrna16s
3300029004_4,0.73646784,2609805.0,0.5533781259519389,genomic_traits+gtdb_distance+rrna16s
3300027515_4,0.73648715,4743556.0,0.6743696079481301,genomic_traits+gtdb_distance+rrna16s
3300027863_179,0.73650956,1512754.0,0.4623441749286401,genomic_traits+gtdb_distance+rrna16s
3300029875_12,0.7365266,2772108.0,0.554423565027048,genomic_traits+gtdb_distance+rrna16s
3300020054_36,0.7365464,2089262.0,0.6956489899304156,genomic_traits+gtdb_distance+rrna16s
3300011742_2,0.73655534,4356660.0,0.6439584452309797,genomic_traits+gtdb_distance+rrna16s
3300029135_16,0.7365637,2719288.0,0.5536258020481832,genomic_traits+gtdb_distance+rrna16s
3300029842_14,0.73665637,2837925.0,0.5541450179268304,genomic_traits+gtdb_distance+rrna16s
3300007921_8,0.7367094,2696304.0,0.5547616292524878,genomic_traits+gtdb_distance+rrna16s
3300029713_15,0.7367446,2794361.0,0.5573853915081123,genomic_traits+gtdb_distance+rrna16s
3300029609_12,0.7367456,2806289.0,0.5554246194885843,genomic_traits+gtdb_distance+rrna16s
3300029437_13,0.7367821,2714880.0,0.5549943275577558,genomic_traits+gtdb_distance+rrna16s
3300011601_1,0.7368102,4755783.0,0.6391492210641234,genomic_traits+gtdb_distance+rrna16s
3300029043_9,0.7368157,2661030.0,0.5548671003333295,genomic_traits+gtdb_distance+rrna16s
3300029231_14,0.736839,2748313.0,0.553713132383393,genomic_traits+gtdb_distance+rrna16s
3300029356_13,0.73683953,2704980.0,0.5532599131971401,genomic_traits+gtdb_distance+rrna16s
3300029339_16,0.7368936,2718178.0,0.5547031872084904,genomic_traits+gtdb_distance+rrna16s
3300020146_4,0.7368941,5740286.0,0.5580781166652672,genomic_traits+gtdb_distance+rrna16s
3300014752_9,0.7369204,2729049.0,0.5543802987780725,genomic_traits+gtdb_distance+rrna16s
3300008571_9,0.7369231,2761573.0,0.5556825765605327,genomic_traits+gtdb_distance+rrna16s
3300008404_10,0.7369314,2595593.0,0.5540433342207349,genomic_traits+gtdb_distance+rrna16s
3300029746_15,0.73694605,2789943.0,0.5532421271689063,genomic_traits+gtdb_distance+rrna16s
3300029054_10,0.73708767,2733041.0,0.5543747788635444,genomic_traits+gtdb_distance+rrna16s
3300029398_10,0.73714066,2758799.0,0.5551390297009677,genomic_traits+gtdb_distance+rrna16s
3300029707_15,0.73726857,2731885.0,0.5560406093228668,genomic_traits+gtdb_distance+rrna16s
3300029013_9,0.7372737,2753627.0,0.5537460229726103,genomic_traits+gtdb_distance+rrna16s
3300029733_11,0.737303,2865152.0,0.554603734810579,genomic_traits+gtdb_distance+rrna16s
3300013094_23,0.73731565,2750629.0,0.5758122960239276,genomic_traits+gtdb_distance+rrna16s
3300014803_4,0.7373714,2866600.0,0.5546654573362171,genomic_traits+gtdb_distance+rrna16s
3300029207_12,0.73740196,2081530.0,0.3940356372476015,genomic_traits+gtdb_distance+rrna16s
3300025255_3,0.73746496,3422674.0,0.5864195655209933,genomic_traits+gtdb_distance+rrna16s
3300029716_14,0.73757046,2816578.0,0.5553792580926216,genomic_traits+gtdb_distance+rrna16s
3300029240_13,0.7375794,2757294.0,0.5547264818332757,genomic_traits+gtdb_distance+rrna16s
3300029384_10,0.73763376,2810483.0,0.5544808490213248,genomic_traits+gtdb_distance+rrna16s
3300013711_2,0.73769957,4512007.0,0.6403416484061306,genomic_traits+gtdb_distance+rrna16s
3300012837_9,0.7377222,4291017.0,0.6916782198718858,genomic_traits+gtdb_distance+rrna16s
3300029782_18,0.7377255,2694213.0,0.5539732753126795,genomic_traits+gtdb_distance+rrna16s
3300020131_5,0.7377289,5284786.0,0.571108650378653,genomic_traits+gtdb_distance+rrna16s
3300029716_13,0.7377666,2981898.0,0.5819565256759286,genomic_traits+gtdb_distance+rrna16s
3300029127_12,0.73783505,2736467.0,0.5541093680281911,genomic_traits+gtdb_distance+rrna16s
3300029388_20,0.73784244,2088546.0,0.4939163417995103,genomic_traits+gtdb_distance+rrna16s
3300020214_31,0.7378706,2695658.0,0.6101066975113312,genomic_traits+gtdb_distance+rrna16s
3300029616_15,0.7379656,2701041.0,0.5529375525954623,genomic_traits+gtdb_distance+rrna16s
3300029703_15,0.7380742,2577326.0,0.557256241546471,genomic_traits+gtdb_distance+rrna16s
3300025715_3,0.7381114,7148516.0,0.6369853547225746,genomic_traits+gtdb_distance+rrna16s
3300029773_12,0.7381145,2633315.0,0.5546024687513648,genomic_traits+gtdb_distance+rrna16s
3300029736_15,0.7381208,2790267.0,0.5546913610776316,genomic_traits+gtdb_distance+rrna16s
3300029002_6,0.7381356,2657718.0,0.5564559520611292,genomic_traits+gtdb_distance+rrna16s
3300029385_11,0.73815024,2806211.0,0.5542088602745838,genomic_traits+gtdb_distance+rrna16s
3300025105_47,0.7381518,1666735.0,0.4254617560680012,genomic_traits+gtdb_distance+rrna16s
3300029541_8,0.73826665,2849284.0,0.554483161383702,genomic_traits+gtdb_distance+rrna16s
3300014627_1,0.73838323,4308583.0,0.6417806039711896,genomic_traits+gtdb_distance+rrna16s
3300029732_9,0.7383985,2801789.0,0.5550664236314726,genomic_traits+gtdb_distance+rrna16s
3300029793_12,0.7384687,3053147.0,0.57996355891151,genomic_traits+gtdb_distance+rrna16s
3300011539_2,0.7384865,4304251.0,0.6435052230922407,genomic_traits+gtdb_distance+rrna16s
3300029851_12,0.7385152,2811249.0,0.5537506638508364,genomic_traits+gtdb_distance+rrna16s
3300025859_17,0.73853475,3955789.0,0.6172025353222834,genomic_traits+gtdb_distance+rrna16s
3300029117_7,0.7385574,2721971.0,0.5541546915819456,genomic_traits+gtdb_distance+rrna16s
3300014738_2,0.73864335,4367207.0,0.35232770051889,genomic_traits+gtdb_distance+rrna16s
3300029032_4,0.73881465,2866706.0,0.5518916135801858,genomic_traits+gtdb_distance+rrna16s
3300029310_15,0.7388575,2157342.0,0.4534464169334301,genomic_traits+gtdb_distance+rrna16s
3300012799_6,0.7388818,3196285.0,0.7096954745900319,genomic_traits+gtdb_distance+rrna16s
3300029641_7,0.7389031,2743706.0,0.555719526800612,genomic_traits+gtdb_distance+rrna16s
3300029378_10,0.7389105,2804375.0,0.5544732783597058,genomic_traits+gtdb_distance+rrna16s
3300022401_8,0.73898715,1498849.0,0.439445200950863,genomic_traits+gtdb_distance+rrna16s
3300014687_1,0.7389991,4771047.0,0.6424472448081102,genomic_traits+gtdb_distance+rrna16s
3300029858_12,0.7390197,2658906.0,0.5574273780269028,genomic_traits+gtdb_distance+rrna16s
3300026311_29,0.7390276,2847643.0,0.5293100293821943,genomic_traits+gtdb_distance+rrna16s
3300029430_12,0.7390855,2761214.0,0.5567561949200606,genomic_traits+gtdb_distance+rrna16s
3300029490_17,0.7391001,2823101.0,0.5538480557372903,genomic_traits+gtdb_distance+rrna16s
3300011878_3,0.7391067,4647282.0,0.5590723782202156,genomic_traits+gtdb_distance+rrna16s
3300029576_12,0.7391526,2771939.0,0.5561035073282637,genomic_traits+gtdb_distance+rrna16s
3300008461_6,0.73923457,2686148.0,0.5552650114587878,genomic_traits+gtdb_distance+rrna16s
3300008622_10,0.739254,2620163.0,0.5548486868946703,genomic_traits+gtdb_distance+rrna16s
3300029852_12,0.73926693,2715005.0,0.5549319430350957,genomic_traits+gtdb_distance+rrna16s
3300014592_1,0.73928297,4648288.0,0.6412313522742137,genomic_traits+gtdb_distance+rrna16s
3300029113_10,0.73934376,2754679.0,0.5554117194780227,genomic_traits+gtdb_distance+rrna16s
3300029540_10,0.73940516,3112668.0,0.5803741356289845,genomic_traits+gtdb_distance+rrna16s
3300020153_27,0.73941,2643930.0,0.7032776964594373,genomic_traits+gtdb_distance+rrna16s
3300029714_19,0.73944694,2678127.0,0.5552585818372318,genomic_traits+gtdb_distance+rrna16s
3300014938_5,0.739592,2828315.0,0.5555636483206432,genomic_traits+gtdb_distance+rrna16s
3300029040_8,0.7396005,2751224.0,0.5550282347057164,genomic_traits+gtdb_distance+rrna16s
3300008639_13,0.73962075,1932443.0,0.2721358404879212,genomic_traits+gtdb_distance+rrna16s
3300008640_6,0.739654,2712104.0,0.5547884594396085,genomic_traits+gtdb_distance+rrna16s
3300029620_16,0.7396955,2744007.0,0.5556731451486822,genomic_traits+gtdb_distance+rrna16s
3300029672_10,0.73982495,2567952.0,0.5568935867960149,genomic_traits+gtdb_distance+rrna16s
3300029577_17,0.7398294,2622381.0,0.5550783810590452,genomic_traits+gtdb_distance+rrna16s
3300029106_8,0.7398614,2661438.0,0.554801952929206,genomic_traits+gtdb_distance+rrna16s
3300029885_19,0.73989606,2348518.0,0.5730652266663487,genomic_traits+gtdb_distance+rrna16s
3300029386_10,0.7399622,2804832.0,0.5548909881233528,genomic_traits+gtdb_distance+rrna16s
3300029878_13,0.73996925,2746015.0,0.5551320732042615,genomic_traits+gtdb_distance+rrna16s
3300029845_16,0.74001503,2785468.0,0.5549142908839735,genomic_traits+gtdb_distance+rrna16s
3300027052_6,0.74003583,2683812.0,0.661740464682325,genomic_traits+gtdb_distance+rrna16s
3300029611_26,0.74004644,1977138.0,0.3672550929677139,genomic_traits+gtdb_distance+rrna16s
3300023084_31,0.7400837,2165279.0,0.518386776022859,genomic_traits+gtdb_distance+rrna16s
3300029840_13,0.74013215,2806357.0,0.5545652245954452,genomic_traits+gtdb_distance+rrna16s
3300029245_15,0.7401697,2688268.0,0.5550856536625068,genomic_traits+gtdb_distance+rrna16s
3300029565_12,0.7401832,2725901.0,0.5557791717307415,genomic_traits+gtdb_distance+rrna16s
3300014709_5,0.7401955,2602457.0,0.5568211117417118,genomic_traits+gtdb_distance+rrna16s
3300029582_11,0.7401992,2820850.0,0.5567346721732811,genomic_traits+gtdb_distance+rrna16s
3300014790_7,0.74023217,2632908.0,0.5554216098701512,genomic_traits+gtdb_distance+rrna16s
3300008520_13,0.7405866,2666713.0,0.5538905011525425,genomic_traits+gtdb_distance+rrna16s
3300014552_7,0.7406123,2706681.0,0.5566474216946881,genomic_traits+gtdb_distance+rrna16s
3300011769_4,0.7406222,4638354.0,0.6394981926778336,genomic_traits+gtdb_distance+rrna16s
3300029720_20,0.74062306,2766490.0,0.5544325119555827,genomic_traits+gtdb_distance+rrna16s
3300022912_27,0.7407192,2376586.0,0.4396617669211213,genomic_traits+gtdb_distance+rrna16s
3300008481_19,0.74074143,2073084.0,0.560083431255077,genomic_traits+gtdb_distance+rrna16s
3300029204_11,0.74078697,2710138.0,0.5559882928470801,genomic_traits+gtdb_distance+rrna16s
3300029702_19,0.7408326,2765940.0,0.5562344085555001,genomic_traits+gtdb_distance+rrna16s
3300029698_11,0.74085176,2793737.0,0.5542762257148758,genomic_traits+gtdb_distance+rrna16s
3300012229_2,0.7410491,2701072.0,0.3761014145494826,genomic_traits+gtdb_distance+rrna16s
3300022885_8,0.7410896,3693286.0,0.6026267665163217,genomic_traits+gtdb_distance+rrna16s
3300029744_11,0.7411065,2855481.0,0.5557946279453444,genomic_traits+gtdb_distance+rrna16s
3300029376_13,0.74111027,2737287.0,0.5552212829710585,genomic_traits+gtdb_distance+rrna16s
3300011677_4,0.7411126,1783208.0,0.3764378580625479,genomic_traits+gtdb_distance+rrna16s
3300006461_14,0.74114895,1933990.0,0.4752739155838448,genomic_traits+gtdb_distance+rrna16s
3300014804_8,0.74119264,2730732.0,0.5562676967201469,genomic_traits+gtdb_distance+rrna16s
3300029295_6,0.7412517,2717637.0,0.5554163414760691,genomic_traits+gtdb_distance+rrna16s
3300011519_1,0.74126977,4619045.0,0.6403117960530802,genomic_traits+gtdb_distance+rrna16s
3300014062_1,0.74136174,4790439.0,0.6404893163236188,genomic_traits+gtdb_distance+rrna16s
3300011839_3,0.74138117,4062280.0,0.6425541813956694,genomic_traits+gtdb_distance+rrna16s
3300029356_14,0.741424,2686847.0,0.3859133028415835,genomic_traits+gtdb_distance+rrna16s
3300007109_10,0.74145645,2596892.0,0.5576315842168253,genomic_traits+gtdb_distance+rrna16s
3300029846_15,0.74147445,2759170.0,0.5565876694803147,genomic_traits+gtdb_distance+rrna16s
3300011649_3,0.7415085,4655836.0,0.6379208803746523,genomic_traits+gtdb_distance+rrna16s
3300014149_11,0.74165666,2672560.0,0.5825882300116741,genomic_traits+gtdb_distance+rrna16s
3300029554_10,0.74172443,2712367.0,0.5562444167769333,genomic_traits+gtdb_distance+rrna16s
3300029214_7,0.7418249,3165387.0,0.5789029903768481,genomic_traits+gtdb_distance+rrna16s
3300029087_7,0.7418595,2525177.0,0.586176335361838,genomic_traits+gtdb_distance+rrna16s
3300029688_11,0.74192065,2706346.0,0.5562027176126039,genomic_traits+gtdb_distance+rrna16s
3300027784_103,0.74199456,1272528.0,0.5681179510391913,genomic_traits+gtdb_distance+rrna16s
3300029724_11,0.74207693,2733987.0,0.556560071426821,genomic_traits+gtdb_distance+rrna16s
3300011692_2,0.7421233,4397497.0,0.6415390391397652,genomic_traits+gtdb_distance+rrna16s
3300014555_3,0.74212813,2667490.0,0.5554048937390581,genomic_traits+gtdb_distance+rrna16s
3300029206_12,0.7421371,2786191.0,0.5564948705957344,genomic_traits+gtdb_distance+rrna16s
3300029728_15,0.742162,2674376.0,0.5565462747197851,genomic_traits+gtdb_distance+rrna16s
3300028631_24,0.7422784,1933074.0,0.3504144176580928,genomic_traits+gtdb_distance+rrna16s
3300014789_6,0.742412,2739812.0,0.5573006469057001,genomic_traits+gtdb_distance+rrna16s
3300029610_18,0.7424136,2693801.0,0.5570597085679306,genomic_traits+gtdb_distance+rrna16s
3300008385_5,0.74243885,2708310.0,0.5547640410440459,genomic_traits+gtdb_distance+rrna16s
3300029028_3,0.7428026,4702662.0,0.4492053649613772,genomic_traits+gtdb_distance+rrna16s
3300026980_7,0.7428057,3678113.0,0.6589675194862148,genomic_traits+gtdb_distance+rrna16s
3300029745_14,0.74299335,2721786.0,0.5574802721448343,genomic_traits+gtdb_distance+rrna16s
3300011913_2,0.74302465,4481738.0,0.6492068478791041,genomic_traits+gtdb_distance+rrna16s
3300014731_4,0.74306065,2856443.0,0.3746145118246714,genomic_traits+gtdb_distance+rrna16s
3300029121_10,0.74324894,2692432.0,0.5566116433024121,genomic_traits+gtdb_distance+rrna16s
3300029337_17,0.7433024,2667939.0,0.556120660929654,genomic_traits+gtdb_distance+rrna16s
3300005275_3,0.743471,1916887.0,0.3381769504410015,genomic_traits+gtdb_distance+rrna16s
3300014949_7,0.7435412,2637150.0,0.5566987088333997,genomic_traits+gtdb_distance+rrna16s
3300029718_19,0.7436633,2298599.0,0.5183992510220355,genomic_traits+gtdb_distance+rrna16s
3300029739_11,0.7437086,2632783.0,0.5567553421607477,genomic_traits+gtdb_distance+rrna16s
3300014561_5,0.7437265,2689377.0,0.5581794594063978,genomic_traits+gtdb_distance+rrna16s
3300029153_2,0.74372965,2751829.0,0.4724773959428438,genomic_traits+gtdb_distance+rrna16s
3300011577_1,0.7439254,4650512.0,0.6399484615887455,genomic_traits+gtdb_distance+rrna16s
3300006045_69,0.74408126,2278264.0,0.5404224444577099,genomic_traits+gtdb_distance+rrna16s
3300025481_9,0.7441058,3844570.0,0.6752024283599987,genomic_traits+gtdb_distance+rrna16s
3300024265_5,0.7441522,5417629.0,0.6603196712067216,genomic_traits+gtdb_distance+rrna16s
3300011675_1,0.7441811,4364855.0,0.6401784251710538,genomic_traits+gtdb_distance+rrna16s
3300009704_30,0.7441829,2487567.0,0.5970094473837287,genomic_traits+gtdb_distance+rrna16s
3300014544_3,0.7441887,2632687.0,0.5562685575611533,genomic_traits+gtdb_distance+rrna16s
3300029595_14,0.7442021,2632985.0,0.5568254281737268,genomic_traits+gtdb_distance+rrna16s
3300025861_13,0.7443139,4265996.0,0.6102546744066333,genomic_traits+gtdb_distance+rrna16s
3300012921_29,0.74433786,3761384.0,0.6480388601642374,genomic_traits+gtdb_distance+rrna16s
3300029437_27,0.74440175,1990101.0,0.4949648284182562,genomic_traits+gtdb_distance+rrna16s
3300008260_10,0.7444634,2693064.0,0.5583105340236993,genomic_traits+gtdb_distance+rrna16s
3300029719_24,0.7445169,2615787.0,0.5569799834619562,genomic_traits+gtdb_distance+rrna16s
3300029742_15,0.7446058,2635897.0,0.5562045861427818,genomic_traits+gtdb_distance+rrna16s
3300011528_1,0.744629,6293130.0,0.6778777810088144,genomic_traits+gtdb_distance+rrna16s
3300025724_8,0.7446719,3569321.0,0.6383964905369957,genomic_traits+gtdb_distance+rrna16s
3300014930_1,0.7446745,4757808.0,0.6782970224943924,genomic_traits+gtdb_distance+rrna16s
3300029730_11,0.74486995,2672672.0,0.5557206421139593,genomic_traits+gtdb_distance+rrna16s
3300013128_29,0.7450422,2380141.0,0.6603806245092203,genomic_traits+gtdb_distance+rrna16s
3300014782_6,0.7451992,2658102.0,0.5618591762091899,genomic_traits+gtdb_distance+rrna16s
3300029770_15,0.745215,2631151.0,0.5577897277655293,genomic_traits+gtdb_distance+rrna16s
3300025105_9,0.745468,3835155.0,0.5960935086065622,genomic_traits+gtdb_distance+rrna16s
3300029711_25,0.7455062,2115061.0,0.5133383859850851,genomic_traits+gtdb_distance+rrna16s
3300029243_21,0.74551094,2006069.0,0.4464452618529073,genomic_traits+gtdb_distance+rrna16s
3300026519_26,0.74565446,2760981.0,0.5222484327128655,genomic_traits+gtdb_distance+rrna16s
3300029735_17,0.74571294,2180252.0,0.3806316884470235,genomic_traits+gtdb_distance+rrna16s
3300029555_11,0.74586695,2659061.0,0.5573952609586618,genomic_traits+gtdb_distance+rrna16s
3300029221_10,0.74600196,2571809.0,0.5580212216381543,genomic_traits+gtdb_distance+rrna16s
3300029590_13,0.7461179,3020636.0,0.5772334038262141,genomic_traits+gtdb_distance+rrna16s
3300029561_12,0.74615854,2640740.0,0.5572358505570408,genomic_traits+gtdb_distance+rrna16s
3300000866_7,0.7461635,2091707.0,0.5128791938832733,genomic_traits+gtdb_distance+rrna16s
3300000169_13,0.7461732,1847573.0,0.4752927218572689,genomic_traits+gtdb_distance+rrna16s
3300004870_4,0.7462217,2220197.0,0.4995899012565101,genomic_traits+gtdb_distance+rrna16s
3300028638_14,0.7462257,3441125.0,0.5709191034908642,genomic_traits+gtdb_distance+rrna16s
3300011792_1,0.74627423,4584425.0,0.6400037082076815,genomic_traits+gtdb_distance+rrna16s
3300014595_2,0.7462921,4452294.0,0.6405084659728221,genomic_traits+gtdb_distance+rrna16s
3300029621_21,0.7463011,2545060.0,0.5585345728587932,genomic_traits+gtdb_distance+rrna16s
3300007126_2,0.74631596,3072929.0,0.6543799092006356,genomic_traits+gtdb_distance+rrna16s
3300029613_20,0.7464586,2625308.0,0.5570317844610995,genomic_traits+gtdb_distance+rrna16s
3300025861_9,0.7465652,4731473.0,0.6580081932201663,genomic_traits+gtdb_distance+rrna16s
3300028625_10,0.7467821,3186424.0,0.6814551359141157,genomic_traits+gtdb_distance+rrna16s
3300029603_13,0.7467976,2594732.0,0.5854099768299771,genomic_traits+gtdb_distance+rrna16s
3300013940_6,0.7468533,2584250.0,0.5587470252491051,genomic_traits+gtdb_distance+rrna16s
3300029619_12,0.7469097,2647133.0,0.5577192381342381,genomic_traits+gtdb_distance+rrna16s
3300029545_7,0.74704295,2427080.0,0.2917031989056809,genomic_traits+gtdb_distance+rrna16s
3300007566_12,0.74707377,2265622.0,0.4566494322530413,genomic_traits+gtdb_distance+rrna16s
3300025161_38,0.7471446,3250669.0,0.7048290674934914,genomic_traits+gtdb_distance+rrna16s
3300013902_12,0.74714667,2074368.0,0.3967627730470196,genomic_traits+gtdb_distance+rrna16s
3300021604_10,0.7472204,3206005.0,0.4228277872305252,genomic_traits+gtdb_distance+rrna16s
3300006499_10,0.7473344,2601725.0,0.5589737577953089,genomic_traits+gtdb_distance+rrna16s
3300029928_13,0.7473989,1929367.0,0.4514610232267889,genomic_traits+gtdb_distance+rrna16s
3300029363_15,0.7474636,2624791.0,0.558130914042299,genomic_traits+gtdb_distance+rrna16s
3300029362_15,0.74801356,2918250.0,0.5829274393900454,genomic_traits+gtdb_distance+rrna16s
3300029873_28,0.7480967,2001688.0,0.4932906626806975,genomic_traits+gtdb_distance+rrna16s
3300007669_13,0.7481194,2662292.0,0.5582321548500315,genomic_traits+gtdb_distance+rrna16s
3300029784_17,0.7482286,2528950.0,0.551987188358805,genomic_traits+gtdb_distance+rrna16s
3300026202_4,0.7483638,4168087.0,0.6634643182831836,genomic_traits+gtdb_distance+rrna16s
3300011707_5,0.7484153,1978994.0,0.3959794723986025,genomic_traits+gtdb_distance+rrna16s
3300029757_9,0.7485433,2608721.0,0.5584410904807375,genomic_traits+gtdb_distance+rrna16s
3300028969_6,0.748679,2842635.0,0.3754650174925729,genomic_traits+gtdb_distance+rrna16s
3300025094_22,0.74869686,2743206.0,0.6684762281797284,genomic_traits+gtdb_distance+rrna16s
3300028168_7,0.7488783,4065117.0,0.6195942207813453,genomic_traits+gtdb_distance+rrna16s
3300026268_12,0.7489754,1994044.0,0.5060379811077389,genomic_traits+gtdb_distance+rrna16s
3300026311_13,0.74910384,4238764.0,0.6681174040357047,genomic_traits+gtdb_distance+rrna16s
3300009704_5,0.7491169,4943349.0,0.6233561498490193,genomic_traits+gtdb_distance+rrna16s
3300002173_34,0.7491242,1843235.0,0.3649230836003005,genomic_traits+gtdb_distance+rrna16s
3300028994_6,0.7497477,2568651.0,0.5581186389275927,genomic_traits+gtdb_distance+rrna16s
3300027826_12,0.7497605,5780084.0,0.6000525251882153,genomic_traits+gtdb_distance+rrna16s
3300017971_39,0.75019926,3111936.0,0.6090125246791708,genomic_traits+gtdb_distance+rrna16s
3300029304_4,0.75029355,4658073.0,0.5923464488426866,genomic_traits+gtdb_distance+rrna16s
3300014971_8,0.7503286,2566190.0,0.5594648096984245,genomic_traits+gtdb_distance+rrna16s
3300027888_39,0.7503581,2502133.0,0.5284822989025764,genomic_traits+gtdb_distance+rrna16s
3300014895_3,0.75046676,2598751.0,0.3178480739401351,genomic_traits+gtdb_distance+rrna16s
3300029759_12,0.7504787,2667434.0,0.2922861446618735,genomic_traits+gtdb_distance+rrna16s
3300008722_14,0.7504827,2438218.0,0.5590451715146062,genomic_traits+gtdb_distance+rrna16s
3300013137_12,0.75051796,6800087.0,0.6269512434179151,genomic_traits+gtdb_distance+rrna16s
3300027832_34,0.75054306,4047683.0,0.592505144301073,genomic_traits+gtdb_distance+rrna16s
3300026250_13,0.7506595,2994608.0,0.6344129181515578,genomic_traits+gtdb_distance+rrna16s
3300029425_18,0.7507197,1923730.0,0.62492709475862,genomic_traits+gtdb_distance+rrna16s
3300026519_21,0.7507243,3209794.0,0.6735413549903826,genomic_traits+gtdb_distance+rrna16s
3300001095_21,0.7509197,2075914.0,0.5126532216652521,genomic_traits+gtdb_distance+rrna16s
3300025589_23,0.75099576,2104631.0,0.4336565412179142,genomic_traits+gtdb_distance+rrna16s
3300025762_5,0.75103164,5158111.0,0.6431625841320592,genomic_traits+gtdb_distance+rrna16s
3300014786_13,0.7512912,2555404.0,0.5590611112763383,genomic_traits+gtdb_distance+rrna16s
3300022900_32,0.7513381,1978566.0,0.6947673213832645,genomic_traits+gtdb_distance+rrna16s
3300025925_11,0.7513538,5359152.0,0.7098429005185896,genomic_traits+gtdb_distance+rrna16s
3300028624_5,0.75140095,4391897.0,0.6920417304868488,genomic_traits+gtdb_distance+rrna16s
3300021604_8,0.75146043,3590880.0,0.6999401260972241,genomic_traits+gtdb_distance+rrna16s
3300027778_7,0.7515345,2751526.0,0.3803256810947816,genomic_traits+gtdb_distance+rrna16s
3300006566_14,0.7517794,2188120.0,0.4894992047968118,genomic_traits+gtdb_distance+rrna16s
3300026193_3,0.75185883,4080856.0,0.6638293534493743,genomic_traits+gtdb_distance+rrna16s
3300011360_5,0.75196666,2057384.0,0.3691168007528006,genomic_traits+gtdb_distance+rrna16s
3300002846_1,0.7524262,4432285.0,0.6663991598013215,genomic_traits+gtdb_distance+rrna16s
3300020145_2,0.7524951,3896980.0,0.6696326386073318,genomic_traits+gtdb_distance+rrna16s
3300029437_29,0.7525161,1943943.0,0.4452038974393796,genomic_traits+gtdb_distance+rrna16s
3300029349_2,0.75263244,4413896.0,0.4233871844737619,genomic_traits+gtdb_distance+rrna16s
3300011974_80,0.75282174,847685.0,0.2344974843249556,genomic_traits+gtdb_distance+rrna16s
3300015207_20,0.7528393,2568245.0,0.5603791694328228,genomic_traits+gtdb_distance+rrna16s
3300027906_5,0.75290745,4558824.0,0.6414974563615529,genomic_traits+gtdb_distance+rrna16s
3300025686_20,0.75298417,2918942.0,0.7261655079134838,genomic_traits+gtdb_distance+rrna16s
3300010277_37,0.7530384,1781267.0,0.342963182947868,genomic_traits+gtdb_distance+rrna16s
3300027951_20,0.75313777,3637747.0,0.5930802774354567,genomic_traits+gtdb_distance+rrna16s
3300008743_13,0.7532037,2091613.0,0.4692651078378266,genomic_traits+gtdb_distance+rrna16s
3300017400_25,0.75326145,1213917.0,0.4697067427179947,genomic_traits+gtdb_distance
3300014930_8,0.7534111,1878476.0,0.4621597507766934,genomic_traits+gtdb_distance+rrna16s
3300029761_17,0.7534114,2015744.0,0.3773827430467361,genomic_traits+gtdb_distance+rrna16s
3300022660_125,0.7535947,1646703.0,0.4528922337543564,genomic_traits+gtdb_distance+rrna16s
3300013127_26,0.75395083,2448820.0,0.5573913150006942,genomic_traits+gtdb_distance+rrna16s
3300029633_9,0.7540071,2298439.0,0.5440240093385119,genomic_traits+gtdb_distance+rrna16s
3300029386_25,0.7545468,1982480.0,0.4446693030951132,genomic_traits+gtdb_distance+rrna16s
3300020477_10,0.7547166,5648993.0,0.5947838844905632,genomic_traits+gtdb_distance+rrna16s
3300027968_58,0.75473255,2311563.0,0.6610232989539978,genomic_traits+gtdb_distance+rrna16s
3300029428_9,0.75474966,2970609.0,0.5169010798795802,genomic_traits+gtdb_distance+rrna16s
3300025518_8,0.7551124,2743756.0,0.7070985903994379,genomic_traits+gtdb_distance+rrna16s
3300029091_7,0.7559656,3908600.0,0.4425702297497825,genomic_traits+gtdb_distance+rrna16s
3300023179_34,0.75643957,2171939.0,0.5224944162796469,genomic_traits+gtdb_distance+rrna16s
3300008160_9,0.75666815,1851127.0,0.5112420703711847,genomic_traits+gtdb_distance+rrna16s
3300005286_51,0.75669384,2947945.0,0.6795744153978449,genomic_traits+gtdb_distance+rrna16s
3300025689_5,0.75681573,4993175.0,0.5964978195236498,genomic_traits+gtdb_distance+rrna16s
3300027885_7,0.75694597,4194765.0,0.6461050857437782,genomic_traits+gtdb_distance+rrna16s
3300017431_42,0.7575097,1470852.0,0.5792880588937568,genomic_traits+gtdb_distance+rrna16s
3300018080_62,0.75763077,1625794.0,0.5413619437640931,genomic_traits+gtdb_distance+rrna16s
3300029361_23,0.75784874,1945045.0,0.3826477022382515,genomic_traits+gtdb_distance+rrna16s
3300017986_32,0.75788057,1967408.0,0.6946845799142831,genomic_traits+gtdb_distance+rrna16s
3300029464_8,0.75819373,2510400.0,0.5609062300828553,genomic_traits+gtdb_distance+rrna16s
3300029297_7,0.75824755,2567401.0,0.5604352417094174,genomic_traits+gtdb_distance+rrna16s
3300011749_5,0.7583896,1940898.0,0.3953561701851411,genomic_traits+gtdb_distance+rrna16s
3300027983_11,0.7584806,5209418.0,0.633048259901586,genomic_traits+gtdb_distance+rrna16s
3300027800_37,0.7585123,2770596.0,0.5601329100309104,genomic_traits+gtdb_distance+rrna16s
3300008281_15,0.758554,2176668.0,0.4703188543222944,genomic_traits+gtdb_distance+rrna16s
3300011989_31,0.7587237,1511877.0,0.5486650038329838,genomic_traits+gtdb_distance+rrna16s
3300014793_8,0.7595706,2945112.0,0.5830365704258446,genomic_traits+gtdb_distance+rrna16s
3300005529_43,0.75966156,4944954.0,0.6088968673924975,genomic_traits+gtdb_distance+rrna16s
3300011755_1,0.75975704,6550219.0,0.6639097104997558,genomic_traits+gtdb_distance+rrna16s
3300019458_11,0.75978047,4336050.0,0.6603936762721833,genomic_traits+gtdb_distance+rrna16s
3300023174_68,0.7597859,1170394.0,0.4162017235221643,genomic_traits+gtdb_distance
3300028631_10,0.75996655,3638933.0,0.637173589071302,genomic_traits+gtdb_distance+rrna16s
3300025708_30,0.7601893,2667145.0,0.5181371841425945,genomic_traits+gtdb_distance+rrna16s
3300015370_18,0.7603199,3833270.0,0.6746253198965896,genomic_traits+gtdb_distance+rrna16s
3300029822_13,0.7605107,2942297.0,0.6051863561020523,genomic_traits+gtdb_distance+rrna16s
3300029481_15,0.7606076,2272453.0,0.5115243307562357,genomic_traits+gtdb_distance+rrna16s
3300027815_11,0.76064444,8030800.0,0.6907308113762016,genomic_traits+gtdb_distance+rrna16s
3300029726_10,0.7607761,2882339.0,0.5822548978451182,genomic_traits+gtdb_distance+rrna16s
3300029710_30,0.7608262,1881235.0,0.4215454209601671,genomic_traits+gtdb_distance+rrna16s
3300014623_1,0.7609198,5972210.0,0.6031430575950946,genomic_traits+gtdb_distance+rrna16s
3300014713_9,0.7610101,1908248.0,0.3704151661628886,genomic_traits+gtdb_distance+rrna16s
3300029595_25,0.76111,2026470.0,0.398110013965171,genomic_traits+gtdb_distance+rrna16s
3300028629_13,0.76133835,3634413.0,0.6376905981791282,genomic_traits+gtdb_distance+rrna16s
3300029562_21,0.7613724,1950457.0,0.3457153887524821,genomic_traits+gtdb_distance+rrna16s
3300029583_13,0.7614048,3019343.0,0.5805223189283232,genomic_traits+gtdb_distance+rrna16s
3300020139_11,0.7617418,2864557.0,0.6417760233083161,genomic_traits+gtdb_distance+rrna16s
3300011572_3,0.7617781,1964313.0,0.3943913215460061,genomic_traits+gtdb_distance+rrna16s
3300014749_10,0.7619971,1603228.0,0.4548729188861471,genomic_traits+gtdb_distance+rrna16s
3300025507_3,0.76215005,5383144.0,0.5716412193320484,genomic_traits+gtdb_distance+rrna16s
3300029854_6,0.762305,3002345.0,0.5821063202263564,genomic_traits+gtdb_distance+rrna16s
3300019487_22,0.7624592,2991927.0,0.6291831318076945,genomic_traits+gtdb_distance+rrna16s
3300027640_35,0.7624612,2426258.0,0.4707055061745288,genomic_traits+gtdb_distance+rrna16s
3300029484_15,0.7626981,2244242.0,0.5433500487024127,genomic_traits+gtdb_distance+rrna16s
3300027719_12,0.76282483,3987775.0,0.4874633097403941,genomic_traits+gtdb_distance+rrna16s
3300010882_34,0.7628741,2145018.0,0.5736604541313872,genomic_traits+gtdb_distance+rrna16s
3300027238_1,0.7630145,2703369.0,0.6205116652591637,genomic_traits+gtdb_distance
3300029779_21,0.7630368,1965947.0,0.4385967678681063,genomic_traits+gtdb_distance+rrna16s
3300029238_9,0.76330185,3186705.0,0.5795927141043805,genomic_traits+gtdb_distance+rrna16s
3300013491_1,0.76337916,6839089.0,0.6617548038927407,genomic_traits+gtdb_distance+rrna16s
3300029492_21,0.7633869,2038049.0,0.5151088123985242,genomic_traits+gtdb_distance+rrna16s
3300025784_18,0.76360524,3575443.0,0.6378155098543034,genomic_traits+gtdb_distance+rrna16s
3300017522_7,0.7636113,6805216.0,0.6030682934972234,genomic_traits+gtdb_distance+rrna16s
3300009100_31,0.7638076,3718053.0,0.6161517869702234,genomic_traits+gtdb_distance+rrna16s
3300028603_32,0.7638122,3404088.0,0.6178682807259976,genomic_traits+gtdb_distance+rrna16s
3300029822_20,0.7639123,2342535.0,0.4896358005323293,genomic_traits+gtdb_distance+rrna16s
3300011973_8,0.7639695,1845820.0,0.4783527104484728,genomic_traits+gtdb_distance+rrna16s
3300028986_2,0.76402336,4592285.0,0.4512235194462016,genomic_traits+gtdb_distance+rrna16s
3300008734_32,0.76403725,1688708.0,0.4549661634811939,genomic_traits+gtdb_distance+rrna16s
3300017950_14,0.7640673,3932038.0,0.6235593348792662,genomic_traits+gtdb_distance+rrna16s
3300029028_6,0.76443577,2986945.0,0.580965501540872,genomic_traits+gtdb_distance+rrna16s
3300027820_35,0.7645895,2939418.0,0.6061628526463402,genomic_traits+gtdb_distance
3300011511_6,0.76485014,2762751.0,0.3759929867005749,genomic_traits+gtdb_distance+rrna16s
3300029482_20,0.7649254,1944434.0,0.4462162253900106,genomic_traits+gtdb_distance+rrna16s
3300005858_6,0.7651224,2987285.0,0.6202032949651607,genomic_traits+gtdb_distance+rrna16s
3300029743_13,0.7652028,3174771.0,0.5777950598641602,genomic_traits+gtdb_distance+rrna16s
3300029738_25,0.7654939,2191891.0,0.5257328033191432,genomic_traits+gtdb_distance+rrna16s
3300000257_4,0.765678,1750609.0,0.422436420697026,genomic_traits+gtdb_distance+rrna16s
3300018022_12,0.765918,3008540.0,0.4354863156215307,genomic_traits+gtdb_distance+rrna16s
3300029138_4,0.7662396,3141224.0,0.57818417279379,genomic_traits+gtdb_distance+rrna16s
3300009566_33,0.7665406,1408598.0,0.3860547863904393,genomic_traits+gtdb_distance+rrna16s
3300029379_24,0.7666602,2092306.0,0.5290750970460344,genomic_traits+gtdb_distance+rrna16s
3300027863_120,0.76673293,2063178.0,0.4953542544559897,genomic_traits+gtdb_distance+rrna16s
3300027878_83,0.76695013,2863392.0,0.6485608676702317,genomic_traits+gtdb_distance+rrna16s
3300027951_9,0.76707244,5051042.0,0.4016499961790062,genomic_traits+gtdb_distance+rrna16s
3300025882_3,0.76726836,7172426.0,0.6270266155412408,genomic_traits+gtdb_distance+rrna16s
3300029365_21,0.76729417,2642464.0,0.5838134407885973,genomic_traits+gtdb_distance+rrna16s
3300029247_19,0.7674173,2299397.0,0.5002089678293918,genomic_traits+gtdb_distance+rrna16s
3300025890_28,0.76744354,2879733.0,0.5328445380179343,genomic_traits+gtdb_distance+rrna16s
3300027965_35,0.76747745,4156829.0,0.7124522081615577,genomic_traits+gtdb_distance+rrna16s
3300025534_19,0.76757085,2777672.0,0.7263903009426599,genomic_traits+gtdb_distance+rrna16s
3300009703_8,0.7677092,7183438.0,0.7171872298473237,genomic_traits+gtdb_distance+rrna16s
3300011225_5,0.7677422,3354856.0,0.4285283779691289,genomic_traits+gtdb_distance+rrna16s
3300029562_24,0.7681024,1856560.0,0.3680285043305899,genomic_traits+gtdb_distance+rrna16s
3300029855_9,0.7681614,3112128.0,0.5796615691899561,genomic_traits+gtdb_distance+rrna16s
3300026108_6,0.76853716,3177435.0,0.5925159759365651,genomic_traits+gtdb_distance+rrna16s
3300005275_11,0.768679,1272830.0,0.4639472671134401,genomic_traits+gtdb_distance
3300019775_11,0.7687293,2716715.0,0.570218812057945,genomic_traits+gtdb_distance+rrna16s
3300024961_1,0.76873046,5398273.0,0.6796432859175517,genomic_traits+gtdb_distance+rrna16s
3300029734_15,0.76886874,3066216.0,0.5785042541034291,genomic_traits+gtdb_distance+rrna16s
3300006316_4,0.76889575,3533179.0,0.5794254975476759,genomic_traits+gtdb_distance+rrna16s
3300029537_20,0.7690104,1971819.0,0.3812931105745507,genomic_traits+gtdb_distance+rrna16s
3300008360_32,0.7691972,1660488.0,0.2856648166081296,genomic_traits+gtdb_distance+rrna16s
3300021409_12,0.76921403,3232746.0,0.4929233537061062,genomic_traits+gtdb_distance+rrna16s
3300029758_12,0.76939523,2739696.0,0.5817320607833862,genomic_traits+gtdb_distance+rrna16s
3300011584_4,0.7693964,3192971.0,0.4293981999836516,genomic_traits+gtdb_distance+rrna16s
3300029467_9,0.7698689,3104070.0,0.5781441784495839,genomic_traits+gtdb_distance+rrna16s
3300025817_3,0.7700174,6219171.0,0.7067896991415737,genomic_traits+gtdb_distance+rrna16s
3300029857_34,0.77001756,2223699.0,0.5130271677956414,genomic_traits+gtdb_distance+rrna16s
3300029844_11,0.77002865,3095607.0,0.579982213504492,genomic_traits+gtdb_distance+rrna16s
3300022177_37,0.77003616,2195623.0,0.5510208264351394,genomic_traits+gtdb_distance+rrna16s
3300029765_9,0.77013725,2811172.0,0.5817075582710699,genomic_traits+gtdb_distance+rrna16s
3300029782_12,0.77015495,3038884.0,0.5823476644715626,genomic_traits+gtdb_distance+rrna16s
3300027832_47,0.77030885,3392979.0,0.554849587928484,genomic_traits+gtdb_distance+rrna16s
3300027328_20,0.77039456,3549331.0,0.6214985302864117,genomic_traits+gtdb_distance+rrna16s
3300029672_18,0.7704553,1910038.0,0.3647231102208437,genomic_traits+gtdb_distance+rrna16s
3300029494_24,0.7704912,2117621.0,0.5771764635881491,genomic_traits+gtdb_distance+rrna16s
3300029359_20,0.7705571,2169838.0,0.5138586382946561,genomic_traits+gtdb_distance+rrna16s
3300029042_7,0.7705692,3009099.0,0.5155330549111212,genomic_traits+gtdb_distance+rrna16s
3300013829_12,0.7706364,1382940.0,0.4871925029285435,genomic_traits+gtdb_distance+rrna16s
3300027240_1,0.77083486,2862379.0,0.620328405148305,genomic_traits+gtdb_distance
3300027582_3,0.770891,5243017.0,0.4841267918833755,genomic_traits+gtdb_distance+rrna16s
3300024179_1,0.77093476,6425315.0,0.6328016603077048,genomic_traits+gtdb_distance+rrna16s
3300025161_15,0.7710219,5029194.0,0.6757675285542772,genomic_traits+gtdb_distance+rrna16s
3300013136_12,0.7712505,6743185.0,0.626359798819104,genomic_traits+gtdb_distance+rrna16s
3300029020_6,0.7714026,2909275.0,0.5792023785994792,genomic_traits+gtdb_distance+rrna16s
3300027509_7,0.77145064,6632095.0,0.5895615186453149,genomic_traits+gtdb_distance+rrna16s
3300027965_44,0.7716084,3079969.0,0.6501055692443658,genomic_traits+gtdb_distance+rrna16s
3300014970_7,0.77208287,3474751.0,0.3139194722154191,genomic_traits+gtdb_distance+rrna16s
3300029524_13,0.7724265,3112761.0,0.5790531300025925,genomic_traits+gtdb_distance+rrna16s
3300029447_32,0.7725598,2079945.0,0.5289808143965345,genomic_traits+gtdb_distance+rrna16s
3300001683_19,0.7727227,3664647.0,0.6437261215063824,genomic_traits+gtdb_distance+rrna16s
3300029890_9,0.77273744,3328870.0,0.5402184525079081,genomic_traits+gtdb_distance+rrna16s
3300012829_2,0.7727449,5916118.0,0.6978642075766576,genomic_traits+gtdb_distance+rrna16s
3300025882_5,0.77289873,5728334.0,0.4433592733943237,genomic_traits+gtdb_distance+rrna16s
3300027229_1,0.77317274,2863668.0,0.6212452002117564,genomic_traits+gtdb_distance
3300029337_11,0.7733574,3353037.0,0.5734869612235117,genomic_traits+gtdb_distance+rrna16s
3300029725_12,0.7733948,3087403.0,0.5799217011838105,genomic_traits+gtdb_distance+rrna16s
3300029477_16,0.773576,2298797.0,0.5446670584657975,genomic_traits+gtdb_distance+rrna16s
3300027790_23,0.7738527,3476290.0,0.6873364995440542,genomic_traits+gtdb_distance+rrna16s
3300029573_7,0.7739322,3211617.0,0.578167010574424,genomic_traits+gtdb_distance+rrna16s
3300025526_8,0.77399397,4433785.0,0.6672120998199056,genomic_traits+gtdb_distance+rrna16s
3300025855_2,0.7741084,7133239.0,0.6431719167127303,genomic_traits+gtdb_distance+rrna16s
3300017419_12,0.7742334,2669153.0,0.584217165520298,genomic_traits+gtdb_distance+rrna16s
3300029000_7,0.77442366,3089013.0,0.5791422697152779,genomic_traits+gtdb_distance+rrna16s
3300029620_18,0.77448857,2717492.0,0.4473039847035428,genomic_traits+gtdb_distance+rrna16s
3300029360_32,0.77453196,2008390.0,0.4954256892336647,genomic_traits+gtdb_distance+rrna16s
3300029421_8,0.7746305,3035319.0,0.5818343969777147,genomic_traits+gtdb_distance+rrna16s
3300011696_5,0.7746688,2613711.0,0.3463133452780357,genomic_traits+gtdb_distance+rrna16s
3300028269_1,0.7748715,2162497.0,0.6947718308973376,genomic_traits+gtdb_distance+rrna16s
3300025631_27,0.77487427,2279871.0,0.6415819140644361,genomic_traits+gtdb_distance+rrna16s
3300005298_15,0.7749221,1837169.0,0.339064615176938,genomic_traits+gtdb_distance+rrna16s
3300027712_7,0.7749656,3002006.0,0.6075887256721005,genomic_traits+gtdb_distance+rrna16s
3300025094_16,0.77504665,2999765.0,0.6157158977453234,genomic_traits+gtdb_distance+rrna16s
3300025507_5,0.7750799,5043130.0,0.5260437466414707,genomic_traits+gtdb_distance+rrna16s
3300017925_12,0.7751954,2834916.0,0.4342160402636268,genomic_traits+gtdb_distance+rrna16s
3300029745_12,0.7753235,3139742.0,0.5803151978729463,genomic_traits+gtdb_distance+rrna16s
3300006322_4,0.775619,3109361.0,0.6562213265040631,genomic_traits+gtdb_distance+rrna16s
3300029227_19,0.7761004,2160231.0,0.5904225057412842,genomic_traits+gtdb_distance+rrna16s
3300029417_11,0.77622485,3079851.0,0.5807001702355081,genomic_traits+gtdb_distance+rrna16s
3300025618_27,0.77627766,1877931.0,0.3938371537612404,genomic_traits+gtdb_distance+rrna16s
3300025094_34,0.77733904,2171535.0,0.7092752361808582,genomic_traits+gtdb_distance+rrna16s
3300012128_1,0.77770305,3192428.0,0.354204386128677,genomic_traits+gtdb_distance+rrna16s
3300029136_15,0.7777473,2860751.0,0.5837715341181389,genomic_traits+gtdb_distance+rrna16s
3300005326_53,0.777857,1655274.0,0.4235643162400908,genomic_traits+gtdb_distance+rrna16s
3300029078_6,0.77790606,3054673.0,0.5791068307475137,genomic_traits+gtdb_distance+rrna16s
3300029594_12,0.77800685,3189248.0,0.5770504520187831,genomic_traits+gtdb_distance+rrna16s
3300025615_11,0.7780104,3579537.0,0.6880635679977606,genomic_traits+gtdb_distance+rrna16s
3300029650_11,0.7781681,2252349.0,0.3841167598804625,genomic_traits+gtdb_distance+rrna16s
3300013632_1,0.7783435,6502329.0,0.6624081925107143,genomic_traits+gtdb_distance+rrna16s
3300018910_6,0.7785028,4859179.0,0.5840513387138033,genomic_traits+gtdb_distance+rrna16s
3300025648_13,0.778554,2357665.0,0.5521636873771295,genomic_traits+gtdb_distance+rrna16s
3300029215_19,0.77874714,2018172.0,0.6143579437233299,genomic_traits+gtdb_distance+rrna16s
3300014800_6,0.7788767,2689927.0,0.588226743699736,genomic_traits+gtdb_distance+rrna16s
3300007722_30,0.7789678,3918849.0,0.5680632246866363,genomic_traits+gtdb_distance+rrna16s
3300009787_35,0.7790182,2099645.0,0.4409250135141893,genomic_traits+gtdb_distance+rrna16s
3300008090_10,0.77902526,1890397.0,0.399425623295001,genomic_traits+gtdb_distance+rrna16s
3300029357_9,0.7792859,3050113.0,0.5822453135342854,genomic_traits+gtdb_distance+rrna16s
3300025856_38,0.7796727,1831590.0,0.4524953728727499,genomic_traits+gtdb_distance+rrna16s
3300029871_24,0.7796823,1897599.0,0.4396724492371676,genomic_traits+gtdb_distance+rrna16s
3300026204_10,0.77971256,2230014.0,0.398798393193944,genomic_traits+gtdb_distance+rrna16s
3300029684_8,0.77977586,3187438.0,0.5786531377237769,genomic_traits+gtdb_distance+rrna16s
3300027863_36,0.7799611,3726586.0,0.6314962273780882,genomic_traits+gtdb_distance+rrna16s
3300022753_100,0.78004307,1774527.0,0.3992100430142793,genomic_traits+gtdb_distance+rrna16s
3300029587_10,0.78013223,3117510.0,0.5806063172211156,genomic_traits+gtdb_distance+rrna16s
3300029616_27,0.780162,1845949.0,0.5380468257790437,genomic_traits+gtdb_distance+rrna16s
3300025933_18,0.7801886,5275613.0,0.7104016158880494,genomic_traits+gtdb_distance+rrna16s
3300029468_8,0.7803679,3160676.0,0.5783101463104728,genomic_traits+gtdb_distance+rrna16s
3300029394_31,0.7805014,1773359.0,0.3116058282615082,genomic_traits+gtdb_distance+rrna16s
3300029731_15,0.7806648,2296035.0,0.5945022615073376,genomic_traits+gtdb_distance+rrna16s
3300025724_26,0.7808343,2663325.0,0.5529006035688472,genomic_traits+gtdb_distance+rrna16s
3300014792_12,0.7811735,2022415.0,0.4507334053594341,genomic_traits+gtdb_distance+rrna16s
3300029870_19,0.78117526,2174265.0,0.5132074517135675,genomic_traits+gtdb_distance+rrna16s
3300027864_89,0.7812371,1184782.0,0.3605768824982148,genomic_traits+gtdb_distance
3300019458_19,0.7813545,2803573.0,0.5859858116767425,genomic_traits+gtdb_distance+rrna16s
3300029358_17,0.7813603,2112237.0,0.5162384713457817,genomic_traits+gtdb_distance+rrna16s
3300000227_20,0.78191155,2234046.0,0.310786796690847,genomic_traits+gtdb_distance+rrna16s
3300029661_10,0.78207123,3073652.0,0.5791478670975113,genomic_traits+gtdb_distance+rrna16s
3300025775_30,0.7824567,2259221.0,0.6915303991951208,genomic_traits+gtdb_distance+rrna16s
3300025859_5,0.7825554,5300442.0,0.669220227294252,genomic_traits+gtdb_distance+rrna16s
3300027983_4,0.78262603,6795707.0,0.6040378138727877,genomic_traits+gtdb_distance+rrna16s
3300026237_9,0.78270864,1960060.0,0.500994867504056,genomic_traits+gtdb_distance+rrna16s
3300025775_15,0.7829377,3121545.0,0.6518333069041132,genomic_traits+gtdb_distance+rrna16s
3300026975_9,0.78385746,2788092.0,0.5634885792864798,genomic_traits+gtdb_distance+rrna16s
3300017444_50,0.78441495,3279438.0,0.4610466793395698,genomic_traits+gtdb_distance+rrna16s
3300029525_6,0.78443193,2312906.0,0.572874989299176,genomic_traits+gtdb_distance+rrna16s
3300029843_8,0.78456604,3300163.0,0.5769530171691519,genomic_traits+gtdb_distance+rrna16s
3300021093_34,0.78468037,2952682.0,0.6694147896725756,genomic_traits+gtdb_distance+rrna16s
3300025597_11,0.7848194,3053223.0,0.3596815561785038,genomic_traits+gtdb_distance+rrna16s
3300029185_10,0.78496283,2372122.0,0.5753249622068343,genomic_traits+gtdb_distance+rrna16s
3300029386_23,0.7850892,2105355.0,0.5019495524507743,genomic_traits+gtdb_distance+rrna16s
3300018023_18,0.7850928,2160352.0,0.5094392025003333,genomic_traits+gtdb_distance+rrna16s
3300025784_23,0.7851193,2927859.0,0.5584736150203955,genomic_traits+gtdb_distance+rrna16s
3300029855_32,0.78549856,1862399.0,0.364104040004317,genomic_traits+gtdb_distance+rrna16s
3300020200_34,0.7856369,2701458.0,0.6100065224038279,genomic_traits+gtdb_distance+rrna16s
3300029443_29,0.78578603,1773521.0,0.3665358346475739,genomic_traits+gtdb_distance+rrna16s
3300029786_20,0.78617585,2090766.0,0.5165838740442498,genomic_traits+gtdb_distance+rrna16s
3300027306_5,0.7861981,3131843.0,0.6516830505232861,genomic_traits+gtdb_distance+rrna16s
3300025281_9,0.7866069,2682726.0,0.536638106165147,genomic_traits+gtdb_distance+rrna16s
3300007566_14,0.7870213,2086090.0,0.4022165870120656,genomic_traits+gtdb_distance+rrna16s
3300029575_21,0.7870773,2244854.0,0.4519278313868073,genomic_traits+gtdb_distance+rrna16s
3300020214_15,0.78717756,4933063.0,0.5263693165889023,genomic_traits+gtdb_distance+rrna16s
3300029566_26,0.78732324,2023459.0,0.3795475964672375,genomic_traits+gtdb_distance+rrna16s
3300027819_23,0.78733915,4544382.0,0.6659354341250362,genomic_traits+gtdb_distance+rrna16s
3300025284_5,0.78747195,8349963.0,0.5927741236697696,genomic_traits+gtdb_distance
3300028630_14,0.7877324,3531601.0,0.571068475742305,genomic_traits+gtdb_distance+rrna16s
3300025503_24,0.7877779,2473698.0,0.6207948585478098,genomic_traits+gtdb_distance+rrna16s
3300025125_1,0.7878406,3996381.0,0.5711332327923689,genomic_traits+gtdb_distance+rrna16s
3300027733_13,0.78785646,2188112.0,0.3986966846304028,genomic_traits+gtdb_distance+rrna16s
3300029115_18,0.7879195,2125059.0,0.5443806501372432,genomic_traits+gtdb_distance+rrna16s
3300024344_6,0.78810596,6204227.0,0.6823970173883064,genomic_traits+gtdb_distance+rrna16s
3300017444_54,0.78848416,3079307.0,0.6747735773016461,genomic_traits+gtdb_distance+rrna16s
3300027719_39,0.7885642,1956224.0,0.3410688142053262,genomic_traits+gtdb_distance+rrna16s
3300029794_25,0.78857535,2331618.0,0.5111827923785114,genomic_traits+gtdb_distance+rrna16s
3300025511_5,0.78866,2200655.0,0.6873703511000134,genomic_traits+gtdb_distance+rrna16s
3300029783_19,0.7887112,2197396.0,0.3366725888278671,genomic_traits+gtdb_distance+rrna16s
3300029111_17,0.78926873,1997916.0,0.3783472378218103,genomic_traits+gtdb_distance+rrna16s
3300007916_1,0.7893179,2341597.0,0.3671045871685008,genomic_traits+gtdb_distance+rrna16s
3300029387_9,0.7896618,2925468.0,0.5178429570926771,genomic_traits+gtdb_distance+rrna16s
3300029578_19,0.7896627,2329223.0,0.5753334910397159,genomic_traits+gtdb_distance+rrna16s
3300025544_5,0.7899934,3313121.0,0.6446205858463968,genomic_traits+gtdb_distance+rrna16s
3300005962_5,0.7900539,1722889.0,0.4245427302629478,genomic_traits+gtdb_distance+rrna16s
3300023046_1,0.7901148,5390205.0,0.6300120310823057,genomic_traits+gtdb_distance+rrna16s
3300026455_2,0.7903013,2069531.0,0.6946805822188699,genomic_traits+gtdb_distance+rrna16s
3300006441_1,0.7903534,2476256.0,0.319099075378313,genomic_traits+gtdb_distance+rrna16s
3300029113_19,0.79036975,2006721.0,0.3805975020942124,genomic_traits+gtdb_distance+rrna16s
3300029463_12,0.7906311,2184490.0,0.4937069979720667,genomic_traits+gtdb_distance+rrna16s
3300029872_8,0.7906783,2940737.0,0.581787150636048,genomic_traits+gtdb_distance+rrna16s
3300025350_3,0.79086685,2741744.0,0.6016083193762802,genomic_traits+gtdb_distance+rrna16s
3300011118_28,0.7911352,3887978.0,0.483946411219405,genomic_traits+gtdb_distance+rrna16s
3300008144_19,0.79119563,1760741.0,0.3767646689660773,genomic_traits+gtdb_distance+rrna16s
3300027607_47,0.7913129,2967095.0,0.3759943648585569,genomic_traits+gtdb_distance+rrna16s
3300029793_24,0.7913142,1989881.0,0.5345862390766081,genomic_traits+gtdb_distance+rrna16s
3300007352_16,0.79169565,4217520.0,0.6287102372958516,genomic_traits+gtdb_distance+rrna16s
3300025503_12,0.79204595,4345932.0,0.5831904410837537,genomic_traits+gtdb_distance+rrna16s
3300009503_91,0.7927594,2427649.0,0.5132484144124624,genomic_traits+gtdb_distance+rrna16s
3300007732_14,0.7928214,1800313.0,0.3739660825645318,genomic_traits+gtdb_distance+rrna16s
3300005326_25,0.79346395,3280515.0,0.5709877869785689,genomic_traits+gtdb_distance+rrna16s
3300029755_14,0.793516,1944108.0,0.446601732002543,genomic_traits+gtdb_distance+rrna16s
3300029233_6,0.7936956,1777023.0,0.3985153821869497,genomic_traits+gtdb_distance+rrna16s
3300029824_2,0.7940053,1895474.0,0.5059694830949937,genomic_traits+gtdb_distance+rrna16s
3300027773_22,0.79454243,4508161.0,0.5493743457698161,genomic_traits+gtdb_distance+rrna16s
3300029220_15,0.79465556,2006721.0,0.3784098536866859,genomic_traits+gtdb_distance+rrna16s
3300029458_7,0.7947219,2651938.0,0.2905829623467819,genomic_traits+gtdb_distance+rrna16s
3300029595_26,0.7950191,1996662.0,0.5327887243809919,genomic_traits+gtdb_distance+rrna16s
3300029495_20,0.7954471,2361751.0,0.5107477460579036,genomic_traits+gtdb_distance+rrna16s
3300027863_33,0.7955658,3736969.0,0.6060159985271486,genomic_traits+gtdb_distance+rrna16s
3300013132_38,0.7956016,3629955.0,0.6712231969817808,genomic_traits+gtdb_distance+rrna16s
3300006259_20,0.7957464,1641687.0,0.4567405358025007,genomic_traits+gtdb_distance+rrna16s
3300028028_23,0.79611874,2098923.0,0.3904874071130765,genomic_traits+gtdb_distance+rrna16s
3300025094_29,0.79636854,2477431.0,0.6861494830733934,genomic_traits+gtdb_distance+rrna16s
3300021508_6,0.7965083,3535830.0,0.3976220576215485,genomic_traits+gtdb_distance+rrna16s
3300027850_29,0.79658496,4839030.0,0.6748503315747164,genomic_traits+gtdb_distance+rrna16s
3300029574_10,0.7967282,2462201.0,0.2917239494257373,genomic_traits+gtdb_distance+rrna16s
3300029445_27,0.7968584,2313122.0,0.5129975850819801,genomic_traits+gtdb_distance+rrna16s
3300020361_3,0.7968772,3537300.0,0.6735620388431854,genomic_traits+gtdb_distance+rrna16s
3300027823_30,0.7969275,3926998.0,0.6145745426913892,genomic_traits+gtdb_distance+rrna16s
3300022752_27,0.7972038,3140070.0,0.534204014560185,genomic_traits+gtdb_distance+rrna16s
3300025902_15,0.7972911,3328901.0,0.6719941506220822,genomic_traits+gtdb_distance+rrna16s
3300029574_21,0.7974747,1990777.0,0.3785321007827597,genomic_traits+gtdb_distance+rrna16s
3300005529_73,0.79753083,3110695.0,0.5357510138409584,genomic_traits+gtdb_distance+rrna16s
3300029620_12,0.79772794,2991314.0,0.5824587455546292,genomic_traits+gtdb_distance+rrna16s
3300025902_4,0.798097,5914632.0,0.620136299265956,genomic_traits+gtdb_distance+rrna16s
3300025161_10,0.79809886,5486282.0,0.5930497192816556,genomic_traits+gtdb_distance+rrna16s
3300006748_16,0.7981081,1630736.0,0.3678480146387888,genomic_traits+gtdb_distance+rrna16s
3300007361_31,0.79812175,1517904.0,0.4892015568837028,genomic_traits+gtdb_distance+rrna16s
3300029733_8,0.7987051,3140161.0,0.5773344105604776,genomic_traits+gtdb_distance+rrna16s
3300008634_14,0.79929227,2213345.0,0.4320673008500708,genomic_traits+gtdb_distance+rrna16s
3300020057_30,0.7995615,2178956.0,0.610612605302723,genomic_traits+gtdb_distance+rrna16s
3300007125_11,0.79964274,2187210.0,0.4519213975795648,genomic_traits+gtdb_distance+rrna16s
3300026660_3,0.79971164,1863036.0,0.4617049804727337,genomic_traits+gtdb_distance+rrna16s
3300020139_17,0.7998631,2672733.0,0.6345321436896241,genomic_traits+gtdb_distance+rrna16s
3300020137_9,0.7999495,1942677.0,0.4168320312640753,genomic_traits+gtdb_distance+rrna16s
3300017426_34,0.8000413,2402893.0,0.6553816586922514,genomic_traits+gtdb_distance+rrna16s
3300025484_9,0.80017245,3586796.0,0.6746162870706893,genomic_traits+gtdb_distance+rrna16s
3300027592_36,0.80019796,3118200.0,0.5773564877172728,genomic_traits+gtdb_distance+rrna16s
3300029871_15,0.80034065,2892931.0,0.5835251514813178,genomic_traits+gtdb_distance+rrna16s
3300027728_33,0.8005764,1895707.0,0.4190710906274018,genomic_traits+gtdb_distance+rrna16s
3300029419_21,0.80076903,2003601.0,0.3792426735662439,genomic_traits+gtdb_distance+rrna16s
3300011845_1,0.8011012,5752119.0,0.6056126446619063,genomic_traits+gtdb_distance+rrna16s
3300012824_7,0.8012602,4286443.0,0.6916870234831071,genomic_traits+gtdb_distance+rrna16s
3300029056_15,0.8014063,2124943.0,0.5150947578358572,genomic_traits+gtdb_distance+rrna16s
3300027847_66,0.80153996,1710087.0,0.4056431047075383,genomic_traits+gtdb_distance+rrna16s
3300021511_4,0.8015508,5799392.0,0.5467512801341934,genomic_traits+gtdb_distance+rrna16s
3300022602_36,0.8015752,2170117.0,0.5433766935146814,genomic_traits+gtdb_distance+rrna16s
3300007128_8,0.8015843,1985701.0,0.3954119980802749,genomic_traits+gtdb_distance+rrna16s
3300029782_13,0.8016261,2880207.0,0.5710290961726014,genomic_traits+gtdb_distance+rrna16s
3300007222_45,0.80166876,1276671.0,0.2623526343122073,genomic_traits+gtdb_distance+rrna16s
3300029251_21,0.80170894,2070503.0,0.49579932992128,genomic_traits+gtdb_distance+rrna16s
3300029741_29,0.80199045,2006738.0,0.3830664491328713,genomic_traits+gtdb_distance+rrna16s
3300012648_3,0.80220604,4512915.0,0.3744147629636277,genomic_traits+gtdb_distance+rrna16s
3300029716_29,0.8022985,1972100.0,0.5154353227523959,genomic_traits+gtdb_distance+rrna16s
3300025105_16,0.80255574,3201237.0,0.4491532491971072,genomic_traits+gtdb_distance+rrna16s
3300029688_21,0.8026651,1769538.0,0.3106161043164939,genomic_traits+gtdb_distance+rrna16s
3300027986_59,0.80271286,2687450.0,0.628315689594225,genomic_traits+gtdb_distance+rrna16s
3300029394_23,0.8027777,2202205.0,0.5129272706219449,genomic_traits+gtdb_distance+rrna16s
3300014563_12,0.80318105,2034618.0,0.4452157604031813,genomic_traits+gtdb_distance+rrna16s
3300028628_10,0.80363405,3610697.0,0.6373716764380949,genomic_traits+gtdb_distance+rrna16s
3300029421_21,0.8036516,1987495.0,0.4465415007333351,genomic_traits+gtdb_distance+rrna16s
3300020083_21,0.80365384,4357832.0,0.5791361392545651,genomic_traits+gtdb_distance+rrna16s
3300029781_10,0.8036542,2307925.0,0.6372356120757824,genomic_traits+gtdb_distance+rrna16s
3300020139_25,0.80374694,2325438.0,0.6342628786490975,genomic_traits+gtdb_distance+rrna16s
3300029850_15,0.80412686,1955116.0,0.3824253906162089,genomic_traits+gtdb_distance+rrna16s
3300006090_3,0.8043436,2016247.0,0.3880467026113368,genomic_traits+gtdb_distance+rrna16s
3300029421_23,0.80450547,1718835.0,0.4532587479310114,genomic_traits+gtdb_distance+rrna16s
3300025589_24,0.8055641,2086557.0,0.5295810275012857,genomic_traits+gtdb_distance+rrna16s
3300020477_62,0.8057013,1899140.0,0.5507187463799404,genomic_traits+gtdb_distance+rrna16s
3300029815_27,0.8057733,2043362.0,0.3786754378323567,genomic_traits+gtdb_distance+rrna16s
3300029409_15,0.805831,1948009.0,0.3777390145528075,genomic_traits+gtdb_distance+rrna16s
3300014631_1,0.8058693,6056946.0,0.6559176852492989,genomic_traits+gtdb_distance+rrna16s
3300011215_2,0.80689585,5125001.0,0.5920028113165247,genomic_traits+gtdb_distance
3300028161_13,0.8075078,1370452.0,0.5319872567590839,genomic_traits+gtdb_distance+rrna16s
3300029775_12,0.80752957,3103869.0,0.4036259262230461,genomic_traits+gtdb_distance+rrna16s
3300028601_34,0.8076507,2875273.0,0.4937353774754606,genomic_traits+gtdb_distance+rrna16s
3300029355_15,0.8076985,2319936.0,0.5154633576098651,genomic_traits+gtdb_distance+rrna16s
3300029397_2,0.80776834,6873062.0,0.6229600431365234,genomic_traits+gtdb_distance+rrna16s
3300020193_28,0.80824226,2680893.0,0.6101530348283203,genomic_traits+gtdb_distance+rrna16s
3300008101_30,0.80843747,1560236.0,0.4860892839288415,genomic_traits+gtdb_distance+rrna16s
3300027863_90,0.80862486,2435378.0,0.5122888520796361,genomic_traits+gtdb_distance+rrna16s
3300005281_18,0.80868024,3715775.0,0.7053750563475991,genomic_traits+gtdb_distance+rrna16s
3300011776_1,0.8088063,5992538.0,0.65512225370953,genomic_traits+gtdb_distance+rrna16s
3300010373_93,0.8088998,907729.0,0.4778342434801576,genomic_traits+gtdb_distance+rrna16s
3300026205_9,0.80901796,1797957.0,0.5071600711251715,genomic_traits+gtdb_distance+rrna16s
3300027498_16,0.80920833,3976806.0,0.6920488452290607,genomic_traits+gtdb_distance+rrna16s
3300029412_12,0.80945057,3278601.0,0.496069207567496,genomic_traits+gtdb_distance+rrna16s
3300012099_3,0.8095238,801551.0,0.2569480918868543,genomic_traits+gtdb_distance+rrna16s
3300025506_9,0.8095289,2728421.0,0.4345572035987115,genomic_traits+gtdb_distance+rrna16s
3300025589_20,0.80975807,2300320.0,0.6416933296237045,genomic_traits+gtdb_distance+rrna16s
3300027968_17,0.8104375,4898645.0,0.6092386772260493,genomic_traits+gtdb_distance+rrna16s
3300014788_9,0.8104774,2495283.0,0.6400412297923722,genomic_traits+gtdb_distance+rrna16s
3300029858_36,0.8111227,1466474.0,0.4892497241683112,genomic_traits+gtdb_distance+rrna16s
3300025094_8,0.81115043,4224433.0,0.6528819370552214,genomic_traits+gtdb_distance+rrna16s
3300025530_10,0.81125563,3762804.0,0.7051411660028001,genomic_traits+gtdb_distance+rrna16s
3300029542_19,0.8112587,1691687.0,0.3681668062709,genomic_traits+gtdb_distance+rrna16s
3300017971_42,0.81133026,2874485.0,0.5653958883069489,genomic_traits+gtdb_distance+rrna16s
3300029794_30,0.81134474,1898783.0,0.3643333651080718,genomic_traits+gtdb_distance+rrna16s
3300007357_4,0.81136423,3109765.0,0.6554797549010938,genomic_traits+gtdb_distance+rrna16s
3300029360_27,0.8113717,2217529.0,0.5176297581677624,genomic_traits+gtdb_distance+rrna16s
3300028419_12,0.81171274,2063286.0,0.6948009146574929,genomic_traits+gtdb_distance+rrna16s
3300025611_17,0.8121725,2579627.0,0.4326113814128942,genomic_traits+gtdb_distance+rrna16s
3300027594_7,0.81218857,1805807.0,0.4626723675342935,genomic_traits+gtdb_distance+rrna16s
3300028629_4,0.81255543,6045506.0,0.693204505958641,genomic_traits+gtdb_distance+rrna16s
3300026534_11,0.8125731,4344284.0,0.6702186137002093,genomic_traits+gtdb_distance+rrna16s
3300025702_9,0.8132852,3073444.0,0.4941397988705829,genomic_traits+gtdb_distance+rrna16s
3300029511_9,0.813732,3059549.0,0.5856131083372091,genomic_traits+gtdb_distance+rrna16s
3300025554_3,0.81374806,3826872.0,0.6814732763468441,genomic_traits+gtdb_distance+rrna16s
3300029588_20,0.81383413,2386530.0,0.5733944262171438,genomic_traits+gtdb_distance+rrna16s
3300012832_4,0.813874,4143321.0,0.6930602287392167,genomic_traits+gtdb_distance+rrna16s
3300027911_35,0.81426895,3103742.0,0.6784471776326769,genomic_traits+gtdb_distance+rrna16s
3300029342_21,0.81429476,2373385.0,0.3423026605460134,genomic_traits+gtdb_distance+rrna16s
3300029369_14,0.8145045,2476610.0,0.5094201347810111,genomic_traits+gtdb_distance+rrna16s
3300027317_2,0.8147377,4181942.0,0.6830704490880074,genomic_traits+gtdb_distance+rrna16s
3300028641_7,0.81509733,4416140.0,0.6925011435325873,genomic_traits+gtdb_distance+rrna16s
3300025706_2,0.8151255,7340434.0,0.721459657562482,genomic_traits+gtdb_distance+rrna16s
3300027276_19,0.81513983,2625449.0,0.526565932151034,genomic_traits+gtdb_distance+rrna16s
3300027396_3,0.8152959,2154139.0,0.6947272204811296,genomic_traits+gtdb_distance+rrna16s
3300014526_3,0.8154648,4788290.0,0.3002767167402141,genomic_traits+gtdb_distance+rrna16s
3300029610_30,0.81552523,1980481.0,0.53423436023875,genomic_traits+gtdb_distance+rrna16s
3300014787_13,0.81557906,2130946.0,0.4462825430583412,genomic_traits+gtdb_distance+rrna16s
3300021142_20,0.81609124,1555203.0,0.5258985482924095,genomic_traits+gtdb_distance+rrna16s
3300014970_8,0.8162462,2874623.0,0.3741238416307112,genomic_traits+gtdb_distance+rrna16s
3300008521_11,0.8162653,1781127.0,0.3643283157236963,genomic_traits+gtdb_distance+rrna16s
3300029359_23,0.81626874,1898156.0,0.4461493154408805,genomic_traits+gtdb_distance+rrna16s
3300029434_26,0.81641054,2303887.0,0.5126375555745573,genomic_traits+gtdb_distance+rrna16s
3300014713_2,0.8165605,4817761.0,0.6758944663298989,genomic_traits+gtdb_distance+rrna16s
3300024352_2,0.81683445,1993383.0,0.6953134445312316,genomic_traits+gtdb_distance+rrna16s
3300017992_23,0.8170228,3886902.0,0.5459715732477948,genomic_traits+gtdb_distance+rrna16s
3300025715_4,0.81704605,6993994.0,0.7239946159519153,genomic_traits+gtdb_distance+rrna16s
3300006913_4,0.8170556,7751576.0,0.479969492655429,genomic_traits+gtdb_distance+rrna16s
3300005365_11,0.8170999,4922844.0,0.7108640858820633,genomic_traits+gtdb_distance+rrna16s
3300029742_29,0.8171185,1884493.0,0.3840385716476527,genomic_traits+gtdb_distance+rrna16s
3300029758_10,0.81770045,2951558.0,0.5169961084959198,genomic_traits+gtdb_distance+rrna16s
3300029058_20,0.81791663,1831895.0,0.3660373547610534,genomic_traits+gtdb_distance+rrna16s
3300029214_19,0.8180056,1950077.0,0.380559844559984,genomic_traits+gtdb_distance+rrna16s
3300025510_4,0.81817836,2724409.0,0.6627510773896284,genomic_traits+gtdb_distance+rrna16s
3300029388_15,0.81818974,2249905.0,0.5117291618979468,genomic_traits+gtdb_distance+rrna16s
3300025105_22,0.81820875,3021063.0,0.6157031481965123,genomic_traits+gtdb_distance+rrna16s
3300029698_21,0.8183698,1952989.0,0.535070602036161,genomic_traits+gtdb_distance+rrna16s
3300026279_14,0.8190516,2108172.0,0.4587353403801967,genomic_traits+gtdb_distance+rrna16s
3300022181_6,0.81922245,6868012.0,0.6229210141158752,genomic_traits+gtdb_distance+rrna16s
3300029375_25,0.81983596,2105864.0,0.6257094475236767,genomic_traits+gtdb_distance+rrna16s
3300025409_2,0.8200839,5752117.0,0.599450254575837,genomic_traits+gtdb_distance+rrna16s
3300025686_23,0.82016116,2624240.0,0.5187364722738774,genomic_traits+gtdb_distance+rrna16s
3300023233_3,0.8202088,4805307.0,0.4166418503542021,genomic_traits+gtdb_distance+rrna16s
3300025277_10,0.8207646,3368658.0,0.6533242614714821,genomic_traits+gtdb_distance+rrna16s
3300027532_27,0.82096756,2847078.0,0.5619624752114273,genomic_traits+gtdb_distance+rrna16s
3300015214_52,0.82138026,2597112.0,0.6286790866162106,genomic_traits+gtdb_distance+rrna16s
3300027350_8,0.8214622,1811782.0,0.4737794061316427,genomic_traits+gtdb_distance+rrna16s
3300025686_56,0.82182693,1258574.0,0.6858237974088135,genomic_traits+gtdb_distance+rrna16s
3300006477_9,0.82198936,1982166.0,0.3969102486875469,genomic_traits+gtdb_distance+rrna16s
3300014153_10,0.822071,3942007.0,0.4834666706578654,genomic_traits+gtdb_distance+rrna16s
3300017470_24,0.8221745,2046123.0,0.5511667675892408,genomic_traits+gtdb_distance+rrna16s
3300011228_6,0.82224965,1956646.0,0.371682460700607,genomic_traits+gtdb_distance+rrna16s
3300025934_24,0.8225243,1885629.0,0.451268515704839,genomic_traits+gtdb_distance+rrna16s
3300018017_8,0.82255924,3355275.0,0.4347956575839536,genomic_traits+gtdb_distance+rrna16s
3300029432_28,0.8227001,2045266.0,0.4948529922269279,genomic_traits+gtdb_distance+rrna16s
3300005858_26,0.82300425,1547941.0,0.6931879186609825,genomic_traits+gtdb_distance+rrna16s
3300017444_37,0.8231476,3802407.0,0.6756291475373363,genomic_traits+gtdb_distance+rrna16s
3300026478_3,0.82324165,1964672.0,0.6948406655156688,genomic_traits+gtdb_distance+rrna16s
3300027983_12,0.8232692,5076140.0,0.6636824437466263,genomic_traits+gtdb_distance+rrna16s
3300028582_14,0.8234039,3766014.0,0.6716600097609834,genomic_traits+gtdb_distance+rrna16s
3300028414_13,0.82360655,2086469.0,0.6946276220734647,genomic_traits+gtdb_distance+rrna16s
3300027536_27,0.823895,3404981.0,0.6154245794616768,genomic_traits+gtdb_distance+rrna16s
3300007802_14,0.8240668,2323229.0,0.5095390940798346,genomic_traits+gtdb_distance+rrna16s
3300025740_9,0.8241688,3668068.0,0.6376931943464516,genomic_traits+gtdb_distance+rrna16s
3300028048_85,0.8243849,1992321.0,0.5112112957701094,genomic_traits+gtdb_distance+rrna16s
3300007208_20,0.8248447,1887701.0,0.3650964850895348,genomic_traits+gtdb_distance+rrna16s
3300029208_4,0.8255975,4587062.0,0.4503640892580043,genomic_traits+gtdb_distance+rrna16s
3300029577_15,0.8256131,2712507.0,0.5504317592544462,genomic_traits+gtdb_distance+rrna16s
3300014558_5,0.8257508,2784851.0,0.5676616091848361,genomic_traits+gtdb_distance+rrna16s
3300027965_19,0.82604295,5847157.0,0.5888692573159914,genomic_traits+gtdb_distance+rrna16s
3300029822_14,0.82619333,2805954.0,0.4797740804018883,genomic_traits+gtdb_distance+rrna16s
3300014204_15,0.8262203,2988184.0,0.5886090013198652,genomic_traits+gtdb_distance+rrna16s
3300025775_3,0.8262383,5006088.0,0.6499338405557393,genomic_traits+gtdb_distance+rrna16s
3300008679_3,0.8265864,3567114.0,0.6526584235883687,genomic_traits+gtdb_distance+rrna16s
3300024267_9,0.82672733,2151512.0,0.6948192712845664,genomic_traits+gtdb_distance+rrna16s
3300017386_2,0.8269356,1238426.0,0.4197521692858516,genomic_traits+gtdb_distance+rrna16s
3300021508_4,0.8271665,5814352.0,0.5467964443845161,genomic_traits+gtdb_distance+rrna16s
3300025686_18,0.82720935,2950589.0,0.5918147190272858,genomic_traits+gtdb_distance+rrna16s
3300009764_11,0.8274038,2133458.0,0.5166424649559541,genomic_traits+gtdb_distance+rrna16s
3300025589_26,0.82743645,1979088.0,0.5000495177576743,genomic_traits+gtdb_distance+rrna16s
3300029730_26,0.82766277,1274866.0,0.2667394063376072,genomic_traits+gtdb_distance+rrna16s
3300007991_25,0.8277232,1792420.0,0.2832433246672097,genomic_traits+gtdb_distance+rrna16s
3300029873_15,0.8279364,3100130.0,0.5786808940270247,genomic_traits+gtdb_distance+rrna16s
3300017963_35,0.828006,2874932.0,0.5653998077171912,genomic_traits+gtdb_distance+rrna16s
3300029374_20,0.82812726,2297016.0,0.5138762638135738,genomic_traits+gtdb_distance+rrna16s
3300027592_31,0.8284517,3293181.0,0.6148568815379416,genomic_traits+gtdb_distance+rrna16s
3300029544_18,0.8285541,2021319.0,0.5293479158905645,genomic_traits+gtdb_distance+rrna16s
3300027878_28,0.82909846,6200349.0,0.4904602950575846,genomic_traits+gtdb_distance+rrna16s
3300014546_9,0.82929677,1890208.0,0.5222181897441974,genomic_traits+gtdb_distance+rrna16s
3300025272_2,0.82951397,7215586.0,0.6716725432972457,genomic_traits+gtdb_distance+rrna16s
3300017501_9,0.8295148,2773076.0,0.6223832307516995,genomic_traits+gtdb_distance
3300010265_30,0.8295875,1823056.0,0.342838618232243,genomic_traits+gtdb_distance+rrna16s
3300029443_20,0.82968795,2245320.0,0.512925106443625,genomic_traits+gtdb_distance+rrna16s
3300029842_26,0.8297508,2050947.0,0.5159260575724287,genomic_traits+gtdb_distance+rrna16s
3300026023_10,0.8301619,5267354.0,0.7096069487640284,genomic_traits+gtdb_distance+rrna16s
3300014514_4,0.8304465,2062367.0,0.3982700460199372,genomic_traits+gtdb_distance+rrna16s
3300027262_17,0.8305977,2848831.0,0.610508310250766,genomic_traits+gtdb_distance
3300017996_11,0.83081585,2896458.0,0.4336047683066697,genomic_traits+gtdb_distance+rrna16s
3300028564_21,0.8309057,3313421.0,0.7231779481086165,genomic_traits+gtdb_distance+rrna16s
3300029703_24,0.8311214,2021662.0,0.44754860110147,genomic_traits+gtdb_distance+rrna16s
3300006312_14,0.8316748,2038727.0,0.4097782586878969,genomic_traits+gtdb_distance+rrna16s
3300029842_28,0.83195585,2011028.0,0.5350929972133655,genomic_traits+gtdb_distance+rrna16s
3300028176_5,0.8323315,4342813.0,0.6061119831777237,genomic_traits+gtdb_distance+rrna16s
3300029489_16,0.83235437,2263895.0,0.50998610801296,genomic_traits+gtdb_distance+rrna16s
3300008130_17,0.83289075,1578516.0,0.358346700318527,genomic_traits+gtdb_distance+rrna16s
3300029573_9,0.8332805,3117527.0,0.5831657592700881,genomic_traits+gtdb_distance+rrna16s
3300014060_21,0.83337337,3575027.0,0.4417295309937519,genomic_traits+gtdb_distance+rrna16s
3300020731_6,0.83337647,2113903.0,0.5445141049518355,genomic_traits+gtdb_distance+rrna16s
3300014519_5,0.8336953,2901222.0,0.3753687239377062,genomic_traits+gtdb_distance+rrna16s
3300021343_16,0.8338155,1816117.0,0.453906879347531,genomic_traits+gtdb_distance+rrna16s
3300028581_42,0.83413726,2279627.0,0.4435010639898545,genomic_traits+gtdb_distance+rrna16s
3300007722_34,0.83426595,3271499.0,0.5806821276729719,genomic_traits+gtdb_distance+rrna16s
3300028640_6,0.83460426,4380193.0,0.6922596789684838,genomic_traits+gtdb_distance+rrna16s
3300012820_5,0.8346361,4124357.0,0.693126710418133,genomic_traits+gtdb_distance+rrna16s
3300008639_14,0.83470356,1890738.0,0.4058949468408632,genomic_traits+gtdb_distance+rrna16s
3300025284_8,0.8350784,5495960.0,0.6024235984250249,genomic_traits+gtdb_distance
3300001095_19,0.8355076,2338110.0,0.4323141340655487,genomic_traits+gtdb_distance+rrna16s
3300029475_17,0.8359247,1957875.0,0.4109542233288642,genomic_traits+gtdb_distance+rrna16s
3300027976_47,0.83616984,2711491.0,0.5641792652086989,genomic_traits+gtdb_distance+rrna16s
3300025649_11,0.83623904,2963691.0,0.3784932369805084,genomic_traits+gtdb_distance+rrna16s
3300025393_4,0.8363034,3990477.0,0.6123420834150904,genomic_traits+gtdb_distance+rrna16s
3300017522_29,0.83651245,2186039.0,0.4376916422808559,genomic_traits+gtdb_distance+rrna16s
3300029493_28,0.83665407,2030412.0,0.5376219210682364,genomic_traits+gtdb_distance+rrna16s
3300006846_13,0.83668387,4739349.0,0.5942638957375791,genomic_traits+gtdb_distance
3300029707_22,0.8368427,2245018.0,0.5138172611533627,genomic_traits+gtdb_distance+rrna16s
3300020109_66,0.8373415,2114576.0,0.6300487662774948,genomic_traits+gtdb_distance+rrna16s
3300010273_3,0.83761966,4886341.0,0.6310967654529227,genomic_traits+gtdb_distance+rrna16s
3300019124_4,0.83765656,10553976.0,0.6944127976034814,genomic_traits+gtdb_distance+rrna16s
3300025094_42,0.83772194,1659663.0,0.4254050370466775,genomic_traits+gtdb_distance+rrna16s
3300001781_12,0.8378864,3418054.0,0.5567472017703641,genomic_traits+gtdb_distance+rrna16s
3300005701_1,0.8381249,5944226.0,0.4486981147755822,genomic_traits+gtdb_distance+rrna16s
3300025471_21,0.8382709,2394574.0,0.3761763052634831,genomic_traits+gtdb_distance+rrna16s
3300027790_36,0.8384146,2630301.0,0.529488450181177,genomic_traits+gtdb_distance+rrna16s
3300006458_27,0.83865535,1486179.0,0.2769464512686561,genomic_traits+gtdb_distance+rrna16s
3300026303_7,0.839184,4125284.0,0.6056601194002643,genomic_traits+gtdb_distance
3300025422_12,0.8394716,1866309.0,0.4244747252464624,genomic_traits+gtdb_distance+rrna16s
3300008283_13,0.8395437,1764823.0,0.3674385476617202,genomic_traits+gtdb_distance+rrna16s
3300029717_16,0.8397702,2942729.0,0.5819869923462201,genomic_traits+gtdb_distance+rrna16s
3300029877_7,0.8399763,2561553.0,0.5628554240337795,genomic_traits+gtdb_distance+rrna16s
3300026202_13,0.84004736,1874319.0,0.507102046129821,genomic_traits+gtdb_distance+rrna16s
3300027323_24,0.8401612,1762949.0,0.6577461968553826,genomic_traits+gtdb_distance+rrna16s
3300027706_41,0.8402251,2467616.0,0.6418429771893196,genomic_traits+gtdb_distance+rrna16s
3300029858_24,0.8402709,2013738.0,0.5154747042564624,genomic_traits+gtdb_distance+rrna16s
3300029125_16,0.8403014,2303619.0,0.525667221880007,genomic_traits+gtdb_distance+rrna16s
3300029595_20,0.84043115,2369371.0,0.5156436033023111,genomic_traits+gtdb_distance+rrna16s
3300029088_6,0.84128606,3008050.0,0.4632436295939229,genomic_traits+gtdb_distance+rrna16s
3300025224_7,0.84166616,5162537.0,0.6031836672550724,genomic_traits+gtdb_distance+rrna16s
3300029360_28,0.8424519,2196198.0,0.4599639923176326,genomic_traits+gtdb_distance+rrna16s
3300009503_122,0.8427249,1973541.0,0.3430042750568648,genomic_traits+gtdb_distance+rrna16s
3300025713_34,0.8427958,2033796.0,0.5322972412178999,genomic_traits+gtdb_distance+rrna16s
3300029860_7,0.8435993,3191759.0,0.5778631782662789,genomic_traits+gtdb_distance+rrna16s
3300027965_49,0.84429806,2952692.0,0.565495486830323,genomic_traits+gtdb_distance+rrna16s
3300005290_3,0.8443787,6919927.0,0.5411601885395612,genomic_traits+gtdb_distance+rrna16s
3300013133_29,0.8447206,2496398.0,0.5566127676756671,genomic_traits+gtdb_distance+rrna16s
3300029130_25,0.8447357,1903108.0,0.3798906840809875,genomic_traits+gtdb_distance+rrna16s
3300014155_7,0.8447777,4440490.0,0.4856193798432155,genomic_traits+gtdb_distance+rrna16s
3300029493_25,0.8448499,2088952.0,0.4957835316464907,genomic_traits+gtdb_distance+rrna16s
3300006065_5,0.8449122,1761067.0,0.3160169374589382,genomic_traits+gtdb_distance+rrna16s
3300017429_2,0.84643096,4004873.0,0.4306331311879303,genomic_traits+gtdb_distance+rrna16s
3300013101_17,0.84654343,4452507.0,0.7108303254773097,genomic_traits+gtdb_distance+rrna16s
3300025677_37,0.8469877,2236528.0,0.6380358305373328,genomic_traits+gtdb_distance+rrna16s
3300027536_24,0.847224,3610032.0,0.5650653512212634,genomic_traits+gtdb_distance+rrna16s
3300029438_18,0.8472717,2088301.0,0.5147912106540197,genomic_traits+gtdb_distance+rrna16s
3300029769_20,0.8473412,2001659.0,0.3771681390286757,genomic_traits+gtdb_distance+rrna16s
3300013876_2,0.84742063,1900173.0,0.3848081201027485,genomic_traits+gtdb_distance+rrna16s
3300012275_7,0.8474522,1890951.0,0.3957061817043382,genomic_traits+gtdb_distance+rrna16s
3300029842_30,0.8474661,1945090.0,0.409361006431579,genomic_traits+gtdb_distance+rrna16s
3300028965_5,0.847587,2854303.0,0.4642334748623394,genomic_traits+gtdb_distance+rrna16s
3300017990_31,0.8480219,2855465.0,0.565779303896213,genomic_traits+gtdb_distance+rrna16s
3300020198_26,0.84810877,4071798.0,0.6055703156197827,genomic_traits+gtdb_distance+rrna16s
3300014155_16,0.8483969,2855579.0,0.5944146528602431,genomic_traits+gtdb_distance+rrna16s
3300014666_5,0.84847844,1858200.0,0.400480572597137,genomic_traits+gtdb_distance+rrna16s
3300012940_19,0.8485415,6169885.0,0.6072719345660413,genomic_traits+gtdb_distance
3300005977_5,0.84864485,2317504.0,0.3511937843472977,genomic_traits+gtdb_distance+rrna16s
3300028568_24,0.8488941,3426302.0,0.7210517344939238,genomic_traits+gtdb_distance+rrna16s
3300029610_29,0.8493851,1987614.0,0.3791873069922027,genomic_traits+gtdb_distance+rrna16s
3300029314_4,0.8495553,4979337.0,0.6171869869422375,genomic_traits+gtdb_distance+rrna16s
3300008436_19,0.8496481,1424647.0,0.2757321638272498,genomic_traits+gtdb_distance+rrna16s
3300006464_40,0.84984875,1214615.0,0.2662547391560289,genomic_traits+gtdb_distance+rrna16s
3300006317_21,0.8499068,1881894.0,0.3739636770190032,genomic_traits+gtdb_distance+rrna16s
3300028634_7,0.850058,4381585.0,0.6920920169299466,genomic_traits+gtdb_distance+rrna16s
3300027863_128,0.85050565,2006088.0,0.3737223890477387,genomic_traits+gtdb_distance+rrna16s
3300025859_13,0.85060805,4078015.0,0.532036787505686,genomic_traits+gtdb_distance+rrna16s
3300028581_52,0.85097843,1896378.0,0.4190520033453246,genomic_traits+gtdb_distance+rrna16s
3300029828_15,0.8511198,2796203.0,0.3670202056145423,genomic_traits+gtdb_distance+rrna16s
3300029221_3,0.85140055,6563340.0,0.4125573259956059,genomic_traits+gtdb_distance+rrna16s
3300029117_20,0.85143906,1852869.0,0.5394536796719034,genomic_traits+gtdb_distance+rrna16s
3300026108_2,0.851546,3986721.0,0.5753106374888034,genomic_traits+gtdb_distance+rrna16s
3300029336_21,0.85232437,2294803.0,0.5133621491692315,genomic_traits+gtdb_distance+rrna16s
3300025686_11,0.85237163,3532758.0,0.6376114639044056,genomic_traits+gtdb_distance+rrna16s
3300013885_4,0.8525401,1874715.0,0.3887118842063993,genomic_traits+gtdb_distance+rrna16s
3300029508_9,0.85259366,2972639.0,0.291527494593188,genomic_traits+gtdb_distance+rrna16s
3300027796_34,0.85269314,2725368.0,0.5602802997613533,genomic_traits+gtdb_distance+rrna16s
3300026483_12,0.85271263,2090658.0,0.6947477779722939,genomic_traits+gtdb_distance+rrna16s
3300029441_21,0.8529401,2280397.0,0.5334224698594149,genomic_traits+gtdb_distance+rrna16s
3300027700_6,0.8530344,4087866.0,0.638452189969045,genomic_traits+gtdb_distance+rrna16s
3300014205_26,0.853169,3727292.0,0.60652801014785,genomic_traits+gtdb_distance
3300018003_6,0.8533274,5168746.0,0.4910964864591914,genomic_traits+gtdb_distance+rrna16s
3300029477_19,0.8535374,1759301.0,0.3656071360159518,genomic_traits+gtdb_distance+rrna16s
3300029634_10,0.853615,2839191.0,0.6266517469236835,genomic_traits+gtdb_distance+rrna16s
3300029856_15,0.8537033,2331537.0,0.5105593434717098,genomic_traits+gtdb_distance+rrna16s
3300025105_29,0.8537399,2762775.0,0.6680515061849047,genomic_traits+gtdb_distance+rrna16s
3300025105_5,0.85377467,4240412.0,0.6526733723043893,genomic_traits+gtdb_distance+rrna16s
3300029858_33,0.85425544,1564921.0,0.4270343359185543,genomic_traits+gtdb_distance+rrna16s
3300012020_5,0.8545453,5537618.0,0.3624208098138947,genomic_traits+gtdb_distance+rrna16s
3300025899_10,0.8548094,1859781.0,0.4518612675363389,genomic_traits+gtdb_distance+rrna16s
3300025252_3,0.85489625,4785989.0,0.6186280411425935,genomic_traits+gtdb_distance
3300027835_39,0.8550651,2507223.0,0.5967438875600615,genomic_traits+gtdb_distance+rrna16s
3300020153_31,0.85553324,2514947.0,0.4326763148487821,genomic_traits+gtdb_distance+rrna16s
3300020051_21,0.85618025,2155623.0,0.694698006098469,genomic_traits+gtdb_distance+rrna16s
3300029893_12,0.8563641,2208602.0,0.414880091569237,genomic_traits+gtdb_distance+rrna16s
3300001835_22,0.85681117,2378543.0,0.5797284303878467,genomic_traits+gtdb_distance+rrna16s
3300014519_4,0.857008,4454644.0,0.4406340888295451,genomic_traits+gtdb_distance+rrna16s
3300025859_44,0.8572045,1852927.0,0.3530786695860117,genomic_traits+gtdb_distance+rrna16s
3300029340_20,0.8575375,2202920.0,0.5316561654531259,genomic_traits+gtdb_distance+rrna16s
3300009767_5,0.85759485,4566676.0,0.6357477517564197,genomic_traits+gtdb_distance+rrna16s
3300025202_7,0.8578946,3361863.0,0.6324237483799905,genomic_traits+gtdb_distance+rrna16s
3300029486_12,0.8580295,3101803.0,0.5801719193643181,genomic_traits+gtdb_distance+rrna16s
3300006502_10,0.8585615,2668749.0,0.2925737864445101,genomic_traits+gtdb_distance+rrna16s
3300012889_40,0.8585808,1941884.0,0.4895627133237619,genomic_traits+gtdb_distance+rrna16s
3300029494_19,0.8586384,2297081.0,0.5325301981079466,genomic_traits+gtdb_distance+rrna16s
3300007666_9,0.859294,2150160.0,0.456686479145738,genomic_traits+gtdb_distance+rrna16s
3300000062_46,0.8595833,1200206.0,0.2892378475028453,genomic_traits+gtdb_distance+rrna16s
3300000044_1,0.8599706,4200256.0,0.6056657022810038,genomic_traits+gtdb_distance
3300029400_11,0.8600464,2785216.0,0.5291934270088927,genomic_traits+gtdb_distance+rrna16s
3300009770_3,0.86011654,9745803.0,0.6198632375392772,genomic_traits+gtdb_distance+rrna16s
3300029796_27,0.8601946,2046124.0,0.5944937843454258,genomic_traits+gtdb_distance+rrna16s
3300026255_8,0.860425,4354613.0,0.6683147273936857,genomic_traits+gtdb_distance+rrna16s
3300021338_21,0.86115026,1816118.0,0.4539082812900923,genomic_traits+gtdb_distance+rrna16s
3300025926_9,0.8612872,5206926.0,0.7102995126107036,genomic_traits+gtdb_distance+rrna16s
3300011359_2,0.86144364,3726022.0,0.6947516681329311,genomic_traits+gtdb_distance+rrna16s
3300024431_16,0.86160845,3509623.0,0.6550159376092531,genomic_traits+gtdb_distance+rrna16s
3300025890_25,0.8616166,3035063.0,0.6285292924726769,genomic_traits+gtdb_distance+rrna16s
3300008096_32,0.86193717,1873598.0,0.3818786100326751,genomic_traits+gtdb_distance+rrna16s
3300008362_15,0.8626464,1707049.0,0.3929113927016741,genomic_traits+gtdb_distance+rrna16s
3300029327_9,0.8626605,4285593.0,0.611373268530166,genomic_traits+gtdb_distance+rrna16s
3300029821_19,0.86283994,3539718.0,0.6520914942941782,genomic_traits+gtdb_distance+rrna16s
3300025303_11,0.86390173,6193458.0,0.6164002403826747,genomic_traits+gtdb_distance
3300027327_28,0.8640738,2724556.0,0.5606498820358253,genomic_traits+gtdb_distance+rrna16s
3300029784_25,0.86440015,2181821.0,0.517005290534833,genomic_traits+gtdb_distance+rrna16s
3300029758_23,0.8646836,2045644.0,0.4078348920926612,genomic_traits+gtdb_distance+rrna16s
3300029439_22,0.8648318,2083523.0,0.5292367782837051,genomic_traits+gtdb_distance+rrna16s
3300014713_10,0.8651015,1826943.0,0.462616512939922,genomic_traits+gtdb_distance+rrna16s
3300005962_6,0.86532545,1617998.0,0.3684658448279911,genomic_traits+gtdb_distance+rrna16s
3300027788_14,0.865607,3702382.0,0.5333344857445829,genomic_traits+gtdb_distance+rrna16s
3300012149_17,0.8656162,784831.0,0.2578631578008514,genomic_traits+gtdb_distance+rrna16s
3300029038_8,0.86565197,1712460.0,0.3907956974177499,genomic_traits+gtdb_distance+rrna16s
3300029515_18,0.86577106,2010431.0,0.5323505258325205,genomic_traits+gtdb_distance+rrna16s
3300004625_8,0.86587316,4934797.0,0.6506581729704383,genomic_traits+gtdb_distance+rrna16s
3300002931_12,0.86606,1603836.0,0.2776892400469873,genomic_traits+gtdb_distance+rrna16s
3300029032_11,0.8664017,2115576.0,0.5215402330145549,genomic_traits+gtdb_distance+rrna16s
3300029231_20,0.8669195,1965181.0,0.445412407304976,genomic_traits+gtdb_distance+rrna16s
3300017490_1,0.8671962,3216399.0,0.6242440692215114,genomic_traits+gtdb_distance+rrna16s
3300024237_6,0.8676009,1876884.0,0.6944270397104989,genomic_traits+gtdb_distance+rrna16s
3300029575_25,0.8677327,2021161.0,0.5702578864325999,genomic_traits+gtdb_distance+rrna16s
3300029887_7,0.86809033,3127234.0,0.5793599071895483,genomic_traits+gtdb_distance+rrna16s
3300020220_60,0.86854917,2550580.0,0.5062448541116138,genomic_traits+gtdb_distance+rrna16s
3300014713_4,0.8688947,4054472.0,0.6042226953349289,genomic_traits+gtdb_distance+rrna16s
3300029123_11,0.8695464,3191915.0,0.5772569131696803,genomic_traits+gtdb_distance+rrna16s
3300028627_9,0.8696691,4370870.0,0.6923058796074923,genomic_traits+gtdb_distance+rrna16s
3300005326_26,0.8704002,3150557.0,0.5285503483987117,genomic_traits+gtdb_distance+rrna16s
3300025242_4,0.8705652,7429337.0,0.6784258137704616,genomic_traits+gtdb_distance+rrna16s
3300014151_12,0.87078714,3898330.0,0.4874094804698422,genomic_traits+gtdb_distance+rrna16s
3300029489_18,0.87114966,1954105.0,0.3818372093618306,genomic_traits+gtdb_distance+rrna16s
3300029377_32,0.87118626,2033547.0,0.5308984744389975,genomic_traits+gtdb_distance+rrna16s
3300013732_1,0.8714775,4218045.0,0.6656555347323226,genomic_traits+gtdb_distance+rrna16s
3300020297_5,0.87156516,1718148.0,0.62710953887558,genomic_traits+gtdb_distance
3300007299_18,0.8722153,1955610.0,0.5192671340400182,genomic_traits+gtdb_distance+rrna16s
3300029746_14,0.87261,2859435.0,0.5799030227999588,genomic_traits+gtdb_distance+rrna16s
3300027592_19,0.8727542,4087634.0,0.5752971034099432,genomic_traits+gtdb_distance+rrna16s
3300029586_13,0.872931,2527989.0,0.5327946442804933,genomic_traits+gtdb_distance+rrna16s
3300028167_8,0.8732868,2337658.0,0.5365109010813387,genomic_traits+gtdb_distance+rrna16s
3300005298_12,0.87357235,2045984.0,0.3158201628165225,genomic_traits+gtdb_distance+rrna16s
3300029487_21,0.87377554,1988528.0,0.3632480910502643,genomic_traits+gtdb_distance+rrna16s
3300029211_13,0.87382233,2252971.0,0.408813073936593,genomic_traits+gtdb_distance+rrna16s
3300029203_16,0.8738588,2054136.0,0.3803292479173725,genomic_traits+gtdb_distance+rrna16s
3300007194_14,0.87478817,1708212.0,0.4127309725022421,genomic_traits+gtdb_distance+rrna16s
3300026209_28,0.8749065,1228564.0,0.3190822781719145,genomic_traits+gtdb_distance
3300013491_2,0.87508386,3922446.0,0.6748554345936184,genomic_traits+gtdb_distance+rrna16s
3300029604_6,0.8756051,3352711.0,0.2942511299065145,genomic_traits+gtdb_distance+rrna16s
3300014906_2,0.8757567,4662476.0,0.6278453765767373,genomic_traits+gtdb_distance+rrna16s
3300025686_29,0.8758166,2458976.0,0.4203383847585336,genomic_traits+gtdb_distance+rrna16s
3300015196_4,0.8760261,4748229.0,0.4901692820628491,genomic_traits+gtdb_distance+rrna16s
3300028952_4,0.8763917,2110951.0,0.3986317067520752,genomic_traits+gtdb_distance+rrna16s
3300021561_45,0.87670094,2290533.0,0.4973370826790096,genomic_traits+gtdb_distance+rrna16s
3300026874_1,0.87672603,4255847.0,0.5738735438562523,genomic_traits+gtdb_distance+rrna16s
3300025618_26,0.87683225,2041643.0,0.402680096373362,genomic_traits+gtdb_distance+rrna16s
3300007354_9,0.87683296,3794726.0,0.6703991276313495,genomic_traits+gtdb_distance+rrna16s
3300028177_4,0.876836,8480477.0,0.5552606297971211,genomic_traits+gtdb_distance+rrna16s
3300029702_26,0.8768578,2293566.0,0.5122289918842536,genomic_traits+gtdb_distance+rrna16s
3300029084_3,0.8770147,3041966.0,0.4656153290339208,genomic_traits+gtdb_distance+rrna16s
3300024258_9,0.87710696,4584936.0,0.6088128602013202,genomic_traits+gtdb_distance
3300020184_34,0.87736434,2152233.0,0.6951640459002347,genomic_traits+gtdb_distance+rrna16s
3300029560_15,0.8775065,2086547.0,0.5280230926981275,genomic_traits+gtdb_distance+rrna16s
3300028633_12,0.87776023,3596639.0,0.6379583828123979,genomic_traits+gtdb_distance+rrna16s
3300027690_47,0.877849,2737161.0,0.5248459991940555,genomic_traits+gtdb_distance+rrna16s
3300024500_2,0.8779021,2099446.0,0.6950133511412058,genomic_traits+gtdb_distance+rrna16s
3300007296_22,0.8781525,1550729.0,0.4913482626558219,genomic_traits+gtdb_distance+rrna16s
3300005613_40,0.8784459,1228264.0,0.4648797001296138,genomic_traits+gtdb_distance
3300017452_11,0.8785921,3475834.0,0.6444364143972353,genomic_traits+gtdb_distance+rrna16s
3300025183_3,0.8787222,3215208.0,0.5896592071181709,genomic_traits+gtdb_distance+rrna16s
3300025515_2,0.87873864,3385012.0,0.728095498627479,genomic_traits+gtdb_distance+rrna16s
3300007502_9,0.87911963,1922963.0,0.3974808667665472,genomic_traits+gtdb_distance+rrna16s
3300029333_19,0.8791647,2438518.0,0.5981965275630526,genomic_traits+gtdb_distance+rrna16s
3300025094_18,0.8794918,2912378.0,0.635309358881299,genomic_traits+gtdb_distance+rrna16s
3300007991_32,0.8795825,1382544.0,0.4888770266986078,genomic_traits+gtdb_distance+rrna16s
3300007942_2,0.8795871,1869598.0,0.3957348050222561,genomic_traits+gtdb_distance+rrna16s
3300029851_24,0.87982225,1775946.0,0.3117392082867384,genomic_traits+gtdb_distance+rrna16s
3300029853_20,0.88022405,2027615.0,0.5135871454886652,genomic_traits+gtdb_distance+rrna16s
3300020477_12,0.8803044,5217490.0,0.5307005859139164,genomic_traits+gtdb_distance+rrna16s
3300008621_48,0.8803149,845066.0,0.2398262384239811,genomic_traits+gtdb_distance+rrna16s
3300025294_18,0.88034964,4827506.0,0.6179002159707311,genomic_traits+gtdb_distance
3300029589_37,0.8804133,1677904.0,0.4830341902754865,genomic_traits+gtdb_distance+rrna16s
3300005613_43,0.88078743,1159499.0,0.4420228046768475,genomic_traits+gtdb_distance
3300020189_20,0.8811245,3535893.0,0.7028111427579964,genomic_traits+gtdb_distance+rrna16s
3300025678_37,0.88137776,2085047.0,0.5569054318679627,genomic_traits+gtdb_distance+rrna16s
3300007724_9,0.88157237,1941704.0,0.3645540205922221,genomic_traits+gtdb_distance+rrna16s
3300025496_14,0.8819965,2079412.0,0.5179170842526637,genomic_traits+gtdb_distance+rrna16s
3300029718_23,0.8820427,2147018.0,0.5161246901516429,genomic_traits+gtdb_distance+rrna16s
3300014949_9,0.8822198,2074031.0,0.5150250888246125,genomic_traits+gtdb_distance+rrna16s
3300022855_5,0.88271797,2559259.0,0.6412856221273423,genomic_traits+gtdb_distance+rrna16s
3300029366_7,0.88300055,2022057.0,0.5601662069862521,genomic_traits+gtdb_distance+rrna16s
3300025245_9,0.88425934,4889854.0,0.6213488173675533,genomic_traits+gtdb_distance
3300029622_31,0.8845715,2081634.0,0.5306494801679834,genomic_traits+gtdb_distance+rrna16s
3300011998_5,0.88466966,3069773.0,0.6102330693507305,genomic_traits+gtdb_distance+rrna16s
3300020190_31,0.88558984,3108621.0,0.5506943432473757,genomic_traits+gtdb_distance+rrna16s
3300029127_21,0.885599,2210140.0,0.5129548354402889,genomic_traits+gtdb_distance+rrna16s
3300000205_18,0.88573277,1920453.0,0.4735663929291683,genomic_traits+gtdb_distance+rrna16s
2140918017_3,0.8859438,2781365.0,0.6399350678533742,genomic_traits+gtdb_distance+rrna16s
3300012940_60,0.88602203,3106676.0,0.6488549176032519,genomic_traits+gtdb_distance
3300013131_77,0.88614273,1994180.0,0.4019195859952462,genomic_traits+gtdb_distance+rrna16s
3300013128_27,0.88653743,2446624.0,0.5577808441346116,genomic_traits+gtdb_distance+rrna16s
3300025686_45,0.887369,1753577.0,0.6074076017192288,genomic_traits+gtdb_distance+rrna16s
3300029246_19,0.8875629,2096230.0,0.4404593007446702,genomic_traits+gtdb_distance+rrna16s
3300002481_36,0.88763976,1195371.0,0.4339062935272815,genomic_traits+gtdb_distance+rrna16s
3300027896_28,0.88774085,4088063.0,0.5150390294865808,genomic_traits+gtdb_distance+rrna16s
3300029779_16,0.88781804,2197593.0,0.5884042222558954,genomic_traits+gtdb_distance+rrna16s
3300029464_10,0.8880239,2416378.0,0.5120796497898922,genomic_traits+gtdb_distance+rrna16s
3300012081_8,0.8887199,786066.0,0.2586538534932181,genomic_traits+gtdb_distance+rrna16s
3300027498_12,0.8901498,4478936.0,0.404513482666419,genomic_traits+gtdb_distance+rrna16s
3300025546_11,0.89017,2394058.0,0.4476065325067312,genomic_traits+gtdb_distance+rrna16s
3300007795_7,0.8904018,1666825.0,0.3929992650698183,genomic_traits+gtdb_distance+rrna16s
3300014939_2,0.8906827,2810153.0,0.5984837836231692,genomic_traits+gtdb_distance+rrna16s
3300027793_13,0.89118034,3539446.0,0.6719108018599521,genomic_traits+gtdb_distance+rrna16s
3300029336_30,0.8915112,1945022.0,0.4729036483906094,genomic_traits+gtdb_distance+rrna16s
3300029462_13,0.8915378,1957087.0,0.4462560938782997,genomic_traits+gtdb_distance+rrna16s
3300014638_10,0.891923,4051821.0,0.4848466899204086,genomic_traits+gtdb_distance+rrna16s
3300022834_4,0.8920641,2584503.0,0.6427734848827802,genomic_traits+gtdb_distance+rrna16s
3300027283_15,0.89207244,3722143.0,0.6148267275061705,genomic_traits+gtdb_distance
3300018019_16,0.892668,2215059.0,0.5083020361985843,genomic_traits+gtdb_distance+rrna16s
3300029778_23,0.89284223,2051407.0,0.5297958913077707,genomic_traits+gtdb_distance+rrna16s
3300027498_10,0.8929286,4784222.0,0.4694328565856684,genomic_traits+gtdb_distance+rrna16s
3300007949_5,0.8929415,1342661.0,0.3865666761751477,genomic_traits+gtdb_distance+rrna16s
3300006045_48,0.8929458,2965288.0,0.4919400746234429,genomic_traits+gtdb_distance+rrna16s
3300029751_7,0.89297575,3064234.0,0.5801019112770108,genomic_traits+gtdb_distance+rrna16s
3300025518_14,0.893333,2282897.0,0.4778424081331746,genomic_traits+gtdb_distance+rrna16s
3300029739_21,0.8939538,2199450.0,0.5140803382663848,genomic_traits+gtdb_distance+rrna16s
3300027323_27,0.8941451,1717154.0,0.5711217514561886,genomic_traits+gtdb_distance+rrna16s
3300006226_46,0.89442796,3483975.0,0.4613506124469894,genomic_traits+gtdb_distance+rrna16s
3300013382_13,0.89500725,1595036.0,0.3556063938368789,genomic_traits+gtdb_distance+rrna16s
3300029380_29,0.8953633,2137240.0,0.5260677322153806,genomic_traits+gtdb_distance+rrna16s
3300027863_71,0.8964275,2836181.0,0.5938436228153281,genomic_traits+gtdb_distance+rrna16s
3300011384_2,0.8967741,3829492.0,0.6948537821726746,genomic_traits+gtdb_distance+rrna16s
3300025861_24,0.8975132,2912387.0,0.5588841730168415,genomic_traits+gtdb_distance+rrna16s
3300029486_22,0.89753926,2318515.0,0.4691718621617716,genomic_traits+gtdb_distance+rrna16s
3300027844_33,0.8975458,3027717.0,0.5625472922337194,genomic_traits+gtdb_distance+rrna16s
3300029843_17,0.89811975,1965328.0,0.5328225110515904,genomic_traits+gtdb_distance+rrna16s
3300027850_11,0.89863676,6463600.0,0.5140836376013367,genomic_traits+gtdb_distance+rrna16s
3300013427_3,0.89929724,4944724.0,0.6561832369208069,genomic_traits+gtdb_distance+rrna16s
3300025393_21,0.9001057,2111820.0,0.4098062334858084,genomic_traits+gtdb_distance+rrna16s
3300010375_27,0.9007,4686724.0,0.7107444347053506,genomic_traits+gtdb_distance+rrna16s
3300010263_27,0.90124893,1682305.0,0.3423879736433048,genomic_traits+gtdb_distance+rrna16s
3300014803_18,0.90134376,1907245.0,0.4195821721907778,genomic_traits+gtdb_distance+rrna16s
3300025611_8,0.9018897,3499043.0,0.4283031103075898,genomic_traits+gtdb_distance+rrna16s
3300029717_27,0.90202254,1949801.0,0.5354915706782385,genomic_traits+gtdb_distance+rrna16s
3300019458_15,0.90212864,3070748.0,0.6290135172277244,genomic_traits+gtdb_distance+rrna16s
3300025105_15,0.90251434,3237627.0,0.6521060023282484,genomic_traits+gtdb_distance+rrna16s
3300029227_20,0.90281147,2130199.0,0.5145340881297944,genomic_traits+gtdb_distance+rrna16s
3300029772_19,0.90333796,1927368.0,0.4365471461599445,genomic_traits+gtdb_distance+rrna16s
3300011157_3,0.90335435,3713083.0,0.2991996139057489,genomic_traits+gtdb_distance+rrna16s
3300024423_2,0.9035924,5784954.0,0.546306677633046,genomic_traits+gtdb_distance+rrna16s
3300027847_85,0.9040538,1334037.0,0.4889924342428283,genomic_traits+gtdb_distance+rrna16s
3300001095_7,0.9044145,3449976.0,0.5922858593798913,genomic_traits+gtdb_distance+rrna16s
3300029715_29,0.9044663,2200611.0,0.5179811425099665,genomic_traits+gtdb_distance+rrna16s
3300000576_11,0.9046314,2656556.0,0.6645562901741955,genomic_traits+gtdb_distance+rrna16s
3300027791_28,0.9048009,1865439.0,0.4264985346612781,genomic_traits+gtdb_distance+rrna16s
3300025525_5,0.9048545,4613929.0,0.4787401366601003,genomic_traits+gtdb_distance+rrna16s
3300025784_10,0.9053516,4518549.0,0.6089204742495876,genomic_traits+gtdb_distance+rrna16s
3300027284_8,0.9053725,4079197.0,0.6146261139140865,genomic_traits+gtdb_distance
3300024359_9,0.90581596,2165857.0,0.6947129935171159,genomic_traits+gtdb_distance+rrna16s
3300026035_15,0.9058341,5400918.0,0.7101233531040464,genomic_traits+gtdb_distance+rrna16s
3300014159_10,0.90604484,2688615.0,0.5272774272255418,genomic_traits+gtdb_distance+rrna16s
3300027536_12,0.9065729,4752921.0,0.6352733403311354,genomic_traits+gtdb_distance+rrna16s
3300029897_7,0.9068162,5060134.0,0.4918134579044744,genomic_traits+gtdb_distance
3300027706_18,0.9078177,4691806.0,0.6345385977169559,genomic_traits+gtdb_distance+rrna16s
3300025730_48,0.9080211,2325362.0,0.3513805592419589,genomic_traits+gtdb_distance+rrna16s
3300017444_38,0.9082547,3644816.0,0.7448729922168911,genomic_traits+gtdb_distance+rrna16s
3300024344_4,0.9085668,7420127.0,0.7168250624281768,genomic_traits+gtdb_distance+rrna16s
3300000193_18,0.90857357,1169564.0,0.302901765102209,genomic_traits+gtdb_distance
3300029729_26,0.9086668,1877699.0,0.3819850785456029,genomic_traits+gtdb_distance+rrna16s
3300029877_13,0.90874666,1989706.0,0.5308548097055545,genomic_traits+gtdb_distance+rrna16s
3300020153_17,0.9087757,3710760.0,0.5422476797205963,genomic_traits+gtdb_distance+rrna16s
3300014060_15,0.9092588,4598977.0,0.3979404550185835,genomic_traits+gtdb_distance+rrna16s
3300029771_22,0.90952194,2144672.0,0.4978826599125647,genomic_traits+gtdb_distance+rrna16s
3300005966_8,0.9095491,1995706.0,0.6844875948661777,genomic_traits+gtdb_distance+rrna16s
3300029456_12,0.9099884,2207681.0,0.3341365894800924,genomic_traits+gtdb_distance+rrna16s
3300023236_6,0.9100414,2574224.0,0.6425777243938368,genomic_traits+gtdb_distance+rrna16s
3300025496_7,0.9102367,3610819.0,0.5804791101409403,genomic_traits+gtdb_distance+rrna16s
3300029237_24,0.9103595,1770594.0,0.4230636724172791,genomic_traits+gtdb_distance+rrna16s
3300025161_22,0.91037434,4318539.0,0.6521754232160459,genomic_traits+gtdb_distance+rrna16s
3300029749_30,0.91064376,1913707.0,0.4947826391396384,genomic_traits+gtdb_distance+rrna16s
3300024320_11,0.9113061,2154938.0,0.6946492196063181,genomic_traits+gtdb_distance+rrna16s
3300029024_12,0.91187805,1753365.0,0.5149110424811719,genomic_traits+gtdb_distance+rrna16s
3300029733_19,0.9119143,2104094.0,0.5226914767115918,genomic_traits+gtdb_distance+rrna16s
3300027007_8,0.91198057,3167218.0,0.6841736186141908,genomic_traits+gtdb_distance+rrna16s
3300029777_19,0.9121352,1988850.0,0.4429781029238002,genomic_traits+gtdb_distance+rrna16s
3300029374_23,0.91260475,1888768.0,0.5374836930740038,genomic_traits+gtdb_distance+rrna16s
3300029889_8,0.9126972,3331790.0,0.5890281200195691,genomic_traits+gtdb_distance+rrna16s
3300029552_18,0.9127019,1412467.0,0.3151408139092807,genomic_traits+gtdb_distance+rrna16s
3300020603_35,0.9127876,3516244.0,0.6606188307751112,genomic_traits+gtdb_distance+rrna16s
3300025605_26,0.9127941,2226440.0,0.6436827401591779,genomic_traits+gtdb_distance+rrna16s
3300029230_23,0.9127967,1784543.0,0.5363838248784143,genomic_traits+gtdb_distance+rrna16s
3300027009_5,0.91357076,5297254.0,0.3873384210007675,genomic_traits+gtdb_distance+rrna16s
3300018037_6,0.91365075,3233972.0,0.5892487628216941,genomic_traits+gtdb_distance+rrna16s
3300014686_1,0.9137822,4603547.0,0.5981007688202162,genomic_traits+gtdb_distance+rrna16s
3300029872_19,0.9138794,2037651.0,0.5331565611579215,genomic_traits+gtdb_distance+rrna16s
3300029437_18,0.9147139,2387966.0,0.5309472580430374,genomic_traits+gtdb_distance+rrna16s
3300029851_21,0.9148076,1977919.0,0.4454747641334149,genomic_traits+gtdb_distance+rrna16s
3300029045_8,0.9160345,2497627.0,0.3006974219929557,genomic_traits+gtdb_distance+rrna16s
3300017419_8,0.9161346,3556606.0,0.4689895366537648,genomic_traits+gtdb_distance+rrna16s
3300029576_19,0.9169745,1964434.0,0.5319354073488852,genomic_traits+gtdb_distance+rrna16s
3300029520_19,0.9177125,1953255.0,0.534117665128209,genomic_traits+gtdb_distance+rrna16s
3300029732_22,0.917984,2020682.0,0.5346066328101107,genomic_traits+gtdb_distance+rrna16s
3300014938_4,0.91812015,3210148.0,0.603900817033981,genomic_traits+gtdb_distance+rrna16s
3300003281_13,0.9189016,2559492.0,0.6213158704930509,genomic_traits+gtdb_distance+rrna16s
3300025161_16,0.918943,4958999.0,0.5847339352155546,genomic_traits+gtdb_distance+rrna16s
3300029573_26,0.919152,2169546.0,0.5292807804029046,genomic_traits+gtdb_distance+rrna16s
3300005858_7,0.9195224,2940712.0,0.6435040221551788,genomic_traits+gtdb_distance+rrna16s
3300029768_25,0.9198746,1964106.0,0.5298817884574458,genomic_traits+gtdb_distance+rrna16s
3300014914_56,0.9199628,876629.0,0.418357138538652,genomic_traits+gtdb_distance+rrna16s
3300014630_4,0.9201689,2709597.0,0.3757281986952303,genomic_traits+gtdb_distance+rrna16s
3300020214_14,0.920188,5455635.0,0.5773091491641211,genomic_traits+gtdb_distance+rrna16s
3300029185_13,0.9202959,2212434.0,0.3332302794117248,genomic_traits+gtdb_distance+rrna16s
3300029336_33,0.92056525,1770206.0,0.5350089198658236,genomic_traits+gtdb_distance+rrna16s
3300025708_23,0.92096186,3071523.0,0.5695643496727845,genomic_traits+gtdb_distance+rrna16s
3300006476_21,0.92112607,1888117.0,0.4778697506563417,genomic_traits+gtdb_distance+rrna16s
3300026067_9,0.9211767,5556497.0,0.5518296869412509,genomic_traits+gtdb_distance+rrna16s
3300025433_11,0.92138404,2429787.0,0.6439836084397521,genomic_traits+gtdb_distance+rrna16s
3300027800_28,0.9215121,3275909.0,0.5035365756496899,genomic_traits+gtdb_distance+rrna16s
3300012860_3,0.9215785,4998234.0,0.6229328198719788,genomic_traits+gtdb_distance
3300029720_27,0.92206365,2219655.0,0.5158175482225842,genomic_traits+gtdb_distance+rrna16s
3300025861_18,0.92213553,3678990.0,0.6379954824557827,genomic_traits+gtdb_distance+rrna16s
3300022181_65,0.9229338,1367152.0,0.4899462532329982,genomic_traits+gtdb_distance+rrna16s
3300029840_24,0.9232599,1901393.0,0.5357046123552575,genomic_traits+gtdb_distance+rrna16s
3300017646_8,0.92356014,5395380.0,0.6697170542204627,genomic_traits+gtdb_distance+rrna16s
3300025691_2,0.92388654,5199497.0,0.5962301738033506,genomic_traits+gtdb_distance+rrna16s
3300029564_27,0.92439705,1723241.0,0.5349797271536598,genomic_traits+gtdb_distance+rrna16s
3300027515_16,0.9244368,3586233.0,0.5589296624062073,genomic_traits+gtdb_distance+rrna16s
3300014930_7,0.9245526,1902080.0,0.3715096105316285,genomic_traits+gtdb_distance+rrna16s
3300014039_12,0.925054,2344089.0,0.4572266667349234,genomic_traits+gtdb_distance+rrna16s
3300025458_24,0.92601776,1152661.0,0.3050836282306767,genomic_traits+gtdb_distance
3300025629_31,0.9261298,2180739.0,0.6424556079384098,genomic_traits+gtdb_distance+rrna16s
3300017498_8,0.92649627,2610536.0,0.5569335186337212,genomic_traits+gtdb_distance+rrna16s
3300027773_20,0.92710316,4792987.0,0.5646097099783496,genomic_traits+gtdb_distance+rrna16s
3300025663_20,0.9271728,1238984.0,0.3974119116953891,genomic_traits+gtdb_distance+rrna16s
3300024222_2,0.9275007,6304453.0,0.6327199203483633,genomic_traits+gtdb_distance+rrna16s
3300029752_19,0.92757833,2000995.0,0.5343126794419776,genomic_traits+gtdb_distance+rrna16s
3300029371_13,0.9277195,2498116.0,0.589451010281348,genomic_traits+gtdb_distance+rrna16s
3300029764_20,0.9282299,2059115.0,0.5319688312697445,genomic_traits+gtdb_distance+rrna16s
3300026256_37,0.9285615,1106497.0,0.3187753785143565,genomic_traits+gtdb_distance
3300025927_13,0.92876285,5201214.0,0.6334555740256025,genomic_traits+gtdb_distance+rrna16s
3300003317_2,0.9289098,4665547.0,0.3426046292106799,genomic_traits+gtdb_distance+rrna16s
3300025708_50,0.9290325,1848408.0,0.4521977831734119,genomic_traits+gtdb_distance+rrna16s
3300027839_62,0.9292478,2027334.0,0.4221041032212748,genomic_traits+gtdb_distance+rrna16s
3300025615_12,0.92944086,3506102.0,0.558434124278187,genomic_traits+gtdb_distance+rrna16s
3300029748_27,0.9302062,1934034.0,0.535323060504624,genomic_traits+gtdb_distance+rrna16s
3300027878_109,0.9306192,1863021.0,0.4006997237282886,genomic_traits+gtdb_distance+rrna16s
3300029885_22,0.930846,2010177.0,0.4500593728810945,genomic_traits+gtdb_distance+rrna16s
3300022177_6,0.93110144,4360960.0,0.6852291697240974,genomic_traits+gtdb_distance+rrna16s
3300021515_5,0.9311956,2896826.0,0.5502608717265034,genomic_traits+gtdb_distance+rrna16s
3300027863_130,0.9312704,1980865.0,0.3283323194664957,genomic_traits+gtdb_distance+rrna16s
3300023234_5,0.9315725,3178411.0,0.4909041027104424,genomic_traits+gtdb_distance+rrna16s
3300029189_7,0.9333958,1867887.0,0.4619042800768997,genomic_traits+gtdb_distance+rrna16s
3300027878_15,0.9335846,7952594.0,0.6691954851461045,genomic_traits+gtdb_distance+rrna16s
3300021505_1,0.9338819,3247489.0,0.4134726861276512,genomic_traits+gtdb_distance+rrna16s
3300025775_21,0.9341946,2677229.0,0.6936918732017321,genomic_traits+gtdb_distance+rrna16s
3300029621_40,0.93428916,1569022.0,0.4294280131190002,genomic_traits+gtdb_distance+rrna16s
3300006288_5,0.93446493,1621014.0,0.3033033644373213,genomic_traits+gtdb_distance+rrna16s
3300014647_4,0.9347145,2065013.0,0.3794901049049086,genomic_traits+gtdb_distance+rrna16s
3300010290_3,0.93473464,5096182.0,0.536849939817691,genomic_traits+gtdb_distance+rrna16s
3300029343_25,0.935083,2312713.0,0.5285990955211477,genomic_traits+gtdb_distance+rrna16s
3300011165_1,0.9351272,4621026.0,0.3560687604873896,genomic_traits+gtdb_distance+rrna16s
3300024289_2,0.9351674,2088409.0,0.6948016408663246,genomic_traits+gtdb_distance+rrna16s
3300014594_5,0.93609685,1458857.0,0.3074468573684741,genomic_traits+gtdb_distance+rrna16s
3300010396_104,0.93685645,927582.0,0.4781453283914522,genomic_traits+gtdb_distance+rrna16s
3300029590_28,0.93704987,1973242.0,0.53050310098812,genomic_traits+gtdb_distance+rrna16s
3300025846_15,0.93745893,2457873.0,0.491486744839949,genomic_traits+gtdb_distance+rrna16s
3300027968_45,0.9375044,3108696.0,0.6502800531155185,genomic_traits+gtdb_distance+rrna16s
3300029844_22,0.9385455,2050231.0,0.5301173379975233,genomic_traits+gtdb_distance+rrna16s
3300021843_15,0.93919194,4355373.0,0.434159600107729,genomic_traits+gtdb_distance+rrna16s
3300020201_37,0.9392451,3213412.0,0.5496294903983678,genomic_traits+gtdb_distance+rrna16s
3300029227_21,0.93940765,1959298.0,0.5306186195259731,genomic_traits+gtdb_distance+rrna16s
3300013138_16,0.93986696,5561381.0,0.5808301930761443,genomic_traits+gtdb_distance+rrna16s
3300029336_28,0.9400253,2013962.0,0.5291425558178356,genomic_traits+gtdb_distance+rrna16s
3300026863_1,0.9400561,11074456.0,0.4353809342869754,genomic_traits+gtdb_distance+rrna16s
3300023208_13,0.9401865,2913339.0,0.6070320000521738,genomic_traits+gtdb_distance+rrna16s
3300020139_32,0.9406135,1777800.0,0.653470019124761,genomic_traits+gtdb_distance+rrna16s
3300009083_26,0.9413009,7794404.0,0.6692040853925457,genomic_traits+gtdb_distance+rrna16s
3300027690_30,0.94162697,3612625.0,0.5650544963842081,genomic_traits+gtdb_distance+rrna16s
3300029700_24,0.9418936,1946314.0,0.5331482998118495,genomic_traits+gtdb_distance+rrna16s
3300027851_29,0.94226795,3859110.0,0.6023458776764591,genomic_traits+gtdb_distance+rrna16s
3300005858_8,0.94232523,2901829.0,0.7077791282670344,genomic_traits+gtdb_distance+rrna16s
3300029675_17,0.9425469,1960979.0,0.5312800392049073,genomic_traits+gtdb_distance+rrna16s
3300027965_38,0.9427271,3709432.0,0.7012127463180347,genomic_traits+gtdb_distance+rrna16s
3300029563_24,0.943223,1841994.0,0.5391781949344026,genomic_traits+gtdb_distance+rrna16s
3300017946_7,0.943499,3270611.0,0.5898148694540561,genomic_traits+gtdb_distance+rrna16s
3300005977_9,0.94393003,2041146.0,0.4740748579474472,genomic_traits+gtdb_distance+rrna16s
3300006460_16,0.94467473,1901500.0,0.2970591638180384,genomic_traits+gtdb_distance+rrna16s
3300029734_23,0.94485664,2122046.0,0.5286831670943986,genomic_traits+gtdb_distance+rrna16s
3300029361_19,0.94519013,2169024.0,0.5161441274969756,genomic_traits+gtdb_distance+rrna16s
3300029745_23,0.9455168,1994857.0,0.4957272626559197,genomic_traits+gtdb_distance+rrna16s
3300025408_4,0.94580585,3999303.0,0.6123434508463099,genomic_traits+gtdb_distance+rrna16s
3300017532_18,0.9463705,4761590.0,0.6046730188865485,genomic_traits+gtdb_distance+rrna16s
3300007210_11,0.94665676,2379808.0,0.5631067716387205,genomic_traits+gtdb_distance+rrna16s
3300025730_36,0.9467178,3008749.0,0.5700093294588549,genomic_traits+gtdb_distance+rrna16s
3300007140_8,0.9468039,1540713.0,0.2756444581177675,genomic_traits+gtdb_distance+rrna16s
3300029356_15,0.94757617,2592164.0,0.596293290085041,genomic_traits+gtdb_distance+rrna16s
3300029436_28,0.947633,1737635.0,0.3836047271147277,genomic_traits+gtdb_distance+rrna16s
3300029578_25,0.9477758,1869637.0,0.5293519544168199,genomic_traits+gtdb_distance+rrna16s
3300029615_21,0.947883,2235238.0,0.515004666169777,genomic_traits+gtdb_distance+rrna16s
3300017467_11,0.9482818,2687810.0,0.5527276853646649,genomic_traits+gtdb_distance+rrna16s
3300028298_9,0.94899726,3357408.0,0.530416619010856,genomic_traits+gtdb_distance+rrna16s
3300027773_21,0.9491718,4521792.0,0.6694412303794601,genomic_traits+gtdb_distance+rrna16s
3300028638_10,0.94925094,4330200.0,0.6922303819685003,genomic_traits+gtdb_distance+rrna16s
3300029661_24,0.94955856,1866182.0,0.4407281819243782,genomic_traits+gtdb_distance+rrna16s
3300025720_41,0.9499255,1794270.0,0.4507092020710372,genomic_traits+gtdb_distance+rrna16s
3300025613_32,0.950261,2217968.0,0.6403284447746767,genomic_traits+gtdb_distance+rrna16s
3300027690_17,0.95036554,4461999.0,0.5217719681246007,genomic_traits+gtdb_distance+rrna16s
3300027301_4,0.9504294,4194967.0,0.6097776216118029,genomic_traits+gtdb_distance+rrna16s
3300029782_29,0.95056134,1986512.0,0.5316836747021916,genomic_traits+gtdb_distance+rrna16s
3300027532_14,0.95087665,4434266.0,0.679779922990637,genomic_traits+gtdb_distance+rrna16s
3300026516_52,0.951607,2659120.0,0.6208113962513915,genomic_traits+gtdb_distance+rrna16s
3300024505_2,0.95181745,2144088.0,0.6946263399636582,genomic_traits+gtdb_distance+rrna16s
3300007783_10,0.95189697,1670168.0,0.3689461179953154,genomic_traits+gtdb_distance+rrna16s
3300029382_29,0.95278823,1916062.0,0.536188808086586,genomic_traits+gtdb_distance+rrna16s
3300012144_11,0.9529429,1878097.0,0.3958656022559005,genomic_traits+gtdb_distance+rrna16s
3300029311_3,0.95328885,6062004.0,0.5811416488672723,genomic_traits+gtdb_distance+rrna16s
3300026509_35,0.9534926,1569395.0,0.2912676540960051,genomic_traits+gtdb_distance+rrna16s
3300006226_106,0.9538102,1619733.0,0.5225848951648204,genomic_traits+gtdb_distance+rrna16s
3300021513_10,0.9539926,1789056.0,0.4211511545753738,genomic_traits+gtdb_distance+rrna16s
3300025686_36,0.9540023,2138200.0,0.643377607333271,genomic_traits+gtdb_distance+rrna16s
3300020364_24,0.95445496,1732838.0,0.4438706907396998,genomic_traits+gtdb_distance+rrna16s
3300010428_38,0.9546443,1854751.0,0.476038023432795,genomic_traits+gtdb_distance+rrna16s
3300005966_6,0.9547385,1829985.0,0.284928018535671,genomic_traits+gtdb_distance+rrna16s
3300027352_5,0.9547648,2941419.0,0.6148566389215545,genomic_traits+gtdb_distance+rrna16s
3300029206_17,0.95492584,1969639.0,0.5318040514023128,genomic_traits+gtdb_distance+rrna16s
3300027970_36,0.9550055,1895684.0,0.4190740650867972,genomic_traits+gtdb_distance+rrna16s
3300011504_2,0.9560547,4744138.0,0.3733742568196793,genomic_traits+gtdb_distance+rrna16s
3300010377_4,0.9565197,4876356.0,0.5418339022007417,genomic_traits+gtdb_distance+rrna16s
3300028272_4,0.95725137,2623577.0,0.4218820335747721,genomic_traits+gtdb_distance+rrna16s
3300029363_19,0.9577518,2350918.0,0.5318547903414751,genomic_traits+gtdb_distance+rrna16s
3300029493_21,0.9577596,2188190.0,0.4545190317111403,genomic_traits+gtdb_distance+rrna16s
3300029547_10,0.95798695,1898743.0,0.5342418642228043,genomic_traits+gtdb_distance+rrna16s
3300029234_18,0.958005,1964533.0,0.5296663380050118,genomic_traits+gtdb_distance+rrna16s
3300026512_14,0.95891446,2011606.0,0.4127865993638913,genomic_traits+gtdb_distance+rrna16s
3300029332_21,0.9592383,1898149.0,0.5374546466057196,genomic_traits+gtdb_distance+rrna16s
3300009702_50,0.9594992,3079783.0,0.5570850283932341,genomic_traits+gtdb_distance+rrna16s
3300025432_7,0.9607987,4708569.0,0.4876668474009832,genomic_traits+gtdb_distance+rrna16s
3300025682_6,0.9610875,4394738.0,0.6919604763696948,genomic_traits+gtdb_distance+rrna16s
3300007664_24,0.961341,1639914.0,0.3038641050689243,genomic_traits+gtdb_distance+rrna16s
3300029249_21,0.9615311,1882217.0,0.5330044304137089,genomic_traits+gtdb_distance+rrna16s
3300029723_16,0.96168894,1912194.0,0.5371876493703045,genomic_traits+gtdb_distance+rrna16s
3300027965_36,0.9618049,3993108.0,0.6360894821777924,genomic_traits+gtdb_distance+rrna16s
3300025784_11,0.96234196,4515519.0,0.6629319907634095,genomic_traits+gtdb_distance+rrna16s
3300027839_47,0.9634743,2816522.0,0.5974872555584512,genomic_traits+gtdb_distance+rrna16s
3300020183_43,0.9642011,2080017.0,0.4941281729908938,genomic_traits+gtdb_distance+rrna16s
3300006045_47,0.9652269,3010736.0,0.5043295061406912,genomic_traits+gtdb_distance+rrna16s
3300017938_20,0.96526355,2344955.0,0.5067909618734688,genomic_traits+gtdb_distance+rrna16s
3300013127_55,0.965729,1498020.0,0.5099905208208169,genomic_traits+gtdb_distance+rrna16s
3300017426_29,0.9659191,3088767.0,0.6645859011055221,genomic_traits+gtdb_distance+rrna16s
3300026089_19,0.96593684,5321262.0,0.7101884853630586,genomic_traits+gtdb_distance+rrna16s
3300029681_17,0.9660628,1946299.0,0.5362110343785821,genomic_traits+gtdb_distance+rrna16s
3300029134_18,0.9661218,1817913.0,0.5379173810847934,genomic_traits+gtdb_distance+rrna16s
3300017426_25,0.9667292,3371126.0,0.6430958083441556,genomic_traits+gtdb_distance+rrna16s
3300029407_16,0.9667544,1938623.0,0.5356317344837032,genomic_traits+gtdb_distance+rrna16s
3300005529_85,0.96702504,2638617.0,0.7322309376465019,genomic_traits+gtdb_distance+rrna16s
3300029254_18,0.9673006,1919757.0,0.5343113737832444,genomic_traits+gtdb_distance+rrna16s
3300029819_19,0.9673033,1822758.0,0.5366729977320083,genomic_traits+gtdb_distance+rrna16s
3300022885_1,0.9674014,8276348.0,0.6872360852878588,genomic_traits+gtdb_distance+rrna16s
3300025105_3,0.9676547,4903596.0,0.6499144709311289,genomic_traits+gtdb_distance+rrna16s
3300029788_33,0.9678612,1824409.0,0.5383019925904773,genomic_traits+gtdb_distance+rrna16s
3300008278_9,0.9678659,1724146.0,0.365760788239511,genomic_traits+gtdb_distance+rrna16s
3300010378_3,0.96822184,5256464.0,0.5372518483908574,genomic_traits+gtdb_distance+rrna16s
3300025644_38,0.96942145,1120527.0,0.3053554265091336,genomic_traits+gtdb_distance
3300025515_1,0.9696431,4802067.0,0.480583673655532,genomic_traits+gtdb_distance+rrna16s
3300025740_32,0.9701651,2616476.0,0.5519825138850882,genomic_traits+gtdb_distance+rrna16s
3300025516_1,0.97046524,4906168.0,0.4803027535950664,genomic_traits+gtdb_distance+rrna16s
3300005300_12,0.9705253,1949833.0,0.4893429334717383,genomic_traits+gtdb_distance+rrna16s
3300029589_32,0.97063553,1931285.0,0.5337901966825197,genomic_traits+gtdb_distance+rrna16s
3300029614_24,0.9707048,2005423.0,0.5332485964307779,genomic_traits+gtdb_distance+rrna16s
3300003094_1,0.97111595,5139690.0,0.4174821827775605,genomic_traits+gtdb_distance+rrna16s
3300023047_2,0.97208095,2509058.0,0.3700336939201883,genomic_traits+gtdb_distance+rrna16s
3300020192_19,0.97281873,4788452.0,0.6121341510784696,genomic_traits+gtdb_distance+rrna16s
3300020183_40,0.9738316,2196497.0,0.5814594784331597,genomic_traits+gtdb_distance+rrna16s
3300012000_4,0.97429365,3189779.0,0.620589075293304,genomic_traits+gtdb_distance+rrna16s
3300018046_11,0.97469205,2114458.0,0.5160263292058769,genomic_traits+gtdb_distance+rrna16s
3300009767_6,0.97540337,4336775.0,0.6929573242789862,genomic_traits+gtdb_distance+rrna16s
3300027968_61,0.97543836,2116413.0,0.4870816801824597,genomic_traits+gtdb_distance+rrna16s
3300025373_12,0.9764845,1950702.0,0.6571372767342218,genomic_traits+gtdb_distance+rrna16s
3300021285_7,0.9766975,1704722.0,0.5336447819644493,genomic_traits+gtdb_distance+rrna16s
3300027685_11,0.97699887,3077735.0,0.6690660501960045,genomic_traits+gtdb_distance+rrna16s
3300026173_9,0.9771729,3305363.0,0.5172518116769625,genomic_traits+gtdb_distance+rrna16s
3300029376_22,0.9779335,2112910.0,0.5015395828501924,genomic_traits+gtdb_distance+rrna16s
3300005326_47,0.978304,1405120.0,0.388463618765657,genomic_traits+gtdb_distance+rrna16s
3300024968_2,0.97842115,5127495.0,0.5278838887214907,genomic_traits+gtdb_distance+rrna16s
3300029118_18,0.97874945,1909295.0,0.5368903181540831,genomic_traits+gtdb_distance+rrna16s
3300029337_27,0.97955453,1937849.0,0.5328877533801654,genomic_traits+gtdb_distance+rrna16s
3300026288_27,0.9798839,2597343.0,0.6562383173881925,genomic_traits+gtdb_distance
3300025161_19,0.9806055,4422324.0,0.6116130342326794,genomic_traits+gtdb_distance+rrna16s
3300012090_17,0.98088574,3446808.0,0.5617934042163067,genomic_traits+gtdb_distance+rrna16s
3300026287_18,0.9808931,2603764.0,0.6578484071521075,genomic_traits+gtdb_distance
3300029556_25,0.98098516,1905827.0,0.5374407015956852,genomic_traits+gtdb_distance+rrna16s
3300027951_11,0.9827945,4523306.0,0.658553721547912,genomic_traits+gtdb_distance+rrna16s
3300025602_31,0.9828545,1090230.0,0.3052365097273052,genomic_traits+gtdb_distance
3300029435_27,0.9830324,2116301.0,0.5332086503762934,genomic_traits+gtdb_distance+rrna16s
3300029441_30,0.983106,2012322.0,0.529442604116041,genomic_traits+gtdb_distance+rrna16s
3300008153_8,0.98401964,1908264.0,0.3966285587319155,genomic_traits+gtdb_distance+rrna16s
3300027386_12,0.98432523,4269861.0,0.6798036282679928,genomic_traits+gtdb_distance+rrna16s
3300008725_23,0.9848659,1713382.0,0.2851839227912981,genomic_traits+gtdb_distance+rrna16s
3300025349_1,0.9849146,3678543.0,0.6798403607080303,genomic_traits+gtdb_distance+rrna16s
3300027592_35,0.9852434,3199552.0,0.5188551397195608,genomic_traits+gtdb_distance+rrna16s
3300025476_7,0.98576695,2525123.0,0.5014333955217231,genomic_traits+gtdb_distance+rrna16s
3300007662_6,0.98668694,1826633.0,0.397367725208074,genomic_traits+gtdb_distance+rrna16s
3300025409_3,0.9880726,4650441.0,0.452786950742951,genomic_traits+gtdb_distance+rrna16s
3300025439_5,0.9905207,3893851.0,0.625235788426419,genomic_traits+gtdb_distance+rrna16s
3300029795_30,0.99053,1952914.0,0.5305589493444156,genomic_traits+gtdb_distance+rrna16s
3300017522_22,0.9906322,3021898.0,0.4080587763054875,genomic_traits+gtdb_distance+rrna16s
3300025907_11,0.990846,5305630.0,0.7102747458831468,genomic_traits+gtdb_distance+rrna16s
3300025492_2,0.9909403,2250856.0,0.4767110823615549,genomic_traits+gtdb_distance+rrna16s
3300027800_39,0.9911827,2610287.0,0.599316473629145,genomic_traits+gtdb_distance+rrna16s
3300027467_3,0.99134886,2166365.0,0.6946807209311451,genomic_traits+gtdb_distance+rrna16s
3300028571_44,0.9921119,1896128.0,0.419057679650319,genomic_traits+gtdb_distance+rrna16s
3300020333_14,0.99214214,1887429.0,0.4101155593137543,genomic_traits+gtdb_distance+rrna16s
3300028654_9,0.99306726,1719712.0,0.3649390130440446,genomic_traits+gtdb_distance+rrna16s
3300028628_7,0.99416554,4372417.0,0.6922718029867692,genomic_traits+gtdb_distance+rrna16s
3300013881_7,0.9954224,1286930.0,0.4871391606381077,genomic_traits+gtdb_distance+rrna16s
3300027730_41,0.99584395,1890794.0,0.4193465813832707,genomic_traits+gtdb_distance+rrna16s
3300028593_15,0.9959662,5813328.0,0.5732368791164029,genomic_traits+gtdb_distance+rrna16s
3300028666_5,0.99664766,4484586.0,0.5026334649396845,genomic_traits+gtdb_distance+rrna16s
3300021504_4,0.9968136,3214882.0,0.6318095034281196,genomic_traits+gtdb_distance+rrna16s
3300027690_33,0.99682933,3569529.0,0.5142955835349706,genomic_traits+gtdb_distance+rrna16s
3300029393_19,0.9977842,2012577.0,0.4443318193539924,genomic_traits+gtdb_distance+rrna16s
3300012004_1,0.9980974,3118961.0,0.6977519116141562,genomic_traits+gtdb_distance+rrna16s
3300029612_27,0.9986843,1919486.0,0.3796042273817053,genomic_traits+gtdb_distance+rrna16s
3300029355_24,0.99896854,1825726.0,0.5374568801671226,genomic_traits+gtdb_distance+rrna16s
3300027859_12,0.9994172,2436683.0,0.450890411268105,genomic_traits+gtdb_distance+rrna16s
3300029820_28,1.0000802,1913032.0,0.5344996842708329,genomic_traits+gtdb_distance+rrna16s
3300026302_9,1.0001339,4879330.0,0.6794275033662408,genomic_traits+gtdb_distance
3300001567_8,1.0007069,6241636.0,0.6217874608516101,genomic_traits+gtdb_distance+rrna16s
3300003641_1,1.0009738,5384563.0,0.4497371467285274,genomic_traits+gtdb_distance+rrna16s
3300029857_43,1.0011404,1379917.0,0.3141217913831049,genomic_traits+gtdb_distance+rrna16s
3300011654_3,1.0014933,1607974.0,0.4356774425457128,genomic_traits+gtdb_distance+rrna16s
3300006056_120,1.0015537,1437470.0,0.3634921076613773,genomic_traits+gtdb_distance+rrna16s
3300025649_3,1.0021869,5594957.0,0.600470387886806,genomic_traits+gtdb_distance+rrna16s
3300025446_10,1.0024203,3201884.0,0.5867757857561361,genomic_traits+gtdb_distance+rrna16s
3300021468_9,1.0026743,2111065.0,0.6114795138946456,genomic_traits+gtdb_distance+rrna16s
3300025161_26,1.0035393,4083880.0,0.5595494970469259,genomic_traits+gtdb_distance+rrna16s
3300012521_32,1.003988,1775881.0,0.3427740935344204,genomic_traits+gtdb_distance+rrna16s
3300029427_23,1.0043589,1890961.0,0.5326688387544746,genomic_traits+gtdb_distance+rrna16s
3300024325_2,1.0046817,6601242.0,0.6323088897513528,genomic_traits+gtdb_distance+rrna16s
3300029692_16,1.0048491,2137562.0,0.5351573428045596,genomic_traits+gtdb_distance+rrna16s
3300005298_2,1.0049739,3879362.0,0.5182401126783218,genomic_traits+gtdb_distance+rrna16s
3300000154_19,1.0056283,1017948.0,0.3051992832639781,genomic_traits+gtdb_distance
3300012090_13,1.0059391,3807305.0,0.6574847562777345,genomic_traits+gtdb_distance
3300026165_13,1.0060848,3277846.0,0.5187418811011866,genomic_traits+gtdb_distance+rrna16s
3300023254_2,1.0098172,4320137.0,0.506097144604442,genomic_traits+gtdb_distance+rrna16s
3300027627_15,1.0099962,1262311.0,0.3119722477265904,genomic_traits+gtdb_distance+rrna16s
3300023253_6,1.010299,2654228.0,0.6398964218597649,genomic_traits+gtdb_distance+rrna16s
3300029774_18,1.0103872,2003152.0,0.5324169109483454,genomic_traits+gtdb_distance+rrna16s
3300027503_7,1.0106,3972757.0,0.6983842706714758,genomic_traits+gtdb_distance+rrna16s
3300027793_11,1.0106784,3766217.0,0.72446542512022,genomic_traits+gtdb_distance+rrna16s
3300007500_43,1.0106803,709832.0,0.2654275941349502,genomic_traits+gtdb_distance+rrna16s
3300029678_18,1.011452,1973657.0,0.439258695913221,genomic_traits+gtdb_distance+rrna16s
3300029182_5,1.0116892,1912501.0,0.4397900968417794,genomic_traits+gtdb_distance+rrna16s
3300028964_10,1.0117028,1840437.0,0.5068687491068697,genomic_traits+gtdb_distance+rrna16s
3300022908_6,1.0118538,4711212.0,0.6489729182214683,genomic_traits+gtdb_distance+rrna16s
3300029558_21,1.0119491,1887325.0,0.5346599022425921,genomic_traits+gtdb_distance+rrna16s
3300027806_19,1.0130575,3599306.0,0.672602440581601,genomic_traits+gtdb_distance+rrna16s
3300027323_4,1.0141065,4101145.0,0.5760742426810074,genomic_traits+gtdb_distance+rrna16s
3300029820_12,1.0143442,3145179.0,0.5787021978717268,genomic_traits+gtdb_distance+rrna16s
3300004264_4,1.0143563,4150650.0,0.6989584763832171,genomic_traits+gtdb_distance
3300027828_37,1.0166403,3772055.0,0.6749244112294227,genomic_traits+gtdb_distance+rrna16s
3300029861_17,1.0171623,1917356.0,0.5342581137775144,genomic_traits+gtdb_distance+rrna16s
3300007527_7,1.0173587,2941994.0,0.4892039208781527,genomic_traits+gtdb_distance+rrna16s
3300029823_9,1.0173677,2872507.0,0.6022035803568103,genomic_traits+gtdb_distance+rrna16s
3300029253_20,1.0176398,1969976.0,0.5322120675581834,genomic_traits+gtdb_distance+rrna16s
3300029742_27,1.0179987,1894019.0,0.4849930227732668,genomic_traits+gtdb_distance+rrna16s
3300008133_7,1.0186758,2298464.0,0.3119696458156403,genomic_traits+gtdb_distance+rrna16s
3300025611_5,1.0191664,3713849.0,0.5316069662498395,genomic_traits+gtdb_distance+rrna16s
3300008125_24,1.0202063,1585737.0,0.359843404044933,genomic_traits+gtdb_distance+rrna16s
3300029773_11,1.0203836,2653684.0,0.2917189838729856,genomic_traits+gtdb_distance+rrna16s
3300028625_20,1.0213902,2112244.0,0.5187634572520977,genomic_traits+gtdb_distance+rrna16s
3300008123_29,1.0215118,879026.0,0.2403876563378102,genomic_traits+gtdb_distance+rrna16s
3300014622_2,1.0222489,4947121.0,0.6817253913943079,genomic_traits+gtdb_distance+rrna16s
3300023244_5,1.0244862,2479789.0,0.6430018844345224,genomic_traits+gtdb_distance+rrna16s
3300029783_24,1.0271479,1685314.0,0.4568460239456861,genomic_traits+gtdb_distance+rrna16s
3300029906_27,1.0273257,1537408.0,0.3695882940637748,genomic_traits+gtdb_distance+rrna16s
3300026969_9,1.0274653,1986152.0,0.5181119068429808,genomic_traits+gtdb_distance+rrna16s
3300020193_17,1.0277413,4601072.0,0.7034267231636453,genomic_traits+gtdb_distance+rrna16s
3300025817_5,1.0281304,3971204.0,0.4382051387941792,genomic_traits+gtdb_distance+rrna16s
3300025638_32,1.0282851,2325943.0,0.6423128167801189,genomic_traits+gtdb_distance+rrna16s
3300027721_3,1.0295577,3110264.0,0.6874824773716958,genomic_traits+gtdb_distance+rrna16s
3300029784_19,1.0303499,2434482.0,0.4546322379873829,genomic_traits+gtdb_distance+rrna16s
3300011914_5,1.0304146,1995687.0,0.3131798723948194,genomic_traits+gtdb_distance+rrna16s
3300029902_7,1.0317634,6514753.0,0.4897674554967778,genomic_traits+gtdb_distance+rrna16s
3300010314_6,1.0332597,5034838.0,0.5386079949344944,genomic_traits+gtdb_distance+rrna16s
3300025503_8,1.03327,4646348.0,0.5482337956605919,genomic_traits+gtdb_distance+rrna16s
3300025525_6,1.0350369,4542723.0,0.5625024902464887,genomic_traits+gtdb_distance+rrna16s
3300027850_10,1.0351268,6440898.0,0.4165965677456777,genomic_traits+gtdb_distance+rrna16s
3300029784_32,1.0352799,1627865.0,0.3733718705175183,genomic_traits+gtdb_distance+rrna16s
3300011976_48,1.0354694,703593.0,0.2411692555213028,genomic_traits+gtdb_distance+rrna16s
3300025094_5,1.0356997,4936159.0,0.6503635721620799,genomic_traits+gtdb_distance+rrna16s
3300022864_6,1.0368227,2565433.0,0.6408890818820838,genomic_traits+gtdb_distance+rrna16s
3300027536_5,1.0369283,6063304.0,0.6006038951700261,genomic_traits+gtdb_distance+rrna16s
3300029342_27,1.0372647,1926938.0,0.4373581298412299,genomic_traits+gtdb_distance+rrna16s
3300011936_11,1.037406,1866812.0,0.3740483776620248,genomic_traits+gtdb_distance+rrna16s
3300029442_8,1.0374279,3320530.0,0.4087263177866184,genomic_traits+gtdb_distance+rrna16s
3300027706_22,1.0382979,4309703.0,0.7036466317980613,genomic_traits+gtdb_distance
3300007722_38,1.0394773,2617795.0,0.5751500785966815,genomic_traits+gtdb_distance
3300028298_6,1.0398164,4342887.0,0.605085280828168,genomic_traits+gtdb_distance+rrna16s
3300022891_2,1.0398594,9565112.0,0.4554057495615315,genomic_traits+gtdb_distance+rrna16s
3300029086_3,1.0406456,4652575.0,0.4507570538895128,genomic_traits+gtdb_distance+rrna16s
3300025584_22,1.0408937,1248953.0,0.3965777735431197,genomic_traits+gtdb_distance+rrna16s
3300017963_33,1.041238,3170335.0,0.6087126439319505,genomic_traits+gtdb_distance+rrna16s
3300025629_41,1.0412409,1810386.0,0.560655020531533,genomic_traits+gtdb_distance+rrna16s
3300027983_30,1.0413548,2849626.0,0.5740205907722628,genomic_traits+gtdb_distance
3300029890_11,1.042368,3053043.0,0.5574697113666595,genomic_traits+gtdb_distance+rrna16s
3300021604_15,1.0423882,2560699.0,0.5779831991186781,genomic_traits+gtdb_distance+rrna16s
3300007295_17,1.0467036,1640801.0,0.3678752024163808,genomic_traits+gtdb_distance+rrna16s
3300025534_11,1.0468543,3323425.0,0.6802139359245357,genomic_traits+gtdb_distance+rrna16s
3300006498_14,1.0472808,2157003.0,0.5431197824017862,genomic_traits+gtdb_distance+rrna16s
3300025708_18,1.0488628,3514199.0,0.5120523908862304,genomic_traits+gtdb_distance+rrna16s
3300029716_30,1.0493584,1883677.0,0.5359602522088447,genomic_traits+gtdb_distance+rrna16s
3300009503_216,1.0524213,989139.0,0.4461314334992352,genomic_traits+gtdb_distance+rrna16s
3300006462_10,1.0539124,1700450.0,0.3669463965420918,genomic_traits+gtdb_distance+rrna16s
3300011512_3,1.0541768,4326928.0,0.5423603073589391,genomic_traits+gtdb_distance+rrna16s
3300029589_35,1.0548859,1780734.0,0.418959822185683,genomic_traits+gtdb_distance+rrna16s
3300020262_3,1.0552468,2960663.0,0.4585658685233679,genomic_traits+gtdb_distance+rrna16s
3300025350_18,1.0554885,1726028.0,0.6552558822915967,genomic_traits+gtdb_distance+rrna16s
3300017444_33,1.0559394,4522742.0,0.753916982220078,genomic_traits+gtdb_distance+rrna16s
3300029307_17,1.0560764,2261458.0,0.5811007765786497,genomic_traits+gtdb_distance+rrna16s
3300005326_14,1.0562857,4101319.0,0.5067238125100729,genomic_traits+gtdb_distance+rrna16s
3300029295_13,1.0572214,1799377.0,0.5427967568775193,genomic_traits+gtdb_distance+rrna16s
3300021133_4,1.0585917,2150655.0,0.5444569212635221,genomic_traits+gtdb_distance+rrna16s
3300020219_12,1.058909,7429097.0,0.496755662229205,genomic_traits+gtdb_distance+rrna16s
3300029440_15,1.0600865,2320541.0,0.4574859914132092,genomic_traits+gtdb_distance+rrna16s
3300007210_22,1.0606072,1689519.0,0.2864347781824294,genomic_traits+gtdb_distance+rrna16s
3300025856_11,1.0607816,3107744.0,0.6159828480080728,genomic_traits+gtdb_distance+rrna16s
3300027747_10,1.0612878,2742336.0,0.6792708843846997,genomic_traits+gtdb_distance+rrna16s
3300011656_2,1.0616122,1738702.0,0.390846159951504,genomic_traits+gtdb_distance+rrna16s
3300012007_3,1.062645,3375553.0,0.5390041276199781,genomic_traits+gtdb_distance+rrna16s
3300020138_4,1.0629512,2501409.0,0.5832772649334835,genomic_traits+gtdb_distance+rrna16s
3300027851_54,1.0629957,2522703.0,0.521212366259524,genomic_traits+gtdb_distance+rrna16s
3300025862_18,1.0633845,3533745.0,0.684225658614303,genomic_traits+gtdb_distance+rrna16s
3300029231_24,1.0637197,1327053.0,0.2689523327252189,genomic_traits+gtdb_distance+rrna16s
3300006226_62,1.0642004,2725757.0,0.5379404693815333,genomic_traits+gtdb_distance+rrna16s
3300017467_3,1.0642753,4590995.0,0.5537435784617496,genomic_traits+gtdb_distance+rrna16s
3300023179_45,1.0646018,1694949.0,0.4682854764361641,genomic_traits+gtdb_distance+rrna16s
3300026293_2,1.0665498,4557664.0,0.6171477318205115,genomic_traits+gtdb_distance+rrna16s
3300029221_11,1.066589,2555144.0,0.4574282310507744,genomic_traits+gtdb_distance+rrna16s
3300014806_17,1.0669923,1913657.0,0.4521259556963447,genomic_traits+gtdb_distance+rrna16s
3300025461_5,1.0672921,4557893.0,0.7081074522811308,genomic_traits+gtdb_distance+rrna16s
3300025469_9,1.0674131,3216332.0,0.5853313650456483,genomic_traits+gtdb_distance+rrna16s
3300029593_22,1.0679538,1858882.0,0.3674708776565699,genomic_traits+gtdb_distance+rrna16s
3300014149_19,1.0682096,2193619.0,0.7115706966433095,genomic_traits+gtdb_distance+rrna16s
3300025234_2,1.0684294,2431916.0,0.4227423973525401,genomic_traits+gtdb_distance+rrna16s
3300029571_21,1.0686835,1808192.0,0.5335434511379322,genomic_traits+gtdb_distance+rrna16s
3300027536_19,1.0692227,4097352.0,0.5753193770025128,genomic_traits+gtdb_distance+rrna16s
3300024186_1,1.0695025,6739392.0,0.6315381268814754,genomic_traits+gtdb_distance+rrna16s
3300026078_24,1.0701557,4500642.0,0.5735686153219919,genomic_traits+gtdb_distance+rrna16s
3300021469_8,1.0702628,1954240.0,0.6138222531521205,genomic_traits+gtdb_distance+rrna16s
3300010298_6,1.0710568,5064522.0,0.5401534438985555,genomic_traits+gtdb_distance+rrna16s
3300029874_23,1.0716336,1951388.0,0.4677747326518355,genomic_traits+gtdb_distance+rrna16s
3300028629_8,1.071971,4410019.0,0.6922033669242695,genomic_traits+gtdb_distance+rrna16s
3300029431_12,1.0731117,2730900.0,0.5957325423852943,genomic_traits+gtdb_distance+rrna16s
3300027962_18,1.0736792,2767626.0,0.5379101077963568,genomic_traits+gtdb_distance+rrna16s
3300018008_7,1.0738603,4724849.0,0.4866593620240562,genomic_traits+gtdb_distance+rrna16s
3300025775_8,1.07442,3772536.0,0.7027977996763981,genomic_traits+gtdb_distance+rrna16s
3300021468_13,1.0747309,1897818.0,0.5318918884740265,genomic_traits+gtdb_distance+rrna16s
3300025161_40,1.0751244,3133627.0,0.5461929578727781,genomic_traits+gtdb_distance+rrna16s
3300027607_9,1.0763206,7658999.0,0.4285062578020966,genomic_traits+gtdb_distance+rrna16s
3300025683_11,1.0764208,3423939.0,0.6732876958380392,genomic_traits+gtdb_distance+rrna16s
3300029332_12,1.0772791,2687034.0,0.5469208800484102,genomic_traits+gtdb_distance+rrna16s
3300025094_31,1.078092,2270965.0,0.6914263319778156,genomic_traits+gtdb_distance+rrna16s
3300029365_33,1.0783982,2164586.0,0.522078586852174,genomic_traits+gtdb_distance+rrna16s
3300029796_25,1.0784994,2161627.0,0.5220049527508678,genomic_traits+gtdb_distance+rrna16s
3300026293_10,1.0793391,3411917.0,0.5595045248756051,genomic_traits+gtdb_distance+rrna16s
3300025812_17,1.0803908,2063921.0,0.5095970243047093,genomic_traits+gtdb_distance+rrna16s
3300026194_8,1.0816315,3761085.0,0.6656196283785131,genomic_traits+gtdb_distance+rrna16s
3300029120_22,1.0817134,1795512.0,0.3109736944113991,genomic_traits+gtdb_distance+rrna16s
3300028569_52,1.0819734,1889158.0,0.4193476670559053,genomic_traits+gtdb_distance+rrna16s
3300029534_6,1.0821201,3856674.0,0.3113555877421841,genomic_traits+gtdb_distance+rrna16s
3300027690_9,1.0824044,5086344.0,0.6625253816886942,genomic_traits+gtdb_distance+rrna16s
3300027697_17,1.0844929,2073774.0,0.3317015258171816,genomic_traits+gtdb_distance+rrna16s
3300008098_23,1.0846812,1699743.0,0.3654911360129149,genomic_traits+gtdb_distance+rrna16s
3300022828_1,1.0848403,2496541.0,0.6454722754402992,genomic_traits+gtdb_distance+rrna16s
3300027863_43,1.0854964,3448040.0,0.5609459287015232,genomic_traits+gtdb_distance+rrna16s
3300008418_19,1.0855018,1207987.0,0.3238462003316261,genomic_traits+gtdb_distance+rrna16s
3300012270_14,1.085642,1964203.0,0.4741714578381155,genomic_traits+gtdb_distance+rrna16s
3300020578_44,1.0856785,2906972.0,0.6693514763816094,genomic_traits+gtdb_distance+rrna16s
3300000324_13,1.0869061,1440303.0,0.3949349546588461,genomic_traits+gtdb_distance+rrna16s
3300025349_12,1.0872774,1527707.0,0.52549147185946,genomic_traits+gtdb_distance+rrna16s
3300027690_20,1.0873914,4167401.0,0.4394115181140476,genomic_traits+gtdb_distance+rrna16s
3300025960_7,1.0873927,5251732.0,0.7101919899949197,genomic_traits+gtdb_distance+rrna16s
3300026288_20,1.0876143,3140715.0,0.5875636598672596,genomic_traits+gtdb_distance+rrna16s
3300028963_3,1.0881488,4272022.0,0.4373249950491828,genomic_traits+gtdb_distance+rrna16s
3300006330_4,1.0888265,4393551.0,0.6532388038741328,genomic_traits+gtdb_distance+rrna16s
3300008636_21,1.0892595,1736436.0,0.4116656185428083,genomic_traits+gtdb_distance+rrna16s
3300028603_64,1.0895252,2066424.0,0.5587285087668359,genomic_traits+gtdb_distance+rrna16s
3300020478_31,1.0898199,2115785.0,0.3534021651538317,genomic_traits+gtdb_distance+rrna16s
3300027773_37,1.0920211,2978167.0,0.6391297062924947,genomic_traits+gtdb_distance+rrna16s
3300023179_44,1.0928708,1697652.0,0.4340642251768913,genomic_traits+gtdb_distance+rrna16s
3300011807_4,1.0939004,1931676.0,0.3964474373549187,genomic_traits+gtdb_distance+rrna16s
3300009503_166,1.09466,1421705.0,0.4578411133111299,genomic_traits+gtdb_distance+rrna16s
3300025613_43,1.0958546,1798000.0,0.5613882091212459,genomic_traits+gtdb_distance+rrna16s
3300022602_28,1.0960203,2921792.0,0.5742041185683306,genomic_traits+gtdb_distance+rrna16s
3300026825_11,1.096533,2900038.0,0.6813821060275762,genomic_traits+gtdb_distance
3300020200_14,1.0970107,4831465.0,0.6659849548739357,genomic_traits+gtdb_distance+rrna16s
3300029539_21,1.097085,1851986.0,0.5352648454145982,genomic_traits+gtdb_distance+rrna16s
3300027965_40,1.0985626,3433907.0,0.7309266092529588,genomic_traits+gtdb_distance+rrna16s
3300029505_11,1.0987961,2093197.0,0.3969005306237301,genomic_traits+gtdb_distance+rrna16s
3300005858_15,1.0994565,2059414.0,0.6020659274919953,genomic_traits+gtdb_distance+rrna16s
3300005850_2,1.0995272,2005218.0,0.3745797215065893,genomic_traits+gtdb_distance+rrna16s
3300029622_34,1.0997337,2017406.0,0.4957405698208491,genomic_traits+gtdb_distance+rrna16s
3300025105_53,1.1019844,1507480.0,0.4190622761164327,genomic_traits+gtdb_distance+rrna16s
3300029241_18,1.102428,2207851.0,0.5118764807951262,genomic_traits+gtdb_distance+rrna16s
3300029884_12,1.1025037,2273012.0,0.5445800550107083,genomic_traits+gtdb_distance+rrna16s
3300029857_35,1.1026633,2007869.0,0.5320461643663008,genomic_traits+gtdb_distance+rrna16s
3300005278_6,1.1027613,1781521.0,0.4622628641481071,genomic_traits+gtdb_distance+rrna16s
3300011977_17,1.1030028,2466839.0,0.573390886069176,genomic_traits+gtdb_distance+rrna16s
3300017518_60,1.1030914,1337546.0,0.3610896372909791,genomic_traits+gtdb_distance+rrna16s
3300009764_7,1.104454,3351341.0,0.5883886480068725,genomic_traits+gtdb_distance+rrna16s
3300025801_1,1.1059605,5721485.0,0.4958366577907658,genomic_traits+gtdb_distance+rrna16s
3300020139_24,1.1063051,2351874.0,0.6932480226406686,genomic_traits+gtdb_distance+rrna16s
3300029594_15,1.1065688,2881914.0,0.5812328195775447,genomic_traits+gtdb_distance+rrna16s
3300004085_4,1.1085377,5587471.0,0.5260872047479083,genomic_traits+gtdb_distance+rrna16s
3300008621_20,1.1093173,1575834.0,0.359098102972775,genomic_traits+gtdb_distance+rrna16s
3300008123_16,1.1099074,1809303.0,0.2958863164434039,genomic_traits+gtdb_distance+rrna16s
3300028114_29,1.1111023,1897648.0,0.4191504430747957,genomic_traits+gtdb_distance+rrna16s
3300020153_40,1.1117893,2282260.0,0.5690644361291001,genomic_traits+gtdb_distance+rrna16s
3300011522_4,1.1121472,3836751.0,0.2968946903252257,genomic_traits+gtdb_distance+rrna16s
3300012139_9,1.1135948,837533.0,0.2557212671023112,genomic_traits+gtdb_distance+rrna16s
3300011563_7,1.1170949,1644904.0,0.4341311103869891,genomic_traits+gtdb_distance+rrna16s
3300029610_37,1.1176585,1543170.0,0.4719719797559569,genomic_traits+gtdb_distance+rrna16s
3300027515_14,1.1177871,3670779.0,0.5894661596353253,genomic_traits+gtdb_distance+rrna16s
3300025724_59,1.1188432,1490900.0,0.3368656516198269,genomic_traits+gtdb_distance+rrna16s
3300005721_7,1.1188432,1921862.0,0.376932891123296,genomic_traits+gtdb_distance+rrna16s
3300029770_31,1.121038,1840891.0,0.3653540595287825,genomic_traits+gtdb_distance+rrna16s
3300023234_6,1.12182,2654330.0,0.6420411177208561,genomic_traits+gtdb_distance+rrna16s
3300025702_1,1.122553,5383933.0,0.6020862443867708,genomic_traits+gtdb_distance+rrna16s
3300027896_13,1.1256684,5639586.0,0.6159675550652123,genomic_traits+gtdb_distance+rrna16s
3300008746_20,1.1264501,1854068.0,0.374633508587603,genomic_traits+gtdb_distance+rrna16s
3300028972_2,1.1269867,4814574.0,0.5075560163786038,genomic_traits+gtdb_distance+rrna16s
3300010315_4,1.1279825,4812711.0,0.5398969520505179,genomic_traits+gtdb_distance+rrna16s
3300000350_6,1.128959,2746254.0,0.6479542678863645,genomic_traits+gtdb_distance+rrna16s
3300029566_16,1.1290042,2327746.0,0.5066325965118187,genomic_traits+gtdb_distance+rrna16s
3300017687_2,1.1302973,4612120.0,0.6362291093900418,genomic_traits+gtdb_distance+rrna16s
3300027977_40,1.1307845,1895489.0,0.4190454283828606,genomic_traits+gtdb_distance+rrna16s
3300015171_2,1.1311749,3460052.0,0.5164471516613045,genomic_traits+gtdb_distance+rrna16s
3300029509_4,1.1312152,4218840.0,0.3030840230963961,genomic_traits+gtdb_distance+rrna16s
3300002481_1,1.1314809,4115458.0,0.5768619191351242,genomic_traits+gtdb_distance+rrna16s
3300025689_44,1.1327646,1798031.0,0.5602917858479637,genomic_traits+gtdb_distance+rrna16s
3300013884_6,1.1327976,1805391.0,0.5951536260012374,genomic_traits+gtdb_distance+rrna16s
3300021300_5,1.1328294,1543200.0,0.3677514256091239,genomic_traits+gtdb_distance+rrna16s
3300027863_41,1.1328616,3493706.0,0.5588174849286116,genomic_traits+gtdb_distance+rrna16s
3300029841_25,1.1334944,1877938.0,0.4386987216830375,genomic_traits+gtdb_distance+rrna16s
3300002481_15,1.1343874,2035112.0,0.4029114859526159,genomic_traits+gtdb_distance+rrna16s
3300028391_6,1.1346956,2067049.0,0.6948282309708188,genomic_traits+gtdb_distance+rrna16s
3300018033_8,1.1351963,3248425.0,0.5897682723165842,genomic_traits+gtdb_distance+rrna16s
3300018022_9,1.1360636,4049054.0,0.4833627805408374,genomic_traits+gtdb_distance+rrna16s
3300005613_52,1.1363908,939054.0,0.4928683547485022,genomic_traits+gtdb_distance+rrna16s
3300029858_28,1.137135,1887147.0,0.4956211678263537,genomic_traits+gtdb_distance+rrna16s
3300012841_5,1.1374288,4138067.0,0.693067801947141,genomic_traits+gtdb_distance+rrna16s
3300029821_33,1.1377225,2163196.0,0.4306225603227817,genomic_traits+gtdb_distance+rrna16s
3300006177_7,1.1392505,2896871.0,0.6210324864310492,genomic_traits+gtdb_distance
3300027828_65,1.1410414,2234709.0,0.3144767394770415,genomic_traits+gtdb_distance+rrna16s
3300012858_4,1.1411887,4288273.0,0.6917136572228494,genomic_traits+gtdb_distance+rrna16s
3300002462_35,1.1428127,1272376.0,0.5311448817016353,genomic_traits+gtdb_distance+rrna16s
3300006353_11,1.1458756,3095070.0,0.6214631656149942,genomic_traits+gtdb_distance
3300027820_32,1.1460075,3046621.0,0.5045763815059372,genomic_traits+gtdb_distance+rrna16s
3300028417_7,1.1475682,3638897.0,0.4995711612612283,genomic_traits+gtdb_distance+rrna16s
3300029494_28,1.1480399,2045477.0,0.4613672018800505,genomic_traits+gtdb_distance+rrna16s
3300006525_23,1.1485928,1318150.0,0.2610476804612525,genomic_traits+gtdb_distance+rrna16s
3300025940_20,1.1485935,5498608.0,0.7089597949153676,genomic_traits+gtdb_distance+rrna16s
3300020153_34,1.148842,2433885.0,0.6686334810395725,genomic_traits+gtdb_distance+rrna16s
3300027592_24,1.1488998,3929136.0,0.5342848911312817,genomic_traits+gtdb_distance+rrna16s
3300008096_43,1.1495249,1257045.0,0.2538851035563563,genomic_traits+gtdb_distance+rrna16s
3300011970_5,1.1495266,2760614.0,0.3747590210004006,genomic_traits+gtdb_distance+rrna16s
3300005370_1,1.149889,1341646.0,0.4887324972459203,genomic_traits+gtdb_distance+rrna16s
3300027391_20,1.1502063,3384523.0,0.6208727197303726,genomic_traits+gtdb_distance+rrna16s
3300027283_3,1.1509128,6026960.0,0.5526067868378087,genomic_traits+gtdb_distance+rrna16s
3300029690_25,1.1518513,1765744.0,0.441361261881677,genomic_traits+gtdb_distance+rrna16s
3300025713_68,1.1524911,1077264.0,0.395258729522197,genomic_traits+gtdb_distance+rrna16s
3300005256_6,1.153223,1252707.0,0.3607611356845615,genomic_traits+gtdb_distance+rrna16s
3300025682_58,1.1542413,1498232.0,0.3365646975902263,genomic_traits+gtdb_distance+rrna16s
3300029620_20,1.1544219,2665516.0,0.5823285247584332,genomic_traits+gtdb_distance+rrna16s
3300027283_33,1.1548934,2985432.0,0.6100859105147932,genomic_traits+gtdb_distance
3300027742_23,1.1549578,2651282.0,0.6031399149543504,genomic_traits+gtdb_distance
3300029117_14,1.1550237,2243110.0,0.5734752196726866,genomic_traits+gtdb_distance+rrna16s
3300027282_10,1.1570735,2996814.0,0.6101629930986708,genomic_traits+gtdb_distance
3300025941_19,1.1576331,5410349.0,0.7096152207556297,genomic_traits+gtdb_distance+rrna16s
3300014951_15,1.1584588,2296562.0,0.3058672049785723,genomic_traits+gtdb_distance+rrna16s
3300011190_4,1.1586696,5006358.0,0.5371801217571736,genomic_traits+gtdb_distance+rrna16s
3300017444_29,1.1617434,4719221.0,0.7076053441871021,genomic_traits+gtdb_distance
3300025629_46,1.1617639,1516139.0,0.4294771125866428,genomic_traits+gtdb_distance+rrna16s
3300025393_24,1.1626413,1843029.0,0.3460081203280035,genomic_traits+gtdb_distance+rrna16s
3300021306_37,1.162967,1660520.0,0.533670175607641,genomic_traits+gtdb_distance+rrna16s
3300022181_56,1.1631674,2169732.0,0.550986020393302,genomic_traits+gtdb_distance+rrna16s
3300023174_57,1.1635509,1393056.0,0.3420142478120047,genomic_traits+gtdb_distance+rrna16s
3300025587_25,1.1645832,1698064.0,0.4878773709353711,genomic_traits+gtdb_distance+rrna16s
3300002037_10,1.1674249,3627756.0,0.5724737275605085,genomic_traits+gtdb_distance+rrna16s
3300005985_30,1.1679531,2958372.0,0.5908800515959454,genomic_traits+gtdb_distance+rrna16s
3300029928_14,1.168384,1815325.0,0.5743886081004779,genomic_traits+gtdb_distance+rrna16s
3300012527_18,1.1751931,2361297.0,0.655142068109179,genomic_traits+gtdb_distance
3300027968_31,1.175352,3787304.0,0.5699925329469195,genomic_traits+gtdb_distance+rrna16s
3300029397_5,1.1756451,4310136.0,0.3949480944452797,genomic_traits+gtdb_distance+rrna16s
3300011980_8,1.1758922,2816256.0,0.4437796137851104,genomic_traits+gtdb_distance+rrna16s
3300028557_51,1.1759397,1356998.0,0.3438685981851115,genomic_traits+gtdb_distance+rrna16s
3300012095_4,1.1766943,813192.0,0.2581628938799201,genomic_traits+gtdb_distance+rrna16s
3300028569_47,1.1783615,2276878.0,0.5104788223172256,genomic_traits+gtdb_distance+rrna16s
3300029719_32,1.1791124,2032559.0,0.338367053551705,genomic_traits+gtdb_distance+rrna16s
3300029437_26,1.1809326,2077877.0,0.5147378790948646,genomic_traits+gtdb_distance+rrna16s
3300028161_10,1.181128,2327911.0,0.3268264980920662,genomic_traits+gtdb_distance+rrna16s
3300017441_4,1.1819665,7363128.0,0.651854891019143,genomic_traits+gtdb_distance+rrna16s
3300025298_19,1.1821303,4730412.0,0.637343850810458,genomic_traits+gtdb_distance
3300026975_2,1.1829177,5806493.0,0.5681410448613302,genomic_traits+gtdb_distance+rrna16s
3300027706_51,1.1839349,1891239.0,0.4031806662193408,genomic_traits+gtdb_distance+rrna16s
3300025506_13,1.1858656,2152239.0,0.5195672971263879,genomic_traits+gtdb_distance+rrna16s
3300029340_28,1.1868594,1777858.0,0.5371683227794346,genomic_traits+gtdb_distance+rrna16s
3300029251_18,1.188636,2194908.0,0.5150448219241991,genomic_traits+gtdb_distance+rrna16s
3300025855_8,1.1892693,4711891.0,0.6303923414187638,genomic_traits+gtdb_distance+rrna16s
3300028570_38,1.189783,2439687.0,0.6716357467166895,genomic_traits+gtdb_distance+rrna16s
3300028398_44,1.1899214,1455839.0,0.4787754689907332,genomic_traits+gtdb_distance+rrna16s
3300012088_10,1.1908557,1958268.0,0.395000582147081,genomic_traits+gtdb_distance+rrna16s
3300000865_14,1.1943944,1431057.0,0.4201803282468832,genomic_traits+gtdb_distance+rrna16s
3300022188_10,1.1946741,2356771.0,0.407469796598821,genomic_traits+gtdb_distance+rrna16s
3300023249_7,1.1981858,2784281.0,0.6392932322563707,genomic_traits+gtdb_distance+rrna16s
3300012079_26,1.1983821,738626.0,0.3271682827303669,genomic_traits+gtdb_distance+rrna16s
3300027592_7,1.2001024,5599786.0,0.6020930085542555,genomic_traits+gtdb_distance+rrna16s
3300015196_5,1.2002922,4673658.0,0.6858473598196531,genomic_traits+gtdb_distance+rrna16s
3300027790_30,1.200904,3048263.0,0.5045765408037298,genomic_traits+gtdb_distance+rrna16s
3300026198_5,1.2011037,4250186.0,0.6685634463997575,genomic_traits+gtdb_distance+rrna16s
3300029856_20,1.2011158,1895624.0,0.4903430216118808,genomic_traits+gtdb_distance+rrna16s
3300021500_5,1.2016345,2839485.0,0.6378994782504573,genomic_traits+gtdb_distance+rrna16s
3300006258_15,1.2017154,1766971.0,0.2875502767164826,genomic_traits+gtdb_distance+rrna16s
3300009702_40,1.2032813,3483229.0,0.5907975042697451,genomic_traits+gtdb_distance+rrna16s
3300029445_41,1.204533,1309058.0,0.2624727093833887,genomic_traits+gtdb_distance+rrna16s
3300003093_1,1.2048649,6099016.0,0.4198275590685448,genomic_traits+gtdb_distance+rrna16s
3300027941_6,1.2126296,3344558.0,0.6572402093191387,genomic_traits+gtdb_distance+rrna16s
3300029016_9,1.2126845,2084649.0,0.4076192203099898,genomic_traits+gtdb_distance+rrna16s
3300029442_9,1.2158366,3257921.0,0.4983850130190388,genomic_traits+gtdb_distance+rrna16s
3300018080_69,1.2161939,1444095.0,0.4176186469726715,genomic_traits+gtdb_distance+rrna16s
3300022225_35,1.2164546,1312474.0,0.4770235448473646,genomic_traits+gtdb_distance+rrna16s
3300026273_2,1.2176766,2139578.0,0.5836693030120893,genomic_traits+gtdb_distance+rrna16s
3300027863_60,1.2182711,3125564.0,0.6430573810038764,genomic_traits+gtdb_distance+rrna16s
3300024423_13,1.218488,1483016.0,0.5520931668977274,genomic_traits+gtdb_distance+rrna16s
3300021301_5,1.2185194,1494689.0,0.3671613292129667,genomic_traits+gtdb_distance+rrna16s
3300026971_12,1.219032,3162494.0,0.5777446534285915,genomic_traits+gtdb_distance+rrna16s
3300029796_31,1.2190511,1840966.0,0.5096351589328646,genomic_traits+gtdb_distance+rrna16s
3300007298_17,1.2197256,1991702.0,0.4651413715505633,genomic_traits+gtdb_distance+rrna16s
3300029189_4,1.2199605,3781838.0,0.6072489091283128,genomic_traits+gtdb_distance+rrna16s
3300005964_16,1.2205068,1430796.0,0.4739291974537251,genomic_traits+gtdb_distance+rrna16s
3300027536_10,1.2205555,4862772.0,0.5697194933260289,genomic_traits+gtdb_distance+rrna16s
3300008436_13,1.2217329,1818021.0,0.3646278013290275,genomic_traits+gtdb_distance+rrna16s
3300026311_72,1.2231454,1703350.0,0.5969419085918924,genomic_traits+gtdb_distance+rrna16s
3300029791_28,1.224406,1860098.0,0.3643705869260651,genomic_traits+gtdb_distance+rrna16s
3300015360_94,1.2247839,1871252.0,0.5720571040137833,genomic_traits+gtdb_distance+rrna16s
3300027902_46,1.2258595,2083877.0,0.3804053694147975,genomic_traits+gtdb_distance+rrna16s
3300029798_9,1.2295884,3008701.0,0.5013848169027099,genomic_traits+gtdb_distance+rrna16s
3300000062_48,1.229679,1072625.0,0.2946024938818319,genomic_traits+gtdb_distance+rrna16s
3300025409_6,1.2304783,3701157.0,0.6737414813800117,genomic_traits+gtdb_distance+rrna16s
3300018033_10,1.2309629,2053734.0,0.5173148031828854,genomic_traits+gtdb_distance+rrna16s
3300025730_56,1.233924,1850125.0,0.4526958989257482,genomic_traits+gtdb_distance+rrna16s
3300027893_46,1.2345512,3009176.0,0.604154094011118,genomic_traits+gtdb_distance+rrna16s
3300002163_19,1.2356071,2395782.0,0.4757874464371132,genomic_traits+gtdb_distance+rrna16s
3300026628_3,1.235818,1884441.0,0.4397383627293186,genomic_traits+gtdb_distance+rrna16s
3300007641_25,1.2379558,1256630.0,0.2684569045781176,genomic_traits+gtdb_distance+rrna16s
3300025708_36,1.239473,2426274.0,0.528451032323637,genomic_traits+gtdb_distance+rrna16s
3300012921_36,1.2399236,3368624.0,0.6589025667453536,genomic_traits+gtdb_distance
3300013125_8,1.2400397,7026848.0,0.6259907713956527,genomic_traits+gtdb_distance+rrna16s
3300029647_7,1.2410203,2480651.0,0.3345158186298677,genomic_traits+gtdb_distance+rrna16s
3300007921_21,1.2422303,1261268.0,0.2776047596545698,genomic_traits+gtdb_distance+rrna16s
3300026516_50,1.2430472,2702232.0,0.4517491466313773,genomic_traits+gtdb_distance+rrna16s
3300029733_27,1.2431741,1426830.0,0.2911916626367542,genomic_traits+gtdb_distance+rrna16s
3300029122_28,1.2438512,1480579.0,0.348325216013465,genomic_traits+gtdb_distance+rrna16s
3300018015_21,1.2439207,1935679.0,0.595084205594006,genomic_traits+gtdb_distance+rrna16s
3300007299_21,1.2441252,1830653.0,0.3032491684661156,genomic_traits+gtdb_distance+rrna16s
3300008148_10,1.244588,1840353.0,0.4004291567976361,genomic_traits+gtdb_distance+rrna16s
3300013876_5,1.2448685,1255733.0,0.3568632822423238,genomic_traits+gtdb_distance+rrna16s
3300009503_41,1.2453182,3321817.0,0.5624855312619569,genomic_traits+gtdb_distance+rrna16s
3300025657_26,1.2454158,2103508.0,0.5383830249278824,genomic_traits+gtdb_distance+rrna16s
3300022188_32,1.2459285,772777.0,0.4050094658614322,genomic_traits+gtdb_distance+rrna16s
3300025441_10,1.2459481,2276647.0,0.5226809426318617,genomic_traits+gtdb_distance+rrna16s
3300027863_175,1.246052,1545477.0,0.441770404865294,genomic_traits+gtdb_distance+rrna16s
3300021091_46,1.2478024,2480183.0,0.5135822638893985,genomic_traits+gtdb_distance+rrna16s
3300005460_55,1.247908,1752635.0,0.3601029307300151,genomic_traits+gtdb_distance+rrna16s
3300025871_17,1.2497178,2981063.0,0.571096618890644,genomic_traits+gtdb_distance+rrna16s
3300025446_16,1.2516392,2234766.0,0.5203520189585845,genomic_traits+gtdb_distance+rrna16s
3300024433_4,1.2522836,5138426.0,0.4915435193578734,genomic_traits+gtdb_distance+rrna16s
3300027284_32,1.2532105,2424157.0,0.6342039727624902,genomic_traits+gtdb_distance
3300025613_55,1.2547781,1122762.0,0.3567933364328326,genomic_traits+gtdb_distance+rrna16s
3300010281_13,1.2550722,2626175.0,0.470970517958628,genomic_traits+gtdb_distance+rrna16s
3300029885_27,1.2558236,1796943.0,0.5099288068681088,genomic_traits+gtdb_distance+rrna16s
3300013290_5,1.2561553,2690807.0,0.5205668782636584,genomic_traits+gtdb_distance+rrna16s
3300029817_12,1.259354,2476249.0,0.5147018736807163,genomic_traits+gtdb_distance+rrna16s
3300017419_24,1.2607062,1819725.0,0.6370583467282144,genomic_traits+gtdb_distance+rrna16s
3300029110_4,1.263984,2980037.0,0.4661965606467302,genomic_traits+gtdb_distance+rrna16s
3300027835_30,1.2646735,3127059.0,0.6409831090491097,genomic_traits+gtdb_distance+rrna16s
3300028276_5,1.2681353,2441665.0,0.5370663051647134,genomic_traits+gtdb_distance+rrna16s
3300026279_35,1.2684724,1107672.0,0.3189906398283968,genomic_traits+gtdb_distance+rrna16s
3300029094_10,1.2705513,1748434.0,0.4736078113328841,genomic_traits+gtdb_distance+rrna16s
3300017434_22,1.2713131,1867964.0,0.4321127173757096,genomic_traits+gtdb_distance+rrna16s
3300023237_10,1.2732693,2644322.0,0.6416733665567204,genomic_traits+gtdb_distance+rrna16s
3300012886_56,1.2738482,1072843.0,0.3025643081047273,genomic_traits+gtdb_distance+rrna16s
3300029587_28,1.2762207,2212735.0,0.5852648419263943,genomic_traits+gtdb_distance+rrna16s
3300027282_17,1.2773993,2610894.0,0.634387684831326,genomic_traits+gtdb_distance
3300000412_1,1.2782546,2815453.0,0.6739007896775403,genomic_traits+gtdb_distance+rrna16s
3300029892_5,1.2806376,2935239.0,0.6936249484283903,genomic_traits+gtdb_distance+rrna16s
3300014800_15,1.2809895,1700701.0,0.5140203951194243,genomic_traits+gtdb_distance+rrna16s
3300003364_9,1.2821872,2597215.0,0.6338169924322784,genomic_traits+gtdb_distance
3300029010_8,1.2827426,2758181.0,0.3041319623331464,genomic_traits+gtdb_distance+rrna16s
3300027282_18,1.2831357,2564199.0,0.6244573841577818,genomic_traits+gtdb_distance
3300029711_30,1.2840396,1844184.0,0.4556329520264789,genomic_traits+gtdb_distance+rrna16s
3300027284_29,1.2849311,2662925.0,0.6241606504126102,genomic_traits+gtdb_distance
3300008551_24,1.2890521,1603599.0,0.2935353539132913,genomic_traits+gtdb_distance+rrna16s
3300008101_34,1.2914846,1440673.0,0.250217086042426,genomic_traits+gtdb_distance+rrna16s
3300026848_5,1.293496,3564100.0,0.6481498835610673,genomic_traits+gtdb_distance
3300028191_12,1.2937359,2186760.0,0.5208344765772193,genomic_traits+gtdb_distance+rrna16s
3300025740_57,1.295661,1697466.0,0.4520597172491231,genomic_traits+gtdb_distance+rrna16s
3300012007_27,1.2960724,1384324.0,0.328236742265539,genomic_traits+gtdb_distance+rrna16s
3300005645_9,1.2962189,2578966.0,0.4249423993957268,genomic_traits+gtdb_distance+rrna16s
3300001095_16,1.2981682,2439617.0,0.5365120836590334,genomic_traits+gtdb_distance+rrna16s
3300025952_5,1.3026328,3989581.0,0.4627959677971195,genomic_traits+gtdb_distance+rrna16s
3300007299_20,1.3037814,1833728.0,0.4691671829191679,genomic_traits+gtdb_distance+rrna16s
3300014919_10,1.3053998,1945763.0,0.4176587796149891,genomic_traits+gtdb_distance+rrna16s
3300029647_8,1.3055656,2339095.0,0.3378622928953291,genomic_traits+gtdb_distance+rrna16s
3300014959_3,1.3080281,3229087.0,0.5184313708487879,genomic_traits+gtdb_distance+rrna16s
3300025079_6,1.3092785,2891462.0,0.646618561820975,genomic_traits+gtdb_distance
3300022177_12,1.310909,3873883.0,0.6101673695359411,genomic_traits+gtdb_distance+rrna16s
3300020196_39,1.3111744,2431554.0,0.5142118990571461,genomic_traits+gtdb_distance+rrna16s
3300029327_11,1.3121239,3632291.0,0.6043152930203004,genomic_traits+gtdb_distance+rrna16s
3300021486_6,1.3161056,2879166.0,0.6358900459369137,genomic_traits+gtdb_distance+rrna16s
3300029559_22,1.3205074,2050928.0,0.5283895875428098,genomic_traits+gtdb_distance+rrna16s
3300029852_11,1.3206425,2742060.0,0.4444060305026148,genomic_traits+gtdb_distance+rrna16s
3300025737_87,1.3209393,1008056.0,0.3978023046338695,genomic_traits+gtdb_distance+rrna16s
3300027815_62,1.3219262,1841729.0,0.4769257583498983,genomic_traits+gtdb_distance+rrna16s
3300029719_42,1.3224931,1558708.0,0.3116998180544399,genomic_traits+gtdb_distance+rrna16s
3300014916_10,1.3280889,1815313.0,0.398751620244002,genomic_traits+gtdb_distance+rrna16s
3300025274_2,1.3346885,3863038.0,0.5827711246951234,genomic_traits+gtdb_distance+rrna16s
3300011529_1,1.3381729,4739395.0,0.5825821650231728,genomic_traits+gtdb_distance+rrna16s
3300009503_40,1.3383948,3424972.0,0.6083681851997622,genomic_traits+gtdb_distance+rrna16s
3300025297_20,1.3391826,3425416.0,0.6410196600938397,genomic_traits+gtdb_distance+rrna16s
3300025601_5,1.3405243,3661445.0,0.6117038491633767,genomic_traits+gtdb_distance+rrna16s
3300026660_1,1.3410954,1906850.0,0.4406277368434853,genomic_traits+gtdb_distance+rrna16s
3300029243_27,1.346326,1541743.0,0.3491580633088653,genomic_traits+gtdb_distance+rrna16s
3300029253_5,1.3480449,4708857.0,0.5080689432700972,genomic_traits+gtdb_distance+rrna16s
3300011978_20,1.3492652,1066196.0,0.2704287016646095,genomic_traits+gtdb_distance+rrna16s
3300029875_25,1.3508973,2021476.0,0.4953939596611584,genomic_traits+gtdb_distance+rrna16s
3300029246_8,1.3512199,2582361.0,0.6003610649324397,genomic_traits+gtdb_distance+rrna16s
3300010295_4,1.3563423,5120460.0,0.5377846912191483,genomic_traits+gtdb_distance+rrna16s
3300026534_14,1.3580009,3894418.0,0.5940728499097939,genomic_traits+gtdb_distance+rrna16s
3300027536_25,1.3589003,3550761.0,0.5644114036399521,genomic_traits+gtdb_distance+rrna16s
3300002168_35,1.3599473,1719388.0,0.2690753919417839,genomic_traits+gtdb_distance+rrna16s
3300017444_58,1.3639041,2912779.0,0.6879941801283241,genomic_traits+gtdb_distance+rrna16s
3300025502_10,1.3641274,3633511.0,0.6104624425245995,genomic_traits+gtdb_distance+rrna16s
3300029548_22,1.3647807,1961417.0,0.4801605166061067,genomic_traits+gtdb_distance+rrna16s
3300013138_11,1.3665719,6718763.0,0.6260179143095239,genomic_traits+gtdb_distance+rrna16s
3300025241_6,1.3690175,3591006.0,0.5849803648336984,genomic_traits+gtdb_distance+rrna16s
3300021343_17,1.3732802,1218258.0,0.3587688322178061,genomic_traits+gtdb_distance+rrna16s
3300026980_11,1.3736839,3309597.0,0.6609454262860402,genomic_traits+gtdb_distance
3300027863_56,1.3741723,3165955.0,0.5878137876249031,genomic_traits+gtdb_distance+rrna16s
3300014002_2,1.3752813,4159026.0,0.505715040011772,genomic_traits+gtdb_distance+rrna16s
3300017938_25,1.3756756,1703745.0,0.4254492309588583,genomic_traits+gtdb_distance+rrna16s
3300029106_9,1.3783834,2621629.0,0.528221575211443,genomic_traits+gtdb_distance+rrna16s
3300020204_39,1.3794172,2496895.0,0.5147805574523558,genomic_traits+gtdb_distance+rrna16s
3300029572_30,1.3807544,1945696.0,0.4456436154466062,genomic_traits+gtdb_distance+rrna16s
3300026089_23,1.3809247,4076445.0,0.6383390429651327,genomic_traits+gtdb_distance+rrna16s
3300029840_31,1.3814493,1322982.0,0.2680799889945592,genomic_traits+gtdb_distance+rrna16s
3300022857_8,1.3834856,3506953.0,0.6123606446964074,genomic_traits+gtdb_distance+rrna16s
3300028564_55,1.3842484,1620626.0,0.3803024263463624,genomic_traits+gtdb_distance+rrna16s
3300029252_12,1.3844556,2409196.0,0.5302686041318349,genomic_traits+gtdb_distance+rrna16s
3300007519_50,1.3850781,3596141.0,0.6109599150867555,genomic_traits+gtdb_distance+rrna16s
3300002174_35,1.3899233,1841526.0,0.3646910225541209,genomic_traits+gtdb_distance+rrna16s
3300025546_38,1.3900379,1612597.0,0.4898303791957941,genomic_traits+gtdb_distance+rrna16s
3300028569_72,1.3919829,974413.0,0.4038728957844363,genomic_traits+gtdb_distance+rrna16s
3300028284_9,1.3974917,1832460.0,0.5427392685242788,genomic_traits+gtdb_distance+rrna16s
3300008575_24,1.3979911,1651963.0,0.3676117443308355,genomic_traits+gtdb_distance+rrna16s
3300021295_5,1.3998575,1486217.0,0.3673171548972996,genomic_traits+gtdb_distance+rrna16s
3300005977_8,1.4003752,2050127.0,0.3674265057725692,genomic_traits+gtdb_distance+rrna16s
3300020139_40,1.4037665,1280277.0,0.3659223746111193,genomic_traits+gtdb_distance+rrna16s
3300029566_27,1.4064244,1939840.0,0.5362942304519961,genomic_traits+gtdb_distance+rrna16s
3300025576_17,1.4070456,2163243.0,0.5167579416644362,genomic_traits+gtdb_distance+rrna16s
3300025887_12,1.4073765,3449509.0,0.4726788653109761,genomic_traits+gtdb_distance+rrna16s
3300029744_10,1.4083816,2975008.0,0.5824095262937108,genomic_traits+gtdb_distance+rrna16s
3300025300_5,1.4118104,3757083.0,0.5842737570609965,genomic_traits+gtdb_distance+rrna16s
3300005253_6,1.4219342,4741729.0,0.6398712368420886,genomic_traits+gtdb_distance+rrna16s
3300014162_12,1.4229299,1666397.0,0.518329065642821,genomic_traits+gtdb_distance+rrna16s
3300026101_3,1.4278419,3615470.0,0.5827355779469889,genomic_traits+gtdb_distance+rrna16s
3300010259_16,1.4288723,1091754.0,0.2513954608822134,genomic_traits+gtdb_distance+rrna16s
3300028553_32,1.4297538,1896173.0,0.4190556452391211,genomic_traits+gtdb_distance+rrna16s
3300008212_2,1.4311991,5236165.0,0.5387465826611652,genomic_traits+gtdb_distance+rrna16s
3300027592_4,1.4327836,6059811.0,0.5489733920744393,genomic_traits+gtdb_distance+rrna16s
3300014611_3,1.436167,4672545.0,0.5830700399889139,genomic_traits+gtdb_distance+rrna16s
3300027968_18,1.4379947,4815708.0,0.6343671584738941,genomic_traits+gtdb_distance+rrna16s
3300025912_30,1.438397,3390451.0,0.6662880543031001,genomic_traits+gtdb_distance+rrna16s
3300000866_12,1.4394761,1418943.0,0.3251829002292551,genomic_traits+gtdb_distance+rrna16s
3300025216_3,1.4402039,3449145.0,0.5858190942972824,genomic_traits+gtdb_distance+rrna16s
3300000865_15,1.4406801,1367716.0,0.5281505809685636,genomic_traits+gtdb_distance+rrna16s
3300023179_48,1.4414768,1506762.0,0.4487337748098239,genomic_traits+gtdb_distance+rrna16s
3300009772_26,1.4438308,2104452.0,0.4500758392208518,genomic_traits+gtdb_distance+rrna16s
3300025477_7,1.4446819,3757795.0,0.6739449597436795,genomic_traits+gtdb_distance+rrna16s
3300013902_15,1.4469969,931290.0,0.4730599491028573,genomic_traits+gtdb_distance+rrna16s
3300029511_13,1.4485407,2553412.0,0.2919004062015844,genomic_traits+gtdb_distance+rrna16s
3300025740_20,1.4514569,2988268.0,0.369614773507597,genomic_traits+gtdb_distance+rrna16s
3300026991_6,1.4518672,2915334.0,0.6780633025238274,genomic_traits+gtdb_distance+rrna16s
3300026087_6,1.4520253,3714467.0,0.5534689095366845,genomic_traits+gtdb_distance+rrna16s
3300015214_78,1.45443,1936485.0,0.561550438035926,genomic_traits+gtdb_distance+rrna16s
3300021376_46,1.4558527,2463629.0,0.5140335659305845,genomic_traits+gtdb_distance+rrna16s
3300012273_3,1.4565333,5602004.0,0.5328346784472128,genomic_traits+gtdb_distance+rrna16s
3300011563_1,1.457407,4096337.0,0.5967087180571325,genomic_traits+gtdb_distance+rrna16s
3300022401_9,1.4601347,1409159.0,0.3397153905272577,genomic_traits+gtdb_distance+rrna16s
3300025264_6,1.4627002,3582465.0,0.5856060003377562,genomic_traits+gtdb_distance+rrna16s
3300018044_9,1.4636884,2128219.0,0.5165549222143022,genomic_traits+gtdb_distance+rrna16s
3300011921_3,1.466688,2235063.0,0.5535499446771747,genomic_traits+gtdb_distance+rrna16s
3300025286_8,1.4691992,3683013.0,0.5850077097202753,genomic_traits+gtdb_distance+rrna16s
3300027847_53,1.4694276,1983775.0,0.4221385993875313,genomic_traits+gtdb_distance+rrna16s
3300020380_8,1.4736164,1161444.0,0.4069227616656506,genomic_traits+gtdb_distance+rrna16s
3300013122_33,1.475143,1334819.0,0.437075738358534,genomic_traits+gtdb_distance
3300027848_39,1.4755116,3890517.0,0.6120163464136,genomic_traits+gtdb_distance+rrna16s
3300029795_37,1.4759617,1316111.0,0.2623547709881613,genomic_traits+gtdb_distance+rrna16s
3300005858_28,1.4765375,1357758.0,0.3698435214522764,genomic_traits+gtdb_distance+rrna16s
3300006879_24,1.4771832,2394389.0,0.6293446887702875,genomic_traits+gtdb_distance+rrna16s
3300007360_26,1.4809165,1671440.0,0.4682938065380749,genomic_traits+gtdb_distance+rrna16s
3300013886_6,1.4864135,1554782.0,0.633582714489877,genomic_traits+gtdb_distance+rrna16s
3300029747_27,1.486912,1883481.0,0.4691648070779583,genomic_traits+gtdb_distance+rrna16s
3300011738_1,1.4875101,2184607.0,0.555842309394779,genomic_traits+gtdb_distance+rrna16s
3300021049_3,1.4894173,2671559.0,0.5523886988833112,genomic_traits+gtdb_distance+rrna16s
3300025603_4,1.4947909,5358219.0,0.690255848071906,genomic_traits+gtdb_distance+rrna16s
3300009769_6,1.4954243,4541667.0,0.6361274395502796,genomic_traits+gtdb_distance+rrna16s
3300025280_5,1.4978148,3891037.0,0.5841383672270399,genomic_traits+gtdb_distance+rrna16s
3300022857_4,1.5066706,5986609.0,0.6870400254969048,genomic_traits+gtdb_distance+rrna16s
3300029435_12,1.5068309,2782247.0,0.5660439206152437,genomic_traits+gtdb_distance+rrna16s
3300022853_2,1.5116143,3626109.0,0.6037358501909347,genomic_traits+gtdb_distance+rrna16s
3300025809_14,1.5117913,3374262.0,0.533067082520563,genomic_traits+gtdb_distance+rrna16s
3300029822_23,1.5153961,1841411.0,0.4698283001459207,genomic_traits+gtdb_distance+rrna16s
3300029874_12,1.5171541,2627854.0,0.5842265209558827,genomic_traits+gtdb_distance+rrna16s
3300013717_1,1.5202088,5286901.0,0.5914897971420309,genomic_traits+gtdb_distance+rrna16s
3300027834_61,1.5213274,2194711.0,0.4784643627338634,genomic_traits+gtdb_distance+rrna16s
3300029130_22,1.5228807,2036155.0,0.614767048677532,genomic_traits+gtdb_distance+rrna16s
3300027327_6,1.5230981,5451928.0,0.5770692496305894,genomic_traits+gtdb_distance+rrna16s
3300028044_33,1.5278001,1896169.0,0.4190618030354889,genomic_traits+gtdb_distance+rrna16s
3300024328_7,1.5286595,3147655.0,0.5573145722768219,genomic_traits+gtdb_distance+rrna16s
3300025748_39,1.5292654,1772531.0,0.5586243625640398,genomic_traits+gtdb_distance+rrna16s
3300009704_48,1.5302169,1792135.0,0.5628219972267714,genomic_traits+gtdb_distance+rrna16s
3300025241_3,1.53302,4332974.0,0.552693831073069,genomic_traits+gtdb_distance+rrna16s
3300026980_6,1.5350351,3745509.0,0.5946542913126093,genomic_traits+gtdb_distance+rrna16s
3300015202_7,1.5365034,4857610.0,0.4901262143317392,genomic_traits+gtdb_distance+rrna16s
3300029494_32,1.5380728,1721457.0,0.3115221582647722,genomic_traits+gtdb_distance+rrna16s
3300011768_2,1.5383834,5518306.0,0.5911421004924338,genomic_traits+gtdb_distance+rrna16s
3300012859_10,1.5393919,3296357.0,0.6739858577211145,genomic_traits+gtdb_distance+rrna16s
3300025133_5,1.5408655,3649876.0,0.5841705307248795,genomic_traits+gtdb_distance+rrna16s
3300000214_11,1.5421841,1230692.0,0.3022445908480757,genomic_traits+gtdb_distance+rrna16s
3300017400_34,1.5456985,1205534.0,0.4154042938647935,genomic_traits+gtdb_distance+rrna16s
3300028287_22,1.5473706,1771147.0,0.5503699015383816,genomic_traits+gtdb_distance+rrna16s
3300029941_1,1.5484976,2995400.0,0.6096284302597316,genomic_traits+gtdb_distance+rrna16s
3300025518_2,1.5490222,4974910.0,0.6102190793401288,genomic_traits+gtdb_distance+rrna16s
3300025638_45,1.5491107,1783512.0,0.5616626072602819,genomic_traits+gtdb_distance+rrna16s
3300014957_4,1.5499367,948153.0,0.297802147965571,genomic_traits+gtdb_distance+rrna16s
3300027804_19,1.5502608,2662926.0,0.5537172268399497,genomic_traits+gtdb_distance+rrna16s
3300020196_66,1.5514961,1192672.0,0.4115733412036167,genomic_traits+gtdb_distance+rrna16s
3300011597_1,1.5551497,5756996.0,0.5930217773297046,genomic_traits+gtdb_distance+rrna16s
3300021424_55,1.5589174,1218990.0,0.4111493941705838,genomic_traits+gtdb_distance+rrna16s
3300023187_8,1.5602322,3290866.0,0.6292711401801228,genomic_traits+gtdb_distance+rrna16s
3300013383_14,1.5604637,930655.0,0.473078638163444,genomic_traits+gtdb_distance+rrna16s
3300029573_6,1.5632961,3281128.0,0.5797823187635471,genomic_traits+gtdb_distance+rrna16s
3300028571_42,1.564309,1962293.0,0.5630025689333856,genomic_traits+gtdb_distance+rrna16s
3300027323_37,1.565064,1443068.0,0.4119528670859585,genomic_traits+gtdb_distance+rrna16s
3300022920_19,1.565558,1828918.0,0.543842862282508,genomic_traits+gtdb_distance+rrna16s
3300026989_6,1.5662591,3094449.0,0.6895192003487536,genomic_traits+gtdb_distance+rrna16s
3300024046_10,1.5673062,3425016.0,0.6573934253153854,genomic_traits+gtdb_distance+rrna16s
3300009503_180,1.5697405,1254469.0,0.4068310974603597,genomic_traits+gtdb_distance+rrna16s
3300008755_13,1.5720868,2005461.0,0.3949999526293455,genomic_traits+gtdb_distance+rrna16s
3300014973_3,1.573786,3105501.0,0.518035576224255,genomic_traits+gtdb_distance+rrna16s
3300028275_1,1.5754753,6257839.0,0.6642312146413483,genomic_traits+gtdb_distance+rrna16s
3300021093_40,1.5811787,2477809.0,0.5142171975321745,genomic_traits+gtdb_distance+rrna16s
3300014205_67,1.5842743,1149989.0,0.4747314974317145,genomic_traits+gtdb_distance+rrna16s
3300025350_21,1.5855399,1481869.0,0.2862068104535556,genomic_traits+gtdb_distance+rrna16s
3300011483_1,1.5866,5541924.0,0.5500652841865027,genomic_traits+gtdb_distance+rrna16s
3300014583_3,1.5914532,2862663.0,0.3748970800963997,genomic_traits+gtdb_distance+rrna16s
3300026531_26,1.5927707,1622472.0,0.5491835914579728,genomic_traits+gtdb_distance+rrna16s
3300025293_4,1.5928329,3666760.0,0.5853415549422378,genomic_traits+gtdb_distance+rrna16s
3300020201_39,1.5944052,3012648.0,0.5737387839535186,genomic_traits+gtdb_distance+rrna16s
3300007125_47,1.5951798,1011304.0,0.2415366694881064,genomic_traits+gtdb_distance+rrna16s
3300025516_11,1.5961616,2230860.0,0.5373582385268462,genomic_traits+gtdb_distance+rrna16s
3300028567_40,1.5971322,2411199.0,0.6733347185362967,genomic_traits+gtdb_distance+rrna16s
3300012889_63,1.5984434,1068372.0,0.3025144799751397,genomic_traits+gtdb_distance+rrna16s
3300026972_3,1.5991838,4975328.0,0.6562461811562976,genomic_traits+gtdb_distance+rrna16s
3300025287_1,1.6012489,3852467.0,0.5833124592631164,genomic_traits+gtdb_distance+rrna16s
3300014789_12,1.604507,1993734.0,0.4860698568615472,genomic_traits+gtdb_distance+rrna16s
3300029729_14,1.606451,2307341.0,0.5832328208097546,genomic_traits+gtdb_distance+rrna16s
3300027800_74,1.6091399,1001846.0,0.2434775404603102,genomic_traits+gtdb_distance+rrna16s
3300025699_8,1.6104847,3595648.0,0.4921571855754512,genomic_traits+gtdb_distance+rrna16s
3300020430_5,1.6114386,4861704.0,0.5297663123875909,genomic_traits+gtdb_distance+rrna16s
3300020364_8,1.614062,2998729.0,0.458817719106995,genomic_traits+gtdb_distance+rrna16s
3300000205_7,1.6198106,3394876.0,0.6028638453952369,genomic_traits+gtdb_distance+rrna16s
3300014147_2,1.6205668,2677952.0,0.5522910791530244,genomic_traits+gtdb_distance+rrna16s
3300013122_3,1.6232935,4938620.0,0.6749172845855725,genomic_traits+gtdb_distance+rrna16s
3300011704_1,1.6236098,5851147.0,0.5911157248313877,genomic_traits+gtdb_distance+rrna16s
3300028571_37,1.6274724,2278724.0,0.5104949085540855,genomic_traits+gtdb_distance+rrna16s
3300027515_24,1.6284,2869226.0,0.645842816146236,genomic_traits+gtdb_distance+rrna16s
3300025282_4,1.6291921,3745863.0,0.5770232387036045,genomic_traits+gtdb_distance+rrna16s
3300020190_43,1.6322285,2448451.0,0.5138387494787521,genomic_traits+gtdb_distance+rrna16s
3300029382_22,1.6325383,2114162.0,0.3425868027142669,genomic_traits+gtdb_distance+rrna16s
3300026987_6,1.6325468,1981473.0,0.3645984578139596,genomic_traits+gtdb_distance+rrna16s
3300025240_8,1.6332197,3159846.0,0.6451706823686977,genomic_traits+gtdb_distance+rrna16s
3300020145_9,1.6353683,1431201.0,0.2859786990087346,genomic_traits+gtdb_distance+rrna16s
3300029103_16,1.6359252,1806202.0,0.4629725800325766,genomic_traits+gtdb_distance+rrna16s
3300025867_65,1.6378348,956167.0,0.4171467954865624,genomic_traits+gtdb_distance+rrna16s
3300027835_12,1.6393008,5572529.0,0.650651077814041,genomic_traits+gtdb_distance+rrna16s
3300021288_5,1.6412934,1427723.0,0.3668715850343519,genomic_traits+gtdb_distance+rrna16s
3300021300_4,1.6436173,1730814.0,0.5337679265363002,genomic_traits+gtdb_distance+rrna16s
3300029428_25,1.6459538,1991196.0,0.4954293801313381,genomic_traits+gtdb_distance+rrna16s
3300025529_6,1.6465409,4311843.0,0.5038518331952253,genomic_traits+gtdb_distance+rrna16s
3300012194_2,1.6507993,3525936.0,0.6701877175308911,genomic_traits+gtdb_distance+rrna16s
3300011880_1,1.651548,5108418.0,0.5934639647734387,genomic_traits+gtdb_distance+rrna16s
3300013885_7,1.6549327,1478839.0,0.4049237273293442,genomic_traits+gtdb_distance+rrna16s
3300020153_15,1.6553903,3842922.0,0.6318853205971914,genomic_traits+gtdb_distance+rrna16s
3300014144_2,1.6554909,2725354.0,0.5511816079672586,genomic_traits+gtdb_distance+rrna16s
3300021279_6,1.6588684,1528428.0,0.3583210985404612,genomic_traits+gtdb_distance+rrna16s
3300020478_15,1.6590408,3089267.0,0.5864847551215223,genomic_traits+gtdb_distance+rrna16s
3300000394_8,1.6656746,2748871.0,0.6279650809368647,genomic_traits+gtdb_distance+rrna16s
3300029738_29,1.6659025,1795146.0,0.3044209217523254,genomic_traits+gtdb_distance+rrna16s
3300027353_1,1.6663859,4019480.0,0.6840991869595072,genomic_traits+gtdb_distance+rrna16s
3300008268_43,1.668708,1126680.0,0.2630205559697518,genomic_traits+gtdb_distance+rrna16s
3300013882_5,1.6722171,1791874.0,0.5947901470750734,genomic_traits+gtdb_distance+rrna16s
3300011817_1,1.6728641,4706165.0,0.5639183921515714,genomic_traits+gtdb_distance+rrna16s
3300027773_32,1.6733325,3482740.0,0.6587322051028788,genomic_traits+gtdb_distance+rrna16s
3300026286_15,1.6751407,2984915.0,0.3943988354777272,genomic_traits+gtdb_distance+rrna16s
3300026289_10,1.6760361,4293460.0,0.6060394180917023,genomic_traits+gtdb_distance+rrna16s
3300005529_59,1.6774886,3779164.0,0.715674683607274,genomic_traits+gtdb_distance+rrna16s
3300028569_51,1.6783494,1962306.0,0.5630029159570423,genomic_traits+gtdb_distance+rrna16s
3300021047_1,1.6793368,3178319.0,0.571264243771629,genomic_traits+gtdb_distance+rrna16s
3300011486_2,1.683823,4419100.0,0.6156882623158562,genomic_traits+gtdb_distance+rrna16s
3300029493_33,1.6850629,1278480.0,0.2612743257618422,genomic_traits+gtdb_distance+rrna16s
3300007354_5,1.6872917,4055757.0,0.6096691690355216,genomic_traits+gtdb_distance+rrna16s
3300024257_7,1.6880357,4514527.0,0.6108469392253053,genomic_traits+gtdb_distance+rrna16s
3300005529_32,1.6891035,6303246.0,0.6218254848374949,genomic_traits+gtdb_distance+rrna16s
3300027321_2,1.69082,3641968.0,0.6118411803728094,genomic_traits+gtdb_distance+rrna16s
3300012889_34,1.691492,2220621.0,0.6615640399689997,genomic_traits+gtdb_distance+rrna16s
3300025260_1,1.6945144,4456475.0,0.552461979479297,genomic_traits+gtdb_distance+rrna16s
3300026473_1,1.7011883,5716497.0,0.6657099618874985,genomic_traits+gtdb_distance+rrna16s
3300014604_2,1.7054689,4757443.0,0.5909380312071001,genomic_traits+gtdb_distance+rrna16s
3300005958_6,1.7059063,1444278.0,0.37926908808415,genomic_traits+gtdb_distance+rrna16s
3300011811_1,1.7112451,4840131.0,0.5593158532279395,genomic_traits+gtdb_distance+rrna16s
3300005330_12,1.7113574,5115655.0,0.7096514522578242,genomic_traits+gtdb_distance+rrna16s
3300025603_6,1.7117571,3815522.0,0.6039446240907536,genomic_traits+gtdb_distance+rrna16s
3300027354_2,1.7123604,3670622.0,0.611545945074159,genomic_traits+gtdb_distance+rrna16s
3300014205_43,1.7127591,2064913.0,0.5014172509931412,genomic_traits+gtdb_distance+rrna16s
3300025296_8,1.7162439,3708939.0,0.584464721582102,genomic_traits+gtdb_distance+rrna16s
3300028398_30,1.7199887,1911475.0,0.5286802076930119,genomic_traits+gtdb_distance+rrna16s
3300029483_26,1.7206348,1838899.0,0.514104907338576,genomic_traits+gtdb_distance+rrna16s
3300011542_2,1.7216327,4404922.0,0.5753604717631776,genomic_traits+gtdb_distance+rrna16s
3300025823_11,1.7235562,3633708.0,0.5648343235064568,genomic_traits+gtdb_distance+rrna16s
3300011843_2,1.7251954,3749774.0,0.514839294314804,genomic_traits+gtdb_distance+rrna16s
3300002481_10,1.7255175,2201280.0,0.3927305931094635,genomic_traits+gtdb_distance+rrna16s
3300027832_45,1.7255193,3491600.0,0.6123401878794822,genomic_traits+gtdb_distance+rrna16s
3300026848_6,1.7257962,3355787.0,0.6092287740550876,genomic_traits+gtdb_distance+rrna16s
3300022738_13,1.7276728,2559506.0,0.582170543847133,genomic_traits+gtdb_distance+rrna16s
3300011943_1,1.7289817,6453759.0,0.6272831074107353,genomic_traits+gtdb_distance+rrna16s
3300026966_3,1.7302967,4945035.0,0.6597114075026769,genomic_traits+gtdb_distance+rrna16s
3300007949_7,1.740235,1239125.0,0.4206444063351155,genomic_traits+gtdb_distance+rrna16s
3300027342_3,1.7408755,3546323.0,0.6060155829009372,genomic_traits+gtdb_distance+rrna16s
3300013697_1,1.7408828,5581615.0,0.5499442365695233,genomic_traits+gtdb_distance+rrna16s
3300027673_31,1.741257,1926205.0,0.5816182597387091,genomic_traits+gtdb_distance+rrna16s
3300029847_19,1.7415624,2484186.0,0.4733228510264529,genomic_traits+gtdb_distance+rrna16s
3300027592_5,1.7425663,6068632.0,0.5945196545119229,genomic_traits+gtdb_distance+rrna16s
3300025347_6,1.7450659,4057272.0,0.667774307465706,genomic_traits+gtdb_distance+rrna16s
3300027878_94,1.7498394,2321203.0,0.6566724237388974,genomic_traits+gtdb_distance+rrna16s
3300011878_2,1.7527578,5262437.0,0.5932639193590346,genomic_traits+gtdb_distance+rrna16s
3300029028_11,1.7535092,1857956.0,0.485410849341965,genomic_traits+gtdb_distance+rrna16s
3300014808_12,1.7543846,1812392.0,0.455006422451655,genomic_traits+gtdb_distance+rrna16s
3300009083_71,1.7561985,4020741.0,0.688425342492839,genomic_traits+gtdb_distance+rrna16s
3300027510_10,1.758623,3172036.0,0.5626187722964052,genomic_traits+gtdb_distance+rrna16s
3300027976_12,1.7615081,5652014.0,0.6615369317910395,genomic_traits+gtdb_distance+rrna16s
3300014146_2,1.7667218,2677023.0,0.5522731780787837,genomic_traits+gtdb_distance+rrna16s
3300014794_17,1.7694367,1835578.0,0.4881781106550634,genomic_traits+gtdb_distance+rrna16s
3300021053_1,1.7737205,2734079.0,0.551198045118667,genomic_traits+gtdb_distance+rrna16s
3300027933_8,1.7750359,1525441.0,0.3241298745739756,genomic_traits+gtdb_distance+rrna16s
3300027839_9,1.7752485,6074763.0,0.5366028271390999,genomic_traits+gtdb_distance+rrna16s
3300028414_7,1.7781223,3196275.0,0.5559505987438502,genomic_traits+gtdb_distance+rrna16s
3300027834_151,1.7786071,2805403.0,0.5078774778525581,genomic_traits+gtdb_distance+rrna16s
3300018080_68,1.7789459,1440686.0,0.4424649090780364,genomic_traits+gtdb_distance+rrna16s
3300029739_29,1.7800075,1738137.0,0.4723724309418647,genomic_traits+gtdb_distance+rrna16s
3300027848_106,1.780447,1171352.0,0.3412347441247379,genomic_traits+gtdb_distance+rrna16s
3300000355_9,1.7810035,2727035.0,0.6284448127728467,genomic_traits+gtdb_distance+rrna16s
3300011210_1,1.783521,4759756.0,0.5909410062196465,genomic_traits+gtdb_distance+rrna16s
3300026282_7,1.7856338,3992741.0,0.6276725687942193,genomic_traits+gtdb_distance+rrna16s
3300002167_42,1.7883954,1259654.0,0.4889167977873289,genomic_traits+gtdb_distance+rrna16s
3300027284_12,1.7930299,3732402.0,0.5959550980842899,genomic_traits+gtdb_distance+rrna16s
3300017470_9,1.7950156,3052782.0,0.6744657823585176,genomic_traits+gtdb_distance+rrna16s
3300014702_3,1.7976127,4769923.0,0.5373149629459427,genomic_traits+gtdb_distance+rrna16s
3300000362_6,1.7977012,3839324.0,0.5960507631030879,genomic_traits+gtdb_distance+rrna16s
3300011636_3,1.7993087,4834618.0,0.5813274182158756,genomic_traits+gtdb_distance+rrna16s
3300025305_3,1.8052611,4267039.0,0.5823169181251917,genomic_traits+gtdb_distance+rrna16s
3300025105_37,1.8052809,2232127.0,0.7089659324939844,genomic_traits+gtdb_distance+rrna16s
3300011792_2,1.8068517,4576977.0,0.5578415622363844,genomic_traits+gtdb_distance+rrna16s
3300025529_16,1.8073422,3302082.0,0.6352286224266993,genomic_traits+gtdb_distance+rrna16s
3300026287_11,1.8094193,4121728.0,0.6060613412626937,genomic_traits+gtdb_distance+rrna16s
3300011591_4,1.8131013,2851579.0,0.5988871428776829,genomic_traits+gtdb_distance+rrna16s
3300027706_23,1.8140824,4285172.0,0.6599034997895067,genomic_traits+gtdb_distance+rrna16s
3300014608_3,1.8179716,5209888.0,0.5604300898598972,genomic_traits+gtdb_distance+rrna16s
3300021301_4,1.8191531,1663392.0,0.5333859968065254,genomic_traits+gtdb_distance+rrna16s
3300011504_1,1.8206706,4821178.0,0.5942132814843177,genomic_traits+gtdb_distance+rrna16s
3300027816_38,1.8210218,1181196.0,0.374461139387536,genomic_traits+gtdb_distance+rrna16s
3300023179_36,1.8219167,2175303.0,0.5276855684012756,genomic_traits+gtdb_distance+rrna16s
3300027283_14,1.8222344,3723565.0,0.5959229931530671,genomic_traits+gtdb_distance+rrna16s
3300025105_76,1.8244317,1856439.0,0.4563236389668607,genomic_traits+gtdb_distance+rrna16s
3300029487_8,1.824696,3091362.0,0.5815789286405151,genomic_traits+gtdb_distance+rrna16s
3300025861_42,1.8257405,1873646.0,0.3530384074686467,genomic_traits+gtdb_distance+rrna16s
3300029795_28,1.8278627,2082973.0,0.5164622873172143,genomic_traits+gtdb_distance+rrna16s
3300029245_29,1.82914,1978956.0,0.5070966711740938,genomic_traits+gtdb_distance+rrna16s
3300025254_8,1.8304765,6085980.0,0.6208922802901093,genomic_traits+gtdb_distance+rrna16s
3300011244_1,1.8334928,5525864.0,0.6445763051714628,genomic_traits+gtdb_distance+rrna16s
3300029745_19,1.8340309,2168837.0,0.4685326744241268,genomic_traits+gtdb_distance+rrna16s
3300017470_29,1.8351699,1904680.0,0.4615279207005901,genomic_traits+gtdb_distance+rrna16s
3300025750_11,1.8367994,2427847.0,0.5575771455120524,genomic_traits+gtdb_distance+rrna16s
3300025642_3,1.8373193,6327530.0,0.5560398765395028,genomic_traits+gtdb_distance+rrna16s
3300026863_11,1.838145,4956567.0,0.6317939412500628,genomic_traits+gtdb_distance+rrna16s
3300011945_1,1.8388999,6648452.0,0.6043142072771226,genomic_traits+gtdb_distance+rrna16s
3300021319_36,1.8396727,1651144.0,0.5347238036173707,genomic_traits+gtdb_distance+rrna16s
3300013128_56,1.8428411,1479200.0,0.5090981611681991,genomic_traits+gtdb_distance+rrna16s
3300005977_4,1.8437412,2446995.0,0.3636676821979612,genomic_traits+gtdb_distance+rrna16s
3300005278_4,1.8438482,1947306.0,0.3367585782614545,genomic_traits+gtdb_distance+rrna16s
3300005326_59,1.8439554,1482080.0,0.5387361006153514,genomic_traits+gtdb_distance+rrna16s
3300011834_2,1.8440944,4599087.0,0.5773513308184863,genomic_traits+gtdb_distance+rrna16s
3300012841_6,1.8449024,3629727.0,0.6316557691528867,genomic_traits+gtdb_distance+rrna16s
3300026287_12,1.8496844,3627244.0,0.6279434193012656,genomic_traits+gtdb_distance+rrna16s
3300014145_1,1.8515747,2662647.0,0.5523323219337749,genomic_traits+gtdb_distance+rrna16s
3300021361_9,1.8529708,1851984.0,0.5469226515995819,genomic_traits+gtdb_distance+rrna16s
3300027719_55,1.8537942,1125000.0,0.2482995555555555,genomic_traits+gtdb_distance+rrna16s
3300020220_63,1.8567995,2415535.0,0.5147820255140165,genomic_traits+gtdb_distance+rrna16s
3300005255_4,1.8588997,1497716.0,0.6206416970907702,genomic_traits+gtdb_distance+rrna16s
3300011927_5,1.861499,2621707.0,0.615611126643824,genomic_traits+gtdb_distance+rrna16s
3300029004_6,1.8620772,1882601.0,0.4672168983231178,genomic_traits+gtdb_distance+rrna16s
3300027532_23,1.8648579,3260031.0,0.6213986922210248,genomic_traits+gtdb_distance+rrna16s
3300029856_23,1.8662988,1807827.0,0.4895650966602446,genomic_traits+gtdb_distance+rrna16s
3300026874_4,1.8664042,3838198.0,0.6171917134030084,genomic_traits+gtdb_distance+rrna16s
3300025549_2,1.8699859,2489829.0,0.689207170452268,genomic_traits+gtdb_distance+rrna16s
3300026957_4,1.8733904,3720899.0,0.6490036413243143,genomic_traits+gtdb_distance+rrna16s
3300025039_7,1.8762221,3435225.0,0.5859496830629726,genomic_traits+gtdb_distance+rrna16s
3300027323_29,1.8832091,1653682.0,0.3884616268424038,genomic_traits+gtdb_distance+rrna16s
3300002009_1,1.890086,6079554.0,0.6485303033742278,genomic_traits+gtdb_distance+rrna16s
3300020204_66,1.8920313,1305075.0,0.4096898645671705,genomic_traits+gtdb_distance+rrna16s
3300012858_8,1.893144,3550564.0,0.6321232345058418,genomic_traits+gtdb_distance+rrna16s
3300029846_22,1.8937877,2303266.0,0.5126216424850625,genomic_traits+gtdb_distance+rrna16s
3300010396_50,1.8940635,3015815.0,0.6618366842793739,genomic_traits+gtdb_distance
3300021049_2,1.8945273,3137261.0,0.5695713553956779,genomic_traits+gtdb_distance+rrna16s
3300014962_1,1.896042,3002338.0,0.6117512418655061,genomic_traits+gtdb_distance+rrna16s
3300027247_1,1.8982679,2781078.0,0.6202925628119743,genomic_traits+gtdb_distance+rrna16s
3300029707_29,1.8998129,1936371.0,0.4958197576807337,genomic_traits+gtdb_distance+rrna16s
3300027823_69,1.9012718,2266318.0,0.6562693320178369,genomic_traits+gtdb_distance+rrna16s
3300027951_6,1.9034568,5576261.0,0.5771894464767701,genomic_traits+gtdb_distance+rrna16s
3300027854_40,1.9066921,1558936.0,0.3594150112640929,genomic_traits+gtdb_distance+rrna16s
3300021410_11,1.9068145,2956544.0,0.6188401052039137,genomic_traits+gtdb_distance+rrna16s
3300027714_13,1.9083414,2621822.0,0.5456243787717091,genomic_traits+gtdb_distance+rrna16s
3300010373_49,1.9111838,3076842.0,0.6636008608826842,genomic_traits+gtdb_distance
3300027750_6,1.9121221,2321241.0,0.695487456924981,genomic_traits+gtdb_distance+rrna16s
3300025216_6,1.9152597,2768519.0,0.6693585993088723,genomic_traits+gtdb_distance+rrna16s
3300011799_2,1.9155566,4615302.0,0.5582993268912847,genomic_traits+gtdb_distance+rrna16s
3300020139_34,1.9167838,1535958.0,0.4776549879619104,genomic_traits+gtdb_distance+rrna16s
3300026289_11,1.9168662,3852039.0,0.6269871618641452,genomic_traits+gtdb_distance+rrna16s
3300027869_8,1.9172109,6450951.0,0.5777225714472176,genomic_traits+gtdb_distance+rrna16s
3300029818_17,1.9198859,1997840.0,0.4307502102270452,genomic_traits+gtdb_distance+rrna16s
3300023237_7,1.9224582,3523701.0,0.6133851879032869,genomic_traits+gtdb_distance+rrna16s
3300026875_2,1.9271417,1461296.0,0.3791606902366118,genomic_traits+gtdb_distance+rrna16s
3300026046_1,1.9273002,2845963.0,0.7041546218274798,genomic_traits+gtdb_distance+rrna16s
3300028103_1,1.9327096,6424965.0,0.6644341253220835,genomic_traits+gtdb_distance+rrna16s
3300025082_3,1.9341791,3625448.0,0.5832978434665178,genomic_traits+gtdb_distance+rrna16s
3300027536_22,1.9345044,3965100.0,0.6957963229174547,genomic_traits+gtdb_distance+rrna16s
3300012909_1,1.9359238,4994635.0,0.5760949498812226,genomic_traits+gtdb_distance+rrna16s
3300029577_28,1.9361072,1854748.0,0.469769478117782,genomic_traits+gtdb_distance+rrna16s
3300027532_6,1.9377251,5510042.0,0.5777451424145225,genomic_traits+gtdb_distance+rrna16s
3300011575_4,1.9435257,2942012.0,0.620965856019622,genomic_traits+gtdb_distance+rrna16s
3300012921_28,1.9469835,3775024.0,0.6306969174235714,genomic_traits+gtdb_distance+rrna16s
3300025254_16,1.9493016,4502050.0,0.6497391188458591,genomic_traits+gtdb_distance+rrna16s
3300027753_6,1.9505453,2827556.0,0.5547458653338785,genomic_traits+gtdb_distance+rrna16s
3300023169_6,1.9530481,3040313.0,0.5982814927278869,genomic_traits+gtdb_distance+rrna16s
3300024504_1,1.955554,5901280.0,0.6659084130900415,genomic_traits+gtdb_distance+rrna16s
3300027015_5,1.9558059,4062871.0,0.6762328904855704,genomic_traits+gtdb_distance+rrna16s
3300017398_18,1.9582397,1412404.0,0.4114311485948779,genomic_traits+gtdb_distance+rrna16s
3300022602_17,1.9642862,4826258.0,0.6140836233786092,genomic_traits+gtdb_distance+rrna16s
3300027858_34,1.9643425,2532831.0,0.6201440206630446,genomic_traits+gtdb_distance+rrna16s
3300028028_29,1.9657671,1708368.0,0.539736754610248,genomic_traits+gtdb_distance+rrna16s
3300011575_2,1.9661105,4056543.0,0.6068181700526779,genomic_traits+gtdb_distance+rrna16s
3300021485_10,1.9704067,2907841.0,0.618775235647341,genomic_traits+gtdb_distance+rrna16s
3300025052_8,1.97564,2936318.0,0.6443930800410582,genomic_traits+gtdb_distance+rrna16s
3300025086_4,1.9777218,3489352.0,0.5853146945335409,genomic_traits+gtdb_distance+rrna16s
3300023070_2,1.9780585,2607478.0,0.6899697715570371,genomic_traits+gtdb_distance+rrna16s
3300029734_26,1.9804696,1870261.0,0.5079766941619378,genomic_traits+gtdb_distance+rrna16s
3300026971_8,1.9857566,3298800.0,0.6207372377834364,genomic_traits+gtdb_distance+rrna16s
3300002092_1,1.9867827,6815925.0,0.6301590759874852,genomic_traits+gtdb_distance+rrna16s
3300027592_23,1.9895489,3993334.0,0.6956635733449794,genomic_traits+gtdb_distance+rrna16s
3300027239_1,1.9897631,2783420.0,0.6213708315669213,genomic_traits+gtdb_distance+rrna16s
3300027418_3,1.990516,2249799.0,0.5480982967811792,genomic_traits+gtdb_distance+rrna16s
3300010153_6,1.992152,3778265.0,0.5840884638848783,genomic_traits+gtdb_distance+rrna16s
3300014636_3,1.9924705,3116115.0,0.6734083947479473,genomic_traits+gtdb_distance+rrna16s
3300025927_21,1.9926018,2684979.0,0.6849480014555048,genomic_traits+gtdb_distance
3300014500_2,1.9965632,2670228.0,0.5522168893442807,genomic_traits+gtdb_distance+rrna16s
3300009840_13,1.9974777,2401050.0,0.6946323483475979,genomic_traits+gtdb_distance
3300011478_2,1.9994309,4939707.0,0.5662420868282269,genomic_traits+gtdb_distance+rrna16s
3300027536_48,2.0008268,1818270.0,0.416201114245959,genomic_traits+gtdb_distance+rrna16s
3300025940_31,2.001854,2542400.0,0.6887342668344871,genomic_traits+gtdb_distance
3300025686_41,2.0028524,1852436.0,0.5604301579109886,genomic_traits+gtdb_distance+rrna16s
3300014572_8,2.0052805,1723666.0,0.4742258651037962,genomic_traits+gtdb_distance+rrna16s
3300020192_16,2.0057266,5113388.0,0.590441210406877,genomic_traits+gtdb_distance+rrna16s
3300008479_26,2.006926,1829193.0,0.4553609159886354,genomic_traits+gtdb_distance+rrna16s
3300017788_45,2.0069854,3359106.0,0.6286434545382016,genomic_traits+gtdb_distance+rrna16s
3300026863_7,2.0095427,5598288.0,0.6645197603267284,genomic_traits+gtdb_distance+rrna16s
3300023434_6,2.0099723,2654154.0,0.6429615613864154,genomic_traits+gtdb_distance+rrna16s
3300025254_7,2.0138044,6710370.0,0.6327068403083586,genomic_traits+gtdb_distance+rrna16s
3300029622_37,2.0138965,1793990.0,0.4881537801214053,genomic_traits+gtdb_distance+rrna16s
3300025272_13,2.0182617,4502047.0,0.64975065786741,genomic_traits+gtdb_distance+rrna16s
3300003130_3,2.0209408,3691195.0,0.6233525999032834,genomic_traits+gtdb_distance+rrna16s
3300025493_1,2.024386,3752418.0,0.6683463835851976,genomic_traits+gtdb_distance+rrna16s
3300025281_6,2.0254126,2802885.0,0.6693959973384567,genomic_traits+gtdb_distance+rrna16s
3300025593_6,2.027955,2865347.0,0.7075872485950219,genomic_traits+gtdb_distance+rrna16s
3300027532_12,2.0300949,4672964.0,0.6609336172930071,genomic_traits+gtdb_distance+rrna16s
3300024051_8,2.0308971,2881560.0,0.5946303391218646,genomic_traits+gtdb_distance+rrna16s
3300014016_2,2.0309355,3470418.0,0.6633904042683043,genomic_traits+gtdb_distance+rrna16s
3300027826_10,2.0344322,6976077.0,0.603487031464819,genomic_traits+gtdb_distance+rrna16s
3300013665_3,2.036279,2835941.0,0.6587883880517965,genomic_traits+gtdb_distance+rrna16s
3300027870_32,2.0375001,3736643.0,0.6209683397637933,genomic_traits+gtdb_distance+rrna16s
3300021091_38,2.039358,3101479.0,0.633807612432649,genomic_traits+gtdb_distance+rrna16s
3300012913_2,2.0398135,2161229.0,0.7054856287788106,genomic_traits+gtdb_distance
3300027524_2,2.0417557,2658057.0,0.6951886283853206,genomic_traits+gtdb_distance
3300011951_3,2.0427053,4906400.0,0.5595672998532529,genomic_traits+gtdb_distance+rrna16s
3300021059_3,2.0429852,2497405.0,0.5529695824265588,genomic_traits+gtdb_distance+rrna16s
3300024043_8,2.0438895,3394126.0,0.6558719387553673,genomic_traits+gtdb_distance+rrna16s
3300027015_9,2.046372,3030363.0,0.6203438333955371,genomic_traits+gtdb_distance+rrna16s
3300021416_13,2.051128,2848782.0,0.619008404293484,genomic_traits+gtdb_distance+rrna16s
3300011918_2,2.0513027,2234506.0,0.5536391488767539,genomic_traits+gtdb_distance+rrna16s
3300027316_4,2.0575378,3777658.0,0.6053456930193257,genomic_traits+gtdb_distance+rrna16s
3300025513_4,2.0581658,4987457.0,0.6910365342498191,genomic_traits+gtdb_distance+rrna16s
3300021487_7,2.0588953,2919551.0,0.6185779936709446,genomic_traits+gtdb_distance+rrna16s
3300021341_28,2.0594401,1212219.0,0.3587569572824712,genomic_traits+gtdb_distance+rrna16s
3300019487_21,2.062084,3033128.0,0.5637355231958558,genomic_traits+gtdb_distance+rrna16s
3300029818_9,2.0627725,3920009.0,0.6157039435368643,genomic_traits+gtdb_distance+rrna16s
3300017522_15,2.0690022,4068157.0,0.6951688442702678,genomic_traits+gtdb_distance+rrna16s
3300024313_2,2.0703387,3458062.0,0.5542052166791689,genomic_traits+gtdb_distance+rrna16s
3300028168_12,2.070943,2105619.0,0.5223228893736236,genomic_traits+gtdb_distance+rrna16s
3300025093_13,2.07727,2669524.0,0.6688372159231384,genomic_traits+gtdb_distance+rrna16s
3300011376_1,2.078392,3163319.0,0.6620555814952587,genomic_traits+gtdb_distance+rrna16s
3300025261_15,2.078976,3941412.0,0.6299960521762251,genomic_traits+gtdb_distance+rrna16s
3300027980_22,2.0789769,4436428.0,0.6304321855330459,genomic_traits+gtdb_distance+rrna16s
3300025518_4,2.0821893,3799589.0,0.6261240360470567,genomic_traits+gtdb_distance+rrna16s
3300027838_12,2.0822039,4121863.0,0.5950731501750544,genomic_traits+gtdb_distance+rrna16s
3300027607_43,2.0847962,3269884.0,0.5929981002384183,genomic_traits+gtdb_distance+rrna16s
3300029841_26,2.089958,1756945.0,0.4714780485444906,genomic_traits+gtdb_distance+rrna16s
3300027790_47,2.0904198,1775203.0,0.6002907836455887,genomic_traits+gtdb_distance+rrna16s
3300018946_6,2.0906177,3617179.0,0.6873162760261519,genomic_traits+gtdb_distance+rrna16s
3300029929_1,2.094145,3002181.0,0.6096677715300977,genomic_traits+gtdb_distance+rrna16s
3300026825_10,2.0967152,3647390.0,0.7114147376617252,genomic_traits+gtdb_distance+rrna16s
3300015069_5,2.0996304,2984435.0,0.6734611408859633,genomic_traits+gtdb_distance+rrna16s
3300010033_3,2.1076488,4514186.0,0.6691638315302028,genomic_traits+gtdb_distance+rrna16s
3300026874_6,2.1089945,3714954.0,0.5948975411270234,genomic_traits+gtdb_distance+rrna16s
3300005262_13,2.1129518,5648868.0,0.7027402658373324,genomic_traits+gtdb_distance+rrna16s
3300025924_32,2.1311996,2536881.0,0.7001735595796571,genomic_traits+gtdb_distance+rrna16s
3300026288_13,2.1312761,3859215.0,0.6256290463215964,genomic_traits+gtdb_distance+rrna16s
3300022848_2,2.1312766,6091699.0,0.6864075194785559,genomic_traits+gtdb_distance+rrna16s
3300018018_29,2.1339827,1671274.0,0.6065648122330629,genomic_traits+gtdb_distance+rrna16s
3300012678_13,2.1347969,2559726.0,0.7139303191044667,genomic_traits+gtdb_distance
3300020201_25,2.1414735,4728673.0,0.6129679510509608,genomic_traits+gtdb_distance+rrna16s
3300011617_3,2.1542413,2969441.0,0.5972376619033684,genomic_traits+gtdb_distance+rrna16s
3300013131_19,2.154901,4807702.0,0.6764834842092958,genomic_traits+gtdb_distance+rrna16s
3300026964_3,2.1576068,3019424.0,0.6422943581292326,genomic_traits+gtdb_distance+rrna16s
3300020578_50,2.159928,2459483.0,0.5134022068865692,genomic_traits+gtdb_distance+rrna16s
3300014156_12,2.160064,1703756.0,0.5197528284566569,genomic_traits+gtdb_distance+rrna16s
3300027773_24,2.1624813,4315323.0,0.6897986547009344,genomic_traits+gtdb_distance
3300025230_13,2.1686194,4423835.0,0.6489285879785299,genomic_traits+gtdb_distance+rrna16s
3300024260_6,2.1687047,4376871.0,0.6103695996523544,genomic_traits+gtdb_distance+rrna16s
3300025864_10,2.1714175,2809176.0,0.6303211333145378,genomic_traits+gtdb_distance+rrna16s
3300026283_5,2.1715696,5613428.0,0.6622363375819552,genomic_traits+gtdb_distance+rrna16s
3300027983_7,2.173839,5706832.0,0.661230433978081,genomic_traits+gtdb_distance+rrna16s
3300027820_52,2.173839,1805645.0,0.601117606173971,genomic_traits+gtdb_distance+rrna16s
3300022929_31,2.1792943,1935279.0,0.6310568140304318,genomic_traits+gtdb_distance+rrna16s
3300025582_6,2.1804283,2952830.0,0.6414117981732779,genomic_traits+gtdb_distance+rrna16s
3300026825_4,2.180463,4976415.0,0.6317268555777603,genomic_traits+gtdb_distance+rrna16s
3300018933_9,2.1886618,4467469.0,0.6272627745150554,genomic_traits+gtdb_distance+rrna16s
3300021376_74,2.1954508,1231706.0,0.410889449267926,genomic_traits+gtdb_distance+rrna16s
3300025701_13,2.2021084,2010449.0,0.5102084161299292,genomic_traits+gtdb_distance+rrna16s
3300026967_7,2.20211,3007855.0,0.6202948612881938,genomic_traits+gtdb_distance+rrna16s
3300011954_3,2.2031767,3724014.0,0.6729260416314224,genomic_traits+gtdb_distance+rrna16s
3300027820_12,2.2052255,4913330.0,0.6223984548157767,genomic_traits+gtdb_distance+rrna16s
3300021410_7,2.2071202,4773813.0,0.6055421525727966,genomic_traits+gtdb_distance+rrna16s
3300025347_12,2.208663,2990621.0,0.6445634535435951,genomic_traits+gtdb_distance+rrna16s
3300025621_14,2.2106183,3061474.0,0.6559134586803611,genomic_traits+gtdb_distance+rrna16s
3300025601_2,2.2121649,5017769.0,0.69134370274917,genomic_traits+gtdb_distance+rrna16s
3300026897_7,2.214681,3052102.0,0.6519369274028194,genomic_traits+gtdb_distance+rrna16s
3300025534_7,2.2156012,3979686.0,0.6740370973991415,genomic_traits+gtdb_distance+rrna16s
3300011790_3,2.217563,4459934.0,0.6165990348736102,genomic_traits+gtdb_distance+rrna16s
3300022866_5,2.223783,4902393.0,0.5845577863708601,genomic_traits+gtdb_distance+rrna16s
3300025292_16,2.2303152,4421799.0,0.6189516981662894,genomic_traits+gtdb_distance+rrna16s
3300006303_2,2.231307,3994261.0,0.6571818917191441,genomic_traits+gtdb_distance+rrna16s
3300026897_4,2.2316723,5514935.0,0.6437923565735589,genomic_traits+gtdb_distance+rrna16s
3300005529_111,2.2331047,1640780.0,0.3638330550104218,genomic_traits+gtdb_distance+rrna16s
3300021365_16,2.2340555,3147158.0,0.6079720179285565,genomic_traits+gtdb_distance+rrna16s
3300018018_22,2.2400737,2457901.0,0.6593044227574666,genomic_traits+gtdb_distance+rrna16s
3300020728_6,2.2421646,2915254.0,0.5336317178537445,genomic_traits+gtdb_distance+rrna16s
3300011517_3,2.2433703,2771522.0,0.673279519339915,genomic_traits+gtdb_distance+rrna16s
3300011571_2,2.2497077,3653249.0,0.6680072998035448,genomic_traits+gtdb_distance+rrna16s
3300025268_4,2.2573135,2763497.0,0.6691945024727727,genomic_traits+gtdb_distance+rrna16s
3300025248_9,2.2680552,2715657.0,0.6700334394218416,genomic_traits+gtdb_distance+rrna16s
3300012921_25,2.2703335,3911287.0,0.6272060833173326,genomic_traits+gtdb_distance+rrna16s
3300014020_2,2.271334,2818966.0,0.6217031351211756,genomic_traits+gtdb_distance+rrna16s
3300029002_7,2.2720351,1789410.0,0.4716135485998178,genomic_traits+gtdb_distance+rrna16s
3300012813_8,2.278177,3550426.0,0.6321221735081931,genomic_traits+gtdb_distance+rrna16s
3300027834_19,2.278468,3913059.0,0.5410506204992054,genomic_traits+gtdb_distance+rrna16s
3300011477_2,2.2792356,3368279.0,0.6705341214311522,genomic_traits+gtdb_distance+rrna16s
3300015163_1,2.283086,4090008.0,0.7139643736638168,genomic_traits+gtdb_distance
3300029787_4,2.283693,3675436.0,0.5832113523402394,genomic_traits+gtdb_distance+rrna16s
3300026863_9,2.2948732,5491260.0,0.6442927488408854,genomic_traits+gtdb_distance+rrna16s
3300027244_1,2.2949069,2884538.0,0.6209895657467505,genomic_traits+gtdb_distance+rrna16s
3300011803_2,2.2958183,4207870.0,0.6514036792961759,genomic_traits+gtdb_distance+rrna16s
3300020148_8,2.301628,3282298.0,0.657272435348649,genomic_traits+gtdb_distance+rrna16s
3300025431_24,2.3069189,1116556.0,0.3050917284936895,genomic_traits+gtdb_distance+rrna16s
3300028028_25,2.3082168,2004565.0,0.4324239922377174,genomic_traits+gtdb_distance+rrna16s
3300025862_23,2.3107364,2926529.0,0.5152786799652421,genomic_traits+gtdb_distance+rrna16s
3300011595_3,2.3112016,3086040.0,0.67372231079312,genomic_traits+gtdb_distance+rrna16s
3300026971_7,2.3127046,3715735.0,0.5946131788192646,genomic_traits+gtdb_distance+rrna16s
3300009779_48,2.3205295,2000922.0,0.4491869248276544,genomic_traits+gtdb_distance+rrna16s
3300026283_8,2.320852,3965904.0,0.6257531700212612,genomic_traits+gtdb_distance+rrna16s
3300027819_35,2.321558,3580415.0,0.6271778550810451,genomic_traits+gtdb_distance+rrna16s
3300026897_8,2.3279727,2739928.0,0.6849993868452018,genomic_traits+gtdb_distance+rrna16s
3300027983_41,2.3315978,2208340.0,0.6316047347781591,genomic_traits+gtdb_distance+rrna16s
3300011825_4,2.3317986,3282971.0,0.6707336129377932,genomic_traits+gtdb_distance+rrna16s
3300029594_29,2.3448427,1821727.0,0.3097615614194662,genomic_traits+gtdb_distance+rrna16s
3300011225_4,2.3460233,3867130.0,0.6254188506722039,genomic_traits+gtdb_distance+rrna16s
3300025264_7,2.3593297,3164538.0,0.641566952269178,genomic_traits+gtdb_distance+rrna16s
3300027773_31,2.3658073,3491057.0,0.7036307341873822,genomic_traits+gtdb_distance+rrna16s
3300011626_3,2.3665226,3627517.0,0.6722242790316352,genomic_traits+gtdb_distance+rrna16s
3300027340_3,2.369257,3582944.0,0.6058434069859869,genomic_traits+gtdb_distance+rrna16s
3300027284_65,2.372428,2994616.0,0.6097973830367567,genomic_traits+gtdb_distance+rrna16s
3300014039_24,2.379608,1469122.0,0.3464810955114688,genomic_traits+gtdb_distance+rrna16s
3300025510_2,2.3801289,3225081.0,0.6106472984709531,genomic_traits+gtdb_distance+rrna16s
3300025529_7,2.3804278,4141615.0,0.6730345529461333,genomic_traits+gtdb_distance+rrna16s
3300011829_3,2.3847718,3359947.0,0.6728165652612973,genomic_traits+gtdb_distance+rrna16s
3300000526_2,2.3907673,2702489.0,0.6738428907573721,genomic_traits+gtdb_distance+rrna16s
3300024314_4,2.4005754,3189588.0,0.5555109311923672,genomic_traits+gtdb_distance+rrna16s
3300011379_2,2.4071503,3223242.0,0.6691228893145473,genomic_traits+gtdb_distance+rrna16s
3300009704_19,2.4122171,2940418.0,0.7255794924395103,genomic_traits+gtdb_distance+rrna16s
3300027532_21,2.4130206,3498643.0,0.6155961039751698,genomic_traits+gtdb_distance+rrna16s
3300011526_4,2.4130569,2948827.0,0.5968288407560023,genomic_traits+gtdb_distance+rrna16s
3300026299_9,2.4179027,4168868.0,0.6056550603185326,genomic_traits+gtdb_distance+rrna16s
3300011590_3,2.4206698,3537172.0,0.6738029702824743,genomic_traits+gtdb_distance+rrna16s
3300012090_10,2.430023,3927980.0,0.7364719270464717,genomic_traits+gtdb_distance
3300013922_1,2.4320574,3508874.0,0.6707875517901184,genomic_traits+gtdb_distance+rrna16s
3300014092_1,2.4386654,6162074.0,0.644896344964374,genomic_traits+gtdb_distance+rrna16s
3300017418_16,2.440441,2733506.0,0.5986703522875019,genomic_traits+gtdb_distance+rrna16s
3300023296_13,2.4430587,1330814.0,0.3792896678273598,genomic_traits+gtdb_distance+rrna16s
3300027906_20,2.4469025,2609799.0,0.6742833451924841,genomic_traits+gtdb_distance+rrna16s
3300007722_10,2.4539669,5733578.0,0.6614522380265866,genomic_traits+gtdb_distance+rrna16s
3300025138_10,2.4541564,3758484.0,0.6204498941594536,genomic_traits+gtdb_distance+rrna16s
3300022181_44,2.4609392,2441561.0,0.5708208805759921,genomic_traits+gtdb_distance+rrna16s
3300029710_34,2.4617944,1595215.0,0.4773375375733051,genomic_traits+gtdb_distance+rrna16s
3300026283_7,2.4671726,4168438.0,0.651064259561975,genomic_traits+gtdb_distance+rrna16s
3300023245_3,2.4730062,3726180.0,0.6032480985889034,genomic_traits+gtdb_distance+rrna16s
3300005470_4,2.474101,2385399.0,0.3502013709236903,genomic_traits+gtdb_distance+rrna16s
3300027822_19,2.4791782,3899553.0,0.5410407295400268,genomic_traits+gtdb_distance+rrna16s
3300025132_4,2.4846997,3921354.0,0.6471864055119737,genomic_traits+gtdb_distance+rrna16s
3300007742_22,2.4988325,1851410.0,0.4559670737437952,genomic_traits+gtdb_distance+rrna16s
3300029714_30,2.5004563,1823598.0,0.489380883286777,genomic_traits+gtdb_distance+rrna16s
3300025506_5,2.501036,5414969.0,0.6250366345587574,genomic_traits+gtdb_distance+rrna16s
3300021376_62,2.502574,1804773.0,0.7139889614926642,genomic_traits+gtdb_distance+rrna16s
3300027391_10,2.5087676,4801232.0,0.6609707675030075,genomic_traits+gtdb_distance+rrna16s
3300028553_51,2.5139685,1134394.0,0.4152525489380232,genomic_traits+gtdb_distance+rrna16s
3300026989_8,2.5158796,2597229.0,0.6693537612586338,genomic_traits+gtdb_distance+rrna16s
3300013138_41,2.516135,3413181.0,0.6503112492422758,genomic_traits+gtdb_distance+rrna16s
3300011828_1,2.5181062,3938380.0,0.6463977574535723,genomic_traits+gtdb_distance+rrna16s
3300027706_16,2.5213108,4816803.0,0.6279935052357342,genomic_traits+gtdb_distance+rrna16s
3300027951_12,2.5231895,4568549.0,0.6623019693999123,genomic_traits+gtdb_distance+rrna16s
3300013469_2,2.5241644,3146672.0,0.6728883722230979,genomic_traits+gtdb_distance+rrna16s
3300025217_4,2.5328639,4059418.0,0.631503826410584,genomic_traits+gtdb_distance+rrna16s
3300013484_2,2.538011,3305336.0,0.6694590202024847,genomic_traits+gtdb_distance+rrna16s
3300021419_23,2.5382245,1212198.0,0.3587582226665941,genomic_traits+gtdb_distance+rrna16s
3300014687_2,2.548619,3461366.0,0.6665663209264782,genomic_traits+gtdb_distance+rrna16s
3300007519_98,2.5809586,1294686.0,0.3436817884799866,genomic_traits+gtdb_distance+rrna16s
3300027983_50,2.5810585,1883753.0,0.5466411997751297,genomic_traits+gtdb_distance+rrna16s
3300026797_5,2.582863,2765777.0,0.6846517271638314,genomic_traits+gtdb_distance+rrna16s
3300025684_37,2.5839493,1658544.0,0.5266384250282176,genomic_traits+gtdb_distance+rrna16s
3300003364_4,2.5842886,3961222.0,0.6134634716256752,genomic_traits+gtdb_distance+rrna16s
3300011543_1,2.6007407,6190376.0,0.5866708258109039,genomic_traits+gtdb_distance+rrna16s
3300013349_2,2.6028945,3118903.0,0.661459173305486,genomic_traits+gtdb_distance+rrna16s
3300017518_36,2.60594,3069440.0,0.670178599353628,genomic_traits+gtdb_distance+rrna16s
3300025565_8,2.621839,2442219.0,0.7095497987690702,genomic_traits+gtdb_distance+rrna16s
3300011603_2,2.6248693,3378197.0,0.6741057433891511,genomic_traits+gtdb_distance+rrna16s
3300029554_21,2.6283877,1874226.0,0.5103733487850451,genomic_traits+gtdb_distance+rrna16s
3300020732_5,2.6303017,2919475.0,0.5337449370177857,genomic_traits+gtdb_distance+rrna16s
3300027640_25,2.6347501,3432364.0,0.6717475186198201,genomic_traits+gtdb_distance+rrna16s
3300011797_1,2.6436653,3322640.0,0.6702941034839766,genomic_traits+gtdb_distance+rrna16s
3300017998_18,2.6558483,2845837.0,0.7074481075339171,genomic_traits+gtdb_distance+rrna16s
3300011927_3,2.6647491,3092822.0,0.6099468381950206,genomic_traits+gtdb_distance+rrna16s
3300008716_20,2.6668997,1730934.0,0.4720070204872051,genomic_traits+gtdb_distance+rrna16s
3300025218_6,2.6728,2805953.0,0.6693095001947645,genomic_traits+gtdb_distance+rrna16s
3300027276_52,2.6776857,1689469.0,0.5361021717474543,genomic_traits+gtdb_distance+rrna16s
3300025926_15,2.6787264,2542555.0,0.6925065534472215,genomic_traits+gtdb_distance+rrna16s
3300027858_21,2.6806018,3713523.0,0.5403071423012594,genomic_traits+gtdb_distance+rrna16s
3300014094_2,2.683207,5201655.0,0.5808503255213966,genomic_traits+gtdb_distance+rrna16s
3300013485_2,2.6845396,3220117.0,0.6705846402475438,genomic_traits+gtdb_distance+rrna16s
3300026282_18,2.6855361,2627818.0,0.6560773995763786,genomic_traits+gtdb_distance+rrna16s
3300026874_7,2.6887848,3292552.0,0.6206954362451983,genomic_traits+gtdb_distance+rrna16s
3300011530_3,2.6914425,3560077.0,0.6730076343854361,genomic_traits+gtdb_distance+rrna16s
3300025574_7,2.694521,3193443.0,0.6804527276672857,genomic_traits+gtdb_distance+rrna16s
3300022838_6,2.6985052,1861199.0,0.4832035693120402,genomic_traits+gtdb_distance+rrna16s
3300012840_7,2.7024715,3205377.0,0.6753324179963854,genomic_traits+gtdb_distance+rrna16s
3300025536_1,2.705906,6135301.0,0.6577897319137236,genomic_traits+gtdb_distance+rrna16s
3300011529_2,2.7063363,3042753.0,0.675790312259983,genomic_traits+gtdb_distance+rrna16s
3300028028_15,2.7101226,3058226.0,0.6508371192972658,genomic_traits+gtdb_distance+rrna16s
3300025039_10,2.7123446,3000797.0,0.6458197605502805,genomic_traits+gtdb_distance+rrna16s
3300027976_63,2.7284455,2008554.0,0.5025366507447646,genomic_traits+gtdb_distance+rrna16s
3300002168_45,2.7354474,1573261.0,0.3749377884534098,genomic_traits+gtdb_distance+rrna16s
3300005274_2,2.7385008,3493053.0,0.6055244509602346,genomic_traits+gtdb_distance+rrna16s
3300011454_2,2.7444947,3140256.0,0.6714681860332407,genomic_traits+gtdb_distance+rrna16s
3300027812_7,2.7534208,8385376.0,0.6333851934606153,genomic_traits+gtdb_distance+rrna16s
3300015024_21,2.7584836,3843261.0,0.6411929868931618,genomic_traits+gtdb_distance+rrna16s
3300025347_14,2.7625754,2990518.0,0.6677288014986033,genomic_traits+gtdb_distance+rrna16s
3300007722_64,2.7629094,1799759.0,0.5466087403924637,genomic_traits+gtdb_distance+rrna16s
3300011738_2,2.7662444,1960445.0,0.537423391117833,genomic_traits+gtdb_distance+rrna16s
3300028557_26,2.7758296,3251657.0,0.5946537411541254,genomic_traits+gtdb_distance+rrna16s
3300013992_2,2.7769752,3075796.0,0.6734019421314027,genomic_traits+gtdb_distance+rrna16s
3300026053_1,2.7873874,2355853.0,0.6924557686748706,genomic_traits+gtdb_distance+rrna16s
3300025724_51,2.7908795,1807995.0,0.45198521013609,genomic_traits+gtdb_distance+rrna16s
3300026825_13,2.794104,2409607.0,0.7005557337773338,genomic_traits+gtdb_distance+rrna16s
3300027976_60,2.7941523,2141097.0,0.631360933203867,genomic_traits+gtdb_distance+rrna16s
3300027022_3,2.8089426,5034432.0,0.6554753346554288,genomic_traits+gtdb_distance+rrna16s
3300013494_3,2.822275,3107755.0,0.6721829745266278,genomic_traits+gtdb_distance+rrna16s
3300000362_36,2.8301554,1714309.0,0.6304779360080359,genomic_traits+gtdb_distance+rrna16s
3300025226_9,2.8344507,5167096.0,0.6032636126752822,genomic_traits+gtdb_distance+rrna16s
3300028601_77,2.837091,1156189.0,0.6051761433468058,genomic_traits+gtdb_distance+rrna16s
3300026200_36,2.8638842,1166775.0,0.3196246062865591,genomic_traits+gtdb_distance+rrna16s
3300011921_4,2.8683698,2021777.0,0.5368539655956122,genomic_traits+gtdb_distance+rrna16s
3300027983_27,2.8728452,3075778.0,0.5513782204047236,genomic_traits+gtdb_distance+rrna16s
3300011665_5,2.8767872,3103740.0,0.6710549208374412,genomic_traits+gtdb_distance+rrna16s
3300005985_13,2.8920763,6593847.0,0.7131148174957653,genomic_traits+gtdb_distance+rrna16s
3300014009_2,2.8975995,3105032.0,0.6858096792561236,genomic_traits+gtdb_distance+rrna16s
3300012527_16,2.902613,3016332.0,0.6262695883609629,genomic_traits+gtdb_distance+rrna16s
3300025241_8,2.9152508,2828595.0,0.6691954839770274,genomic_traits+gtdb_distance+rrna16s
3300009767_78,2.9277472,1112786.0,0.3586880136881664,genomic_traits+gtdb_distance+rrna16s
3300025536_9,2.9315548,3086897.0,0.6419741248250266,genomic_traits+gtdb_distance+rrna16s
3300026825_12,2.9329195,2791839.0,0.6945182010853778,genomic_traits+gtdb_distance+rrna16s
3300011963_4,2.933537,3014072.0,0.6764161572782601,genomic_traits+gtdb_distance+rrna16s
3300011940_3,2.9355617,3151001.0,0.671676397436878,genomic_traits+gtdb_distance+rrna16s
3300004632_4,2.9516633,4220382.0,0.6984152145469297,genomic_traits+gtdb_distance+rrna16s
3300012530_7,2.9882414,2796081.0,0.6255180018032381,genomic_traits+gtdb_distance+rrna16s
3300027790_21,2.9924939,3675092.0,0.5899732578123215,genomic_traits+gtdb_distance+rrna16s
3300025260_9,2.993343,2886563.0,0.6690510479071478,genomic_traits+gtdb_distance+rrna16s
3300006568_38,3.0072787,1223422.0,0.2683056214454211,genomic_traits+gtdb_distance+rrna16s
3300012005_13,3.0095313,3376280.0,0.6335265440070136,genomic_traits+gtdb_distance+rrna16s
3300013105_42,3.0182867,2754733.0,0.6839700980094986,genomic_traits+gtdb_distance+rrna16s
3300025510_11,3.0204203,1566137.0,0.5682089114809241,genomic_traits+gtdb_distance
3300025263_7,3.0229447,5266251.0,0.695480143274599,genomic_traits+gtdb_distance+rrna16s
3300025961_25,3.0244637,2860991.0,0.674362135357993,genomic_traits+gtdb_distance+rrna16s
3300026257_15,3.0289435,2135306.0,0.4519108736640088,genomic_traits+gtdb_distance+rrna16s
3300011530_1,3.03439,4835662.0,0.6489429989110074,genomic_traits+gtdb_distance+rrna16s
3300008268_41,3.0381274,1214236.0,0.2752636225577235,genomic_traits+gtdb_distance+rrna16s
3300027690_34,3.0419316,3568277.0,0.6948048035508454,genomic_traits+gtdb_distance+rrna16s
3300027690_56,3.059121,2341657.0,0.6507050349389343,genomic_traits+gtdb_distance
3300014595_3,3.0658996,3419598.0,0.671149357322118,genomic_traits+gtdb_distance+rrna16s
3300013630_2,3.066468,3332627.0,0.6743088860529546,genomic_traits+gtdb_distance+rrna16s
3300027690_52,3.0813267,2421994.0,0.6566630635748891,genomic_traits+gtdb_distance
3300021279_4,3.084622,1920548.0,0.5130218041933865,genomic_traits+gtdb_distance+rrna16s
3300025909_31,3.0871465,3310047.0,0.6972783165918792,genomic_traits+gtdb_distance+rrna16s
3300014589_2,3.1062388,2868519.0,0.6758180789459648,genomic_traits+gtdb_distance+rrna16s
3300020185_21,3.1114929,2995249.0,0.664044959200387,genomic_traits+gtdb_distance+rrna16s
3300011529_3,3.1223054,2931698.0,0.6718881003432141,genomic_traits+gtdb_distance+rrna16s
3300025516_6,3.1251879,2910752.0,0.6797628241773948,genomic_traits+gtdb_distance+rrna16s
3300027976_72,3.139121,1801186.0,0.6291443526654105,genomic_traits+gtdb_distance+rrna16s
3300027976_43,3.142268,3051901.0,0.5511751527982067,genomic_traits+gtdb_distance+rrna16s
3300027649_17,3.1674047,1896627.0,0.5329846089927013,genomic_traits+gtdb_distance+rrna16s
3300027848_77,3.184559,1894927.0,0.6295355968857903,genomic_traits+gtdb_distance+rrna16s
3300021338_23,3.1846988,1212219.0,0.3587569572824712,genomic_traits+gtdb_distance+rrna16s
3300024302_24,3.2013521,1965230.0,0.5606219119390605,genomic_traits+gtdb_distance+rrna16s
3300024261_31,3.2177672,1905700.0,0.5603846355669833,genomic_traits+gtdb_distance+rrna16s
3300025676_21,3.2334507,1901916.0,0.560705625274723,genomic_traits+gtdb_distance+rrna16s
3300017448_25,3.2489786,3450531.0,0.6997644710335887,genomic_traits+gtdb_distance+rrna16s
3300028189_17,3.274719,1954974.0,0.5614110468988335,genomic_traits+gtdb_distance+rrna16s
3300026258_8,3.296167,2406904.0,0.5171469240152494,genomic_traits+gtdb_distance
3300027784_21,3.327544,3057891.0,0.7456550936576876,genomic_traits+gtdb_distance+rrna16s
3300027759_17,3.3357081,2514702.0,0.5754864791136286,genomic_traits+gtdb_distance+rrna16s
3300024324_22,3.346365,1839358.0,0.5607951252556599,genomic_traits+gtdb_distance+rrna16s
3300029815_34,3.347775,1865923.0,0.4692658807464188,genomic_traits+gtdb_distance+rrna16s
3300012862_12,3.3566897,3334352.0,0.6733587215746868,genomic_traits+gtdb_distance+rrna16s
3300025662_13,3.363247,2207483.0,0.6476552707314167,genomic_traits+gtdb_distance+rrna16s
3300028287_20,3.366434,1786465.0,0.5611540108538371,genomic_traits+gtdb_distance+rrna16s
3300025623_17,3.3760264,1905072.0,0.5613478125761127,genomic_traits+gtdb_distance+rrna16s
3300012195_3,3.3768933,3078303.0,0.6719286567956436,genomic_traits+gtdb_distance+rrna16s
3300020578_68,3.383935,1751266.0,0.7143752005691882,genomic_traits+gtdb_distance+rrna16s
3300024258_21,3.3937883,1743681.0,0.5609821980052544,genomic_traits+gtdb_distance+rrna16s
3300001683_40,3.3963888,2086813.0,0.5541196072671581,genomic_traits+gtdb_distance+rrna16s
3300025729_23,3.3984609,2314831.0,0.6478434062789032,genomic_traits+gtdb_distance+rrna16s
3300026260_14,3.401848,2129909.0,0.451089224938718,genomic_traits+gtdb_distance+rrna16s
3300023088_9,3.4043982,2513562.0,0.6906358387022082,genomic_traits+gtdb_distance+rrna16s
3300007305_28,3.408188,1137825.0,0.2816742469184629,genomic_traits+gtdb_distance+rrna16s
3300027801_20,3.4168828,2601262.0,0.4752070341242058,genomic_traits+gtdb_distance+rrna16s
3300011821_3,3.424677,3020018.0,0.6212062312211384,genomic_traits+gtdb_distance+rrna16s
3300024299_14,3.4297812,1901927.0,0.5600456799866661,genomic_traits+gtdb_distance+rrna16s
3300027848_58,3.4390643,3000104.0,0.552411849722543,genomic_traits+gtdb_distance+rrna16s
3300025292_22,3.4458807,3381821.0,0.6920002566664528,genomic_traits+gtdb_distance+rrna16s
3300024257_15,3.458648,1973879.0,0.6502034825842922,genomic_traits+gtdb_distance+rrna16s
3300028603_49,3.4678574,2455022.0,0.5499062737523329,genomic_traits+gtdb_distance+rrna16s
3300027572_8,3.476252,2137130.0,0.6669327556114977,genomic_traits+gtdb_distance+rrna16s
3300025941_28,3.4819317,2722535.0,0.6816176835192201,genomic_traits+gtdb_distance+rrna16s
3300027532_17,3.4874616,3938649.0,0.664488000834804,genomic_traits+gtdb_distance+rrna16s
3300027501_12,3.4895566,2104442.0,0.6670019891258585,genomic_traits+gtdb_distance+rrna16s
3300000212_7,3.4917953,2004049.0,0.6505374868578563,genomic_traits+gtdb_distance+rrna16s
3300027983_40,3.4997516,2214555.0,0.5640988821682008,genomic_traits+gtdb_distance+rrna16s
3300028173_9,3.5138035,2061802.0,0.650285526932266,genomic_traits+gtdb_distance+rrna16s
3300012846_8,3.521168,3256131.0,0.6380790576300523,genomic_traits+gtdb_distance+rrna16s
3300020428_21,3.5268474,2254996.0,0.5142825087051153,genomic_traits+gtdb_distance
3300027702_5,3.5289745,2205765.0,0.5191890341899522,genomic_traits+gtdb_distance
3300025681_15,3.5314047,2106472.0,0.6500352247739348,genomic_traits+gtdb_distance+rrna16s
3300029556_24,3.5396507,1953461.0,0.4509636998127938,genomic_traits+gtdb_distance+rrna16s
3300002308_9,3.5408452,1829270.0,0.5720582527456308,genomic_traits+gtdb_distance+rrna16s
3300029790_35,3.5446732,1706724.0,0.5431036301124259,genomic_traits+gtdb_distance+rrna16s
3300025393_11,3.5459495,2796041.0,0.616203410465011,genomic_traits+gtdb_distance+rrna16s
3300027968_38,3.5479546,3438946.0,0.7250645982809849,genomic_traits+gtdb_distance+rrna16s
3300028198_12,3.5514464,1938948.0,0.5605529390164151,genomic_traits+gtdb_distance+rrna16s
3300022912_28,3.5619512,2254155.0,0.6477425021793088,genomic_traits+gtdb_distance+rrna16s
3300025672_12,3.567632,2102376.0,0.6495103635125211,genomic_traits+gtdb_distance+rrna16s
3300025727_24,3.5797744,1863261.0,0.5609970905847329,genomic_traits+gtdb_distance+rrna16s
3300025622_13,3.5841184,2232186.0,0.6500367800891145,genomic_traits+gtdb_distance+rrna16s
3300020364_18,3.5843487,2243572.0,0.6503450747290481,genomic_traits+gtdb_distance+rrna16s
3300012950_22,3.5871038,2425398.0,0.5534790578700898,genomic_traits+gtdb_distance
3300025770_22,3.5935316,2090475.0,0.6496504382975161,genomic_traits+gtdb_distance+rrna16s
3300027983_51,3.6010962,1811382.0,0.6295861392020016,genomic_traits+gtdb_distance+rrna16s
3300025547_10,3.6033747,2269184.0,0.6467730250169224,genomic_traits+gtdb_distance+rrna16s
3300005529_84,3.608392,2669852.0,0.7108034452846075,genomic_traits+gtdb_distance
3300027323_3,3.6125877,4743465.0,0.6784991562075403,genomic_traits+gtdb_distance+rrna16s
3300025458_11,3.6160164,2055820.0,0.6500077827825393,genomic_traits+gtdb_distance+rrna16s
3300029608_24,3.6179092,1771765.0,0.5409837083360378,genomic_traits+gtdb_distance+rrna16s
3300027498_14,3.6183,4174874.0,0.6516663736438513,genomic_traits+gtdb_distance+rrna16s
3300020188_23,3.6253822,2124562.0,0.5608671340257427,genomic_traits+gtdb_distance+rrna16s
3300027554_18,3.62657,4421589.0,0.6165645427469627,genomic_traits+gtdb_distance+rrna16s
3300025516_14,3.6266935,1953493.0,0.6307107320067182,genomic_traits+gtdb_distance+rrna16s
3300026264_14,3.6379986,2310494.0,0.6869777631969614,genomic_traits+gtdb_distance+rrna16s
3300005964_17,3.6380215,1427306.0,0.3561394683410565,genomic_traits+gtdb_distance+rrna16s
3300026265_11,3.6442668,2223475.0,0.5270754112369151,genomic_traits+gtdb_distance
3300025709_17,3.6530185,2107990.0,0.6497564030189896,genomic_traits+gtdb_distance+rrna16s
3300020423_34,3.654317,2150861.0,0.654107820077634,genomic_traits+gtdb_distance+rrna16s
3300009381_12,3.6559238,2358022.0,0.5722537788027423,genomic_traits+gtdb_distance+rrna16s
3300026200_13,3.6603308,2213986.0,0.6857360434980166,genomic_traits+gtdb_distance+rrna16s
3300020378_9,3.6665409,1869096.0,0.4501315074239097,genomic_traits+gtdb_distance
3300012920_35,3.6677072,2030854.0,0.5635594680858398,genomic_traits+gtdb_distance+rrna16s
3300025623_16,3.672454,2093013.0,0.6503108198563506,genomic_traits+gtdb_distance+rrna16s
3300025688_16,3.6773257,2083422.0,0.6502120069769831,genomic_traits+gtdb_distance+rrna16s
3300020477_53,3.6800447,2196977.0,0.7142077500128586,genomic_traits+gtdb_distance+rrna16s
3300027553_9,3.685867,2207680.0,0.666129149152051,genomic_traits+gtdb_distance+rrna16s
3300027391_17,3.688315,3590378.0,0.6643436986300607,genomic_traits+gtdb_distance+rrna16s
3300020417_18,3.6892943,2082715.0,0.5288155124440934,genomic_traits+gtdb_distance
3300024260_16,3.6904607,2079425.0,0.64964305036248,genomic_traits+gtdb_distance+rrna16s
3300027780_15,3.6904917,3098255.0,0.6199144357065509,genomic_traits+gtdb_distance+rrna16s
3300025707_20,3.696055,2229934.0,0.6472191553651364,genomic_traits+gtdb_distance+rrna16s
3300000172_11,3.7081282,1863439.0,0.6496204061415479,genomic_traits+gtdb_distance+rrna16s
3300022916_27,3.7103686,2113636.0,0.6497045848954125,genomic_traits+gtdb_distance+rrna16s
3300028198_11,3.71289,2122911.0,0.649876042848711,genomic_traits+gtdb_distance+rrna16s
3300012187_6,3.7132297,2718684.0,0.6964788846368316,genomic_traits+gtdb_distance+rrna16s
3300022902_22,3.716853,2246726.0,0.6476579698637039,genomic_traits+gtdb_distance+rrna16s
3300028189_15,3.7226746,2116819.0,0.6494697940636398,genomic_traits+gtdb_distance+rrna16s
3300025488_15,3.7284985,2088793.0,0.6496100858246844,genomic_traits+gtdb_distance+rrna16s
3300017470_35,3.7311988,1565527.0,0.409818546725799,genomic_traits+gtdb_distance+rrna16s
3300022888_18,3.733362,2354156.0,0.6467523817453049,genomic_traits+gtdb_distance+rrna16s
3300000193_10,3.7455351,1953515.0,0.6500093421345625,genomic_traits+gtdb_distance+rrna16s
3300028195_15,3.745603,2094888.0,0.6497426115381825,genomic_traits+gtdb_distance+rrna16s
3300025456_14,3.74651,2131099.0,0.6497370605495099,genomic_traits+gtdb_distance+rrna16s
3300025705_15,3.7477214,3136654.0,0.6325495257047796,genomic_traits+gtdb_distance+rrna16s
3300028188_14,3.7479177,2141765.0,0.6491314406575884,genomic_traits+gtdb_distance+rrna16s
3300025452_11,3.7515373,1802547.0,0.5612918830965296,genomic_traits+gtdb_distance+rrna16s
3300024259_26,3.7531817,2128348.0,0.6494572316181376,genomic_traits+gtdb_distance+rrna16s
3300028174_15,3.7534466,2135125.0,0.6495230958374802,genomic_traits+gtdb_distance+rrna16s
3300028177_13,3.7543354,2399330.0,0.6460595249507154,genomic_traits+gtdb_distance+rrna16s
3300028175_12,3.761511,2266655.0,0.6451996444099345,genomic_traits+gtdb_distance+rrna16s
3300027832_78,3.7665546,2070251.0,0.6259033324944656,genomic_traits+gtdb_distance+rrna16s
3300025218_5,3.7668285,3007773.0,0.6222254804468289,genomic_traits+gtdb_distance+rrna16s
3300025478_13,3.772675,2084934.0,0.6499510296249186,genomic_traits+gtdb_distance+rrna16s
3300025644_24,3.7802048,2108627.0,0.6495126923822943,genomic_traits+gtdb_distance+rrna16s
3300028277_13,3.7834427,2184185.0,0.6484693375332218,genomic_traits+gtdb_distance+rrna16s
3300025659_25,3.7873795,2112185.0,0.6491675681817644,genomic_traits+gtdb_distance+rrna16s
3300025422_10,3.791569,2111692.0,0.6497652119722005,genomic_traits+gtdb_distance+rrna16s
3300020361_8,3.7957675,2361050.0,0.6837322377755659,genomic_traits+gtdb_distance+rrna16s
3300029846_29,3.7965274,1724065.0,0.4590511378631316,genomic_traits+gtdb_distance+rrna16s
3300027656_5,3.7992477,1964245.0,0.5170184982015991,genomic_traits+gtdb_distance
3300029661_25,3.8091822,1678966.0,0.5393426668556719,genomic_traits+gtdb_distance+rrna16s
3300021285_9,3.8159595,1487712.0,0.5955897377987137,genomic_traits+gtdb_distance+rrna16s
3300025660_24,3.817743,2070118.0,0.6496194902899255,genomic_traits+gtdb_distance+rrna16s
3300025719_22,3.8223488,2132776.0,0.6494568581041797,genomic_traits+gtdb_distance+rrna16s
3300017658_27,3.8231254,2532725.0,0.6553380252494843,genomic_traits+gtdb_distance+rrna16s
3300027391_19,3.8507817,3358883.0,0.6401782973685002,genomic_traits+gtdb_distance+rrna16s
3300024252_18,3.8512704,2092264.0,0.6500489421984988,genomic_traits+gtdb_distance+rrna16s
3300027848_56,3.8634608,3096003.0,0.6964105008942175,genomic_traits+gtdb_distance+rrna16s
3300027207_5,3.876525,2042795.0,0.6662058601083319,genomic_traits+gtdb_distance+rrna16s
3300025928_16,3.8855166,2840824.0,0.6826927680137875,genomic_traits+gtdb_distance+rrna16s
3300022931_23,3.8933077,2110424.0,0.6502816495642582,genomic_traits+gtdb_distance+rrna16s
3300026260_19,3.9023366,1948791.0,0.4250312116589208,genomic_traits+gtdb_distance
3300028912_4,3.9043658,2226598.0,0.5894041043780691,genomic_traits+gtdb_distance+rrna16s
3300025584_12,3.9117508,2178566.0,0.6472206947138622,genomic_traits+gtdb_distance+rrna16s
3300005611_3,3.9150333,2143158.0,0.6598920844846717,genomic_traits+gtdb_distance+rrna16s
3300026079_11,3.916752,2102037.0,0.6838228822803785,genomic_traits+gtdb_distance+rrna16s
3300020403_13,3.9240923,1998844.0,0.5277370320044986,genomic_traits+gtdb_distance
3300006045_95,3.9324794,1670727.0,0.4970758238778687,genomic_traits+gtdb_distance
3300025583_10,3.9377651,2453040.0,0.7098799856504582,genomic_traits+gtdb_distance+rrna16s
3300027968_41,3.9555557,3387770.0,0.6542067495727277,genomic_traits+gtdb_distance+rrna16s
3300025665_14,3.9580944,2147372.0,0.6486728894667528,genomic_traits+gtdb_distance+rrna16s
3300028994_7,3.9645262,2408669.0,0.5866268881278416,genomic_traits+gtdb_distance+rrna16s
3300027951_18,3.9670477,3950553.0,0.6644502681017063,genomic_traits+gtdb_distance+rrna16s
3300020221_44,3.9766347,2556004.0,0.6358988483586098,genomic_traits+gtdb_distance+rrna16s
3300024327_17,3.9820902,2107390.0,0.6496386525512601,genomic_traits+gtdb_distance+rrna16s
3300025468_13,3.9843717,2116888.0,0.6496881270997804,genomic_traits+gtdb_distance+rrna16s
3300014919_6,3.995582,2606302.0,0.5843317466663495,genomic_traits+gtdb_distance+rrna16s
3300015214_55,4.014579,2449197.0,0.5499684182203392,genomic_traits+gtdb_distance+rrna16s
3300017470_22,4.016952,2077563.0,0.6631538971381373,genomic_traits+gtdb_distance+rrna16s
3300026256_21,4.020088,1807924.0,0.4250930901962693,genomic_traits+gtdb_distance
3300020393_19,4.022487,1984097.0,0.4476293245743529,genomic_traits+gtdb_distance
3300027209_1,4.034384,4730257.0,0.7300011394729715,genomic_traits+gtdb_distance
3300024302_23,4.056581,2073992.0,0.6499880423839629,genomic_traits+gtdb_distance+rrna16s
3300027968_56,4.0653872,2495670.0,0.705687049970549,genomic_traits+gtdb_distance+rrna16s
3300020295_5,4.0687175,2304030.0,0.6854303112372668,genomic_traits+gtdb_distance+rrna16s
3300025665_17,4.070388,1856209.0,0.5604250383442813,genomic_traits+gtdb_distance+rrna16s
3300025663_16,4.073208,1816053.0,0.5605403586789592,genomic_traits+gtdb_distance+rrna16s
3300025452_8,4.0753593,2182078.0,0.6497260867851653,genomic_traits+gtdb_distance+rrna16s
3300025547_14,4.077796,1707681.0,0.5609894353804955,genomic_traits+gtdb_distance+rrna16s
3300020373_21,4.091463,2307665.0,0.6859063165580793,genomic_traits+gtdb_distance+rrna16s
3300027951_10,4.1089363,4644253.0,0.6913994564895581,genomic_traits+gtdb_distance+rrna16s
3300029492_26,4.110482,1680643.0,0.4948742832356425,genomic_traits+gtdb_distance+rrna16s
3300025656_13,4.1133924,2094648.0,0.6496499650537942,genomic_traits+gtdb_distance+rrna16s
3300027968_50,4.1487827,2811058.0,0.6647813741303097,genomic_traits+gtdb_distance+rrna16s
3300007722_52,4.1810575,2151228.0,0.5635371982886054,genomic_traits+gtdb_distance+rrna16s
3300005470_5,4.197008,2248805.0,0.2904471485966991,genomic_traits+gtdb_distance+rrna16s
3300006242_1,4.202223,2398943.0,0.5402004132653423,genomic_traits+gtdb_distance+rrna16s
3300025667_20,4.21325,1753115.0,0.5615695490598164,genomic_traits+gtdb_distance+rrna16s
3300017505_9,4.2140517,3387284.0,0.7261171487244648,genomic_traits+gtdb_distance+rrna16s
3300006045_78,4.2377076,1951895.0,0.617629022052928,genomic_traits+gtdb_distance+rrna16s
3300029551_19,4.249385,2195412.0,0.5637843830679617,genomic_traits+gtdb_distance+rrna16s
3300029253_19,4.2544575,2024871.0,0.4537489054858309,genomic_traits+gtdb_distance+rrna16s
3300028399_15,4.2545652,2958350.0,0.6933855020535096,genomic_traits+gtdb_distance+rrna16s
3300029069_3,4.2654905,2317201.0,0.6036006371480075,genomic_traits+gtdb_distance+rrna16s
3300029739_28,4.274062,1759077.0,0.5395477287236431,genomic_traits+gtdb_distance+rrna16s
3300027832_56,4.279252,3108599.0,0.6960646902350545,genomic_traits+gtdb_distance+rrna16s
3300024261_29,4.2813034,2099315.0,0.6495028140131424,genomic_traits+gtdb_distance+rrna16s
3300026262_8,4.285696,2401890.0,0.6842053549496439,genomic_traits+gtdb_distance+rrna16s
3300025603_7,4.300433,3740648.0,0.6272867695650594,genomic_traits+gtdb_distance+rrna16s
3300020262_8,4.302289,2029190.0,0.6524174670681405,genomic_traits+gtdb_distance+rrna16s
3300025663_13,4.315322,2114425.0,0.6495846388498056,genomic_traits+gtdb_distance+rrna16s
3300012661_4,4.3164253,2156279.0,0.5698613212854181,genomic_traits+gtdb_distance+rrna16s
3300028044_29,4.3223834,2575393.0,0.5932644066361911,genomic_traits+gtdb_distance+rrna16s
3300029587_27,4.3255963,2337871.0,0.6003688826286823,genomic_traits+gtdb_distance+rrna16s
3300024339_16,4.3281918,2116856.0,0.6500706708439308,genomic_traits+gtdb_distance+rrna16s
3300029765_20,4.3393884,2054438.0,0.5641567182850006,genomic_traits+gtdb_distance+rrna16s
3300025481_12,4.3431306,3256503.0,0.6416250806463252,genomic_traits+gtdb_distance+rrna16s
3300008490_13,4.347794,2161902.0,0.5963822596953978,genomic_traits+gtdb_distance+rrna16s
3300013497_6,4.3864183,2342322.0,0.5615478999044538,genomic_traits+gtdb_distance+rrna16s
3300009790_26,4.3883696,2255374.0,0.5197723304427558,genomic_traits+gtdb_distance+rrna16s
3300026210_7,4.396946,2332599.0,0.6854422899092386,genomic_traits+gtdb_distance+rrna16s
3300014544_5,4.401654,2212383.0,0.5927468254818447,genomic_traits+gtdb_distance+rrna16s
3300025472_21,4.407723,1923729.0,0.6971111835398853,genomic_traits+gtdb_distance+rrna16s
3300029188_10,4.4202046,2071152.0,0.5648445889051118,genomic_traits+gtdb_distance+rrna16s
3300020726_8,4.433364,1299713.0,0.5057639648137704,genomic_traits+gtdb_distance+rrna16s
3300026289_20,4.444432,2824779.0,0.6437027463033391,genomic_traits+gtdb_distance+rrna16s
3300014559_10,4.4513726,1997217.0,0.6018044108376807,genomic_traits+gtdb_distance+rrna16s
3300027327_13,4.4524593,3966400.0,0.6646561113352158,genomic_traits+gtdb_distance+rrna16s
3300029135_24,4.453557,2124044.0,0.5669665976787674,genomic_traits+gtdb_distance+rrna16s
3300029220_14,4.460894,2079930.0,0.564696408052194,genomic_traits+gtdb_distance+rrna16s
3300025438_5,4.466348,2292913.0,0.5372323328447264,genomic_traits+gtdb_distance+rrna16s
3300028982_4,4.4752235,2207346.0,0.585914034319948,genomic_traits+gtdb_distance+rrna16s
3300029248_21,4.4818587,2087057.0,0.5655638537902894,genomic_traits+gtdb_distance+rrna16s
3300025676_19,4.4821877,2017524.0,0.650418037158418,genomic_traits+gtdb_distance+rrna16s
3300025545_17,4.496757,2131849.0,0.6496651498300302,genomic_traits+gtdb_distance+rrna16s
3300013004_58,4.4993844,1703004.0,0.5206963694741762,genomic_traits+gtdb_distance
3300025727_22,4.501562,2109817.0,0.6496042073791234,genomic_traits+gtdb_distance+rrna16s
3300029461_9,4.5058384,2090800.0,0.5620996747656399,genomic_traits+gtdb_distance+rrna16s
3300027728_31,4.513316,2311897.0,0.5303294221152586,genomic_traits+gtdb_distance+rrna16s
3300029682_14,4.5212965,2165432.0,0.599970352336162,genomic_traits+gtdb_distance+rrna16s
3300014523_4,4.5248194,3116726.0,0.6490240078851974,genomic_traits+gtdb_distance+rrna16s
3300017494_19,4.529743,2746304.0,0.6477760655775908,genomic_traits+gtdb_distance+rrna16s
3300014902_3,4.545114,2632095.0,0.5841863610545972,genomic_traits+gtdb_distance+rrna16s
3300013902_10,4.5552816,2152721.0,0.6084666800760525,genomic_traits+gtdb_distance+rrna16s
3300022602_35,4.560694,2247099.0,0.6383737432129158,genomic_traits+gtdb_distance+rrna16s
3300029128_19,4.5706563,2117221.0,0.5629176170083331,genomic_traits+gtdb_distance+rrna16s
3300020295_7,4.580645,2037954.0,0.6542056395777334,genomic_traits+gtdb_distance+rrna16s
3300024255_16,4.582447,3273476.0,0.6315567916184508,genomic_traits+gtdb_distance+rrna16s
3300029527_12,4.582984,2320999.0,0.5663371677454406,genomic_traits+gtdb_distance+rrna16s
3300029043_11,4.5911326,1704642.0,0.5383089235159054,genomic_traits+gtdb_distance+rrna16s
3300027231_11,4.5934796,1275830.0,0.5348596599860483,genomic_traits+gtdb_distance+rrna16s
3300029210_13,4.5941215,2169645.0,0.5668171521147469,genomic_traits+gtdb_distance+rrna16s
3300029315_13,4.6039257,2259601.0,0.60164028959095,genomic_traits+gtdb_distance+rrna16s
3300028553_28,4.604634,2526722.0,0.5930331868721609,genomic_traits+gtdb_distance+rrna16s
3300020326_9,4.607693,2151848.0,0.6859057888847168,genomic_traits+gtdb_distance+rrna16s
3300029408_10,4.626826,2347745.0,0.60451837827362,genomic_traits+gtdb_distance+rrna16s
3300025643_18,4.6326685,2106710.0,0.6497818873978858,genomic_traits+gtdb_distance+rrna16s
3300007519_68,4.6330285,2810608.0,0.6953595094015245,genomic_traits+gtdb_distance+rrna16s
3300027968_47,4.6334467,2977739.0,0.7200379213893494,genomic_traits+gtdb_distance+rrna16s
3300029075_4,4.644051,2360083.0,0.5986492847921027,genomic_traits+gtdb_distance+rrna16s
3300029613_25,4.646765,2142444.0,0.5953663199598216,genomic_traits+gtdb_distance+rrna16s
3300029185_15,4.6593385,1955043.0,0.5659481658459686,genomic_traits+gtdb_distance+rrna16s
3300017453_14,4.6627545,1933806.0,0.6336550822574757,genomic_traits+gtdb_distance
3300029457_13,4.6661253,2033402.0,0.5620256102826692,genomic_traits+gtdb_distance+rrna16s
3300029779_17,4.671259,2193158.0,0.5969328247212468,genomic_traits+gtdb_distance+rrna16s
3300029379_28,4.6749587,1926234.0,0.5954151987764726,genomic_traits+gtdb_distance+rrna16s
3300029249_16,4.680302,2125235.0,0.5631843066766734,genomic_traits+gtdb_distance+rrna16s
3300007519_62,4.6808414,2930834.0,0.5516815350169951,genomic_traits+gtdb_distance+rrna16s
3300028997_8,4.6897717,2169394.0,0.5263082685763858,genomic_traits+gtdb_distance+rrna16s
3300028949_3,4.691312,2098085.0,0.5849543750610676,genomic_traits+gtdb_distance+rrna16s
3300007722_74,4.693109,1414419.0,0.5709644737521201,genomic_traits+gtdb_distance+rrna16s
3300007791_5,4.693575,2437437.0,0.5722986891558633,genomic_traits+gtdb_distance+rrna16s
3300027968_44,4.7028155,3272782.0,0.6995971622918973,genomic_traits+gtdb_distance+rrna16s
3300029423_15,4.7030864,2192223.0,0.5996214801140213,genomic_traits+gtdb_distance+rrna16s
3300014510_3,4.7109966,2248640.0,0.6011553650206347,genomic_traits+gtdb_distance+rrna16s
3300027700_13,4.711641,2213631.0,0.6914192112416206,genomic_traits+gtdb_distance+rrna16s
3300029418_16,4.718404,2128387.0,0.5955462986759457,genomic_traits+gtdb_distance+rrna16s
3300028569_40,4.720481,2475497.0,0.5947169396690847,genomic_traits+gtdb_distance+rrna16s
3300020403_12,4.7220106,2497682.0,0.6587892293734751,genomic_traits+gtdb_distance
3300029088_10,4.725656,2062088.0,0.5259091755540986,genomic_traits+gtdb_distance+rrna16s
3300021256_58,4.733017,2057846.0,0.6450025900869161,genomic_traits+gtdb_distance+rrna16s
3300029851_18,4.7336526,2087595.0,0.5938292628598938,genomic_traits+gtdb_distance+rrna16s
3300026279_18,4.7418103,1855936.0,0.4257129556191593,genomic_traits+gtdb_distance+rrna16s
3300014764_8,4.75007,1914242.0,0.6047323170215678,genomic_traits+gtdb_distance+rrna16s
3300029526_8,4.752964,2102123.0,0.5633200340798327,genomic_traits+gtdb_distance+rrna16s
3300028571_35,4.7558217,2421304.0,0.5938126728407502,genomic_traits+gtdb_distance+rrna16s
3300029241_20,4.7608128,2039904.0,0.5986046402183632,genomic_traits+gtdb_distance+rrna16s
3300029727_16,4.7621355,2141004.0,0.6029871966610058,genomic_traits+gtdb_distance+rrna16s
3300026206_6,4.769762,2276232.0,0.6856849389693142,genomic_traits+gtdb_distance+rrna16s
3300025571_27,4.7700205,3059349.0,0.6926225154436451,genomic_traits+gtdb_distance+rrna16s
3300014731_6,4.776217,2312664.0,0.6034793640580733,genomic_traits+gtdb_distance+rrna16s
3300027509_14,4.777238,5272117.0,0.620365215718847,genomic_traits+gtdb_distance+rrna16s
3300029380_26,4.7776375,2271473.0,0.5991336899007824,genomic_traits+gtdb_distance+rrna16s
3300026204_13,4.7844234,1988663.0,0.646665624090155,genomic_traits+gtdb_distance
3300029603_19,4.784457,2112450.0,0.5942521716490331,genomic_traits+gtdb_distance+rrna16s
3300029519_14,4.7852845,2073063.0,0.5622848895571432,genomic_traits+gtdb_distance+rrna16s
3300014570_13,4.7865367,1953477.0,0.597246857782303,genomic_traits+gtdb_distance+rrna16s
3300026516_25,4.7870564,4271661.0,0.7280460691988433,genomic_traits+gtdb_distance+rrna16s
3300007361_24,4.793791,2023054.0,0.5947819484798725,genomic_traits+gtdb_distance+rrna16s
3300028114_23,4.796166,2442014.0,0.5937210024184956,genomic_traits+gtdb_distance+rrna16s
3300029237_16,4.796889,2219132.0,0.5631048536094293,genomic_traits+gtdb_distance+rrna16s
3300008304_1,4.8032317,2733996.0,0.571381230989365,genomic_traits+gtdb_distance+rrna16s
3300029439_25,4.8078694,1901718.0,0.597797885911581,genomic_traits+gtdb_distance+rrna16s
3300007272_5,4.813361,2035208.0,0.557048714431154,genomic_traits+gtdb_distance+rrna16s
3300029132_17,4.820209,2084764.0,0.565010236170617,genomic_traits+gtdb_distance+rrna16s
3300025887_19,4.8285413,2349307.0,0.5258554969614444,genomic_traits+gtdb_distance+rrna16s
3300012659_5,4.834122,2030764.0,0.5708137430050956,genomic_traits+gtdb_distance+rrna16s
3300014792_14,4.834562,1950419.0,0.5976162045181062,genomic_traits+gtdb_distance+rrna16s
3300029483_25,4.834587,1912932.0,0.5658000388931755,genomic_traits+gtdb_distance+rrna16s
3300029538_17,4.8373666,1997492.0,0.5642310457313471,genomic_traits+gtdb_distance+rrna16s
3300028963_8,4.8544507,1919620.0,0.5609183067482106,genomic_traits+gtdb_distance+rrna16s
3300020262_6,4.8573728,2375388.0,0.6850880782423756,genomic_traits+gtdb_distance+rrna16s
3300009540_25,4.8622684,3383910.0,0.6554669007154446,genomic_traits+gtdb_distance
3300027851_57,4.866996,2301747.0,0.6665884651962184,genomic_traits+gtdb_distance+rrna16s
3300029770_23,4.868256,2211860.0,0.5656895101859973,genomic_traits+gtdb_distance+rrna16s
3300027262_11,4.9007564,3958713.0,0.6678076940662281,genomic_traits+gtdb_distance+rrna16s
3300028977_6,4.902416,1795643.0,0.5566490666574592,genomic_traits+gtdb_distance+rrna16s
3300022871_9,4.9090295,1260367.0,0.5159679680600968,genomic_traits+gtdb_distance+rrna16s
3300029404_22,4.9098606,2102297.0,0.564569135569332,genomic_traits+gtdb_distance+rrna16s
3300027968_54,4.913238,2725956.0,0.7241925401583885,genomic_traits+gtdb_distance+rrna16s
3300027386_15,4.9206195,3736856.0,0.6637264052990001,genomic_traits+gtdb_distance+rrna16s
3300020214_26,4.9288898,3095485.0,0.6820598387651693,genomic_traits+gtdb_distance+rrna16s
3300028571_60,4.933034,1227067.0,0.5009579753998763,genomic_traits+gtdb_distance+rrna16s
3300014548_9,4.9439225,2121702.0,0.5950609463534464,genomic_traits+gtdb_distance+rrna16s
3300029076_7,4.954262,2248849.0,0.5619603628344989,genomic_traits+gtdb_distance
3300028963_6,4.959832,2173327.0,0.5608893645548967,genomic_traits+gtdb_distance
3300014037_18,4.9600616,2418239.0,0.5379087840366481,genomic_traits+gtdb_distance
3300025809_60,4.960864,1268580.0,0.5144657806366173,genomic_traits+gtdb_distance+rrna16s
3300029862_24,4.9620695,1709582.0,0.5282267829212053,genomic_traits+gtdb_distance+rrna16s
3300027241_11,4.966609,1235688.0,0.5349424773891144,genomic_traits+gtdb_distance+rrna16s
3300006566_17,4.9672184,1935457.0,0.5805300763592268,genomic_traits+gtdb_distance+rrna16s
3300014747_4,4.97154,2716728.0,0.5968197773203648,genomic_traits+gtdb_distance+rrna16s
3300027869_20,4.974458,3678628.0,0.6931638643537754,genomic_traits+gtdb_distance+rrna16s
3300028957_7,4.9779963,2177739.0,0.6001958912431655,genomic_traits+gtdb_distance+rrna16s
3300029387_20,4.9784408,2181306.0,0.5947579110862942,genomic_traits+gtdb_distance+rrna16s
3300029209_14,4.9790545,2048886.0,0.5642744398663468,genomic_traits+gtdb_distance+rrna16s
3300026199_13,4.9797916,2186988.0,0.6854953022147355,genomic_traits+gtdb_distance
3300029665_12,4.980575,2188861.0,0.6280051588474553,genomic_traits+gtdb_distance+rrna16s
3300014764_5,4.9828434,2059241.0,0.5969825775613442,genomic_traits+gtdb_distance+rrna16s
3300029505_12,4.9835835,1922213.0,0.564992537247433,genomic_traits+gtdb_distance+rrna16s
3300029235_14,4.990138,2280475.0,0.5952189785022857,genomic_traits+gtdb_distance+rrna16s
3300029426_23,4.9902196,2079084.0,0.562287526622301,genomic_traits+gtdb_distance
3300014703_3,4.994954,2264421.0,0.6003185803346639,genomic_traits+gtdb_distance+rrna16s
3300027779_9,5.003349,3546486.0,0.6338916888435482,genomic_traits+gtdb_distance+rrna16s
3300029111_12,5.0038924,2236281.0,0.5918343893276382,genomic_traits+gtdb_distance+rrna16s
3300029407_15,5.0210395,2103661.0,0.6283250961062643,genomic_traits+gtdb_distance+rrna16s
3300029485_15,5.0374804,2287363.0,0.5648399488843704,genomic_traits+gtdb_distance
3300014788_13,5.041272,2003240.0,0.596420299115433,genomic_traits+gtdb_distance+rrna16s
3300007997_8,5.0443416,2572904.0,0.568051897777764,genomic_traits+gtdb_distance
3300029732_14,5.046557,2413765.0,0.6003964760446854,genomic_traits+gtdb_distance+rrna16s
3300029420_19,5.0481153,2313817.0,0.6017221759542781,genomic_traits+gtdb_distance+rrna16s
3300029507_14,5.051319,2428593.0,0.5988203869483277,genomic_traits+gtdb_distance+rrna16s
3300029068_6,5.052878,2209837.0,0.6017362366545587,genomic_traits+gtdb_distance+rrna16s
3300025425_9,5.053602,1648083.0,0.5146731080898231,genomic_traits+gtdb_distance+rrna16s
3300027970_31,5.055238,2595731.0,0.5926476973153227,genomic_traits+gtdb_distance+rrna16s
3300029414_15,5.0580473,2324515.0,0.6018825432402028,genomic_traits+gtdb_distance+rrna16s
3300029841_18,5.060347,2328097.0,0.5998250931984364,genomic_traits+gtdb_distance+rrna16s
3300006292_11,5.0631166,2383821.0,0.5397267663973092,genomic_traits+gtdb_distance
3300006498_11,5.0674553,2394270.0,0.5375813922406412,genomic_traits+gtdb_distance
3300029880_20,5.0764856,2194150.0,0.595178087186382,genomic_traits+gtdb_distance+rrna16s
3300022821_9,5.0773892,1370911.0,0.5152413249291894,genomic_traits+gtdb_distance+rrna16s
3300027969_25,5.083724,1307434.0,0.5389763460335283,genomic_traits+gtdb_distance+rrna16s
3300029325_12,5.096257,2318956.0,0.5631810176648457,genomic_traits+gtdb_distance+rrna16s
3300029373_19,5.1034336,2116392.0,0.5760223058866222,genomic_traits+gtdb_distance+rrna16s
3300027278_9,5.11685,1260486.0,0.5350809132350538,genomic_traits+gtdb_distance+rrna16s
3300029574_20,5.1185327,2102814.0,0.595205757618125,genomic_traits+gtdb_distance+rrna16s
3300025253_20,5.131571,4013787.0,0.7064866670802412,genomic_traits+gtdb_distance+rrna16s
3300014528_8,5.1323543,2288698.0,0.6024704875872657,genomic_traits+gtdb_distance+rrna16s
3300011996_4,5.136921,4153315.0,0.6523336178450226,genomic_traits+gtdb_distance+rrna16s
3300008630_3,5.1420197,2444999.0,0.5700971656839123,genomic_traits+gtdb_distance
3300005529_33,5.1505275,5730680.0,0.7225414784981887,genomic_traits+gtdb_distance
3300025482_8,5.158674,1827355.0,0.593994051511611,genomic_traits+gtdb_distance+rrna16s
3300027685_19,5.178124,2552363.0,0.6936975657459382,genomic_traits+gtdb_distance
3300029593_21,5.1823835,1893152.0,0.5481979259985463,genomic_traits+gtdb_distance+rrna16s
3300029767_20,5.1841197,2360179.0,0.6025437053714994,genomic_traits+gtdb_distance+rrna16s
3300029356_18,5.189138,2304237.0,0.6017788100789979,genomic_traits+gtdb_distance+rrna16s
3300025230_23,5.200336,4013775.0,0.706485540420178,genomic_traits+gtdb_distance+rrna16s
3300023294_8,5.2038565,1358796.0,0.5153959829142859,genomic_traits+gtdb_distance+rrna16s
3300014938_9,5.2046833,1995705.0,0.5952923904084021,genomic_traits+gtdb_distance+rrna16s
3300011472_5,5.205847,2388614.0,0.5741513697901796,genomic_traits+gtdb_distance+rrna16s
3300021440_6,5.2075305,1878386.0,0.5423203750453847,genomic_traits+gtdb_distance
3300029359_19,5.2081585,2230138.0,0.596623617013835,genomic_traits+gtdb_distance
3300020473_21,5.214999,2587384.0,0.6014391369815999,genomic_traits+gtdb_distance+rrna16s
3300008481_11,5.220691,2331693.0,0.5713402236057663,genomic_traits+gtdb_distance
3300005611_11,5.2266793,1239457.0,0.5525597096147749,genomic_traits+gtdb_distance+rrna16s
3300006249_8,5.2273426,2506778.0,0.5722054366202353,genomic_traits+gtdb_distance
3300029137_14,5.227593,1986222.0,0.5952733380256587,genomic_traits+gtdb_distance+rrna16s
3300026288_10,5.2282953,4196081.0,0.6924263378137838,genomic_traits+gtdb_distance+rrna16s
3300006479_11,5.2377644,2364182.0,0.5709606959193497,genomic_traits+gtdb_distance
3300013131_59,5.249183,2775179.0,0.6933257278179173,genomic_traits+gtdb_distance
3300021438_9,5.253658,1899771.0,0.5418653090293515,genomic_traits+gtdb_distance
3300029556_20,5.2546763,2302253.0,0.6016515126704146,genomic_traits+gtdb_distance
3300029471_14,5.2567053,2308490.0,0.6047801809841065,genomic_traits+gtdb_distance+rrna16s
3300008521_8,5.2575083,1931482.0,0.5909829861215378,genomic_traits+gtdb_distance+rrna16s
3300029668_16,5.2731752,2329848.0,0.6001580360607216,genomic_traits+gtdb_distance
3300027777_30,5.297586,1960476.0,0.5501827107294351,genomic_traits+gtdb_distance+rrna16s
3300028028_24,5.3003,2055901.0,0.6806840407198596,genomic_traits+gtdb_distance+rrna16s
3300012324_1,5.3022494,2359346.0,0.5822087985399343,genomic_traits+gtdb_distance+rrna16s
3300008260_20,5.3075576,2111482.0,0.5961751035528601,genomic_traits+gtdb_distance+rrna16s
3300022863_1,5.315634,2364106.0,0.6182857283049068,genomic_traits+gtdb_distance+rrna16s
3300008337_7,5.317353,2403591.0,0.5714761787675191,genomic_traits+gtdb_distance+rrna16s
3300014555_6,5.331145,2241671.0,0.5955164696335903,genomic_traits+gtdb_distance+rrna16s
3300029493_30,5.332336,1630938.0,0.5398457819978442,genomic_traits+gtdb_distance+rrna16s
3300029434_28,5.3481216,2243042.0,0.6036458523736961,genomic_traits+gtdb_distance
3300014673_2,5.350233,4151818.0,0.7013231312162528,genomic_traits+gtdb_distance+rrna16s
3300027826_14,5.3508573,5549278.0,0.6444303204849352,genomic_traits+gtdb_distance+rrna16s
3300011924_1,5.3520255,3043567.0,0.6918283711184935,genomic_traits+gtdb_distance+rrna16s
3300027255_10,5.370034,1274457.0,0.5348740679363839,genomic_traits+gtdb_distance+rrna16s
3300028581_35,5.3738694,2694536.0,0.5922500200405562,genomic_traits+gtdb_distance+rrna16s
3300027873_5,5.3853226,4525781.0,0.7328593672561708,genomic_traits+gtdb_distance+rrna16s
3300020429_15,5.394719,3251332.0,0.669400110477798,genomic_traits+gtdb_distance+rrna16s
3300007348_4,5.4061437,2865708.0,0.5711785708802153,genomic_traits+gtdb_distance+rrna16s
3300027232_13,5.4098144,1273203.0,0.5348660033003378,genomic_traits+gtdb_distance+rrna16s
3300029690_17,5.412909,2174818.0,0.5953546457680596,genomic_traits+gtdb_distance+rrna16s
3300028977_4,5.429753,2019269.0,0.5995887620718191,genomic_traits+gtdb_distance+rrna16s
3300014797_8,5.444225,2233297.0,0.5992458683283056,genomic_traits+gtdb_distance+rrna16s
3300023296_9,5.4765368,2432812.0,0.5332397242368091,genomic_traits+gtdb_distance+rrna16s
3300029220_8,5.4860067,2160477.0,0.5987316689786562,genomic_traits+gtdb_distance
3300025228_8,5.4998126,4116570.0,0.7057693662442276,genomic_traits+gtdb_distance+rrna16s
3300007297_15,5.5157895,1910758.0,0.5778895077241597,genomic_traits+gtdb_distance+rrna16s
3300029437_33,5.520009,1672411.0,0.5408515012159092,genomic_traits+gtdb_distance+rrna16s
3300029729_21,5.528756,2104204.0,0.5964174576229301,genomic_traits+gtdb_distance+rrna16s
3300029621_28,5.5361547,2083624.0,0.5952643087236469,genomic_traits+gtdb_distance+rrna16s
3300012314_4,5.541917,2044768.0,0.6031271029280584,genomic_traits+gtdb_distance+rrna16s
3300005512_22,5.5439544,2267286.0,0.6572205712027508,genomic_traits+gtdb_distance+rrna16s
3300007666_5,5.5453343,2770890.0,0.5697284987855887,genomic_traits+gtdb_distance+rrna16s
3300025497_10,5.5558033,1748698.0,0.5715818283088332,genomic_traits+gtdb_distance+rrna16s
3300029185_14,5.5558505,2125137.0,0.6297283422198192,genomic_traits+gtdb_distance
3300029436_22,5.5657754,2261316.0,0.5968170746591808,genomic_traits+gtdb_distance+rrna16s
3300013442_1,5.566055,2660001.0,0.6014775934294762,genomic_traits+gtdb_distance+rrna16s
3300029707_25,5.582428,1963333.0,0.4525416727574996,genomic_traits+gtdb_distance+rrna16s
3300022841_4,5.5874195,1221239.0,0.5157303361586061,genomic_traits+gtdb_distance+rrna16s
3300025517_11,5.5932317,2902728.0,0.6927194005087628,genomic_traits+gtdb_distance+rrna16s
3300006748_11,5.594654,1922540.0,0.5777305023562579,genomic_traits+gtdb_distance+rrna16s
3300013234_4,5.634166,2045160.0,0.6031200492870974,genomic_traits+gtdb_distance+rrna16s
3300029745_25,5.642903,1978218.0,0.4586708846042246,genomic_traits+gtdb_distance+rrna16s
3300007949_3,5.6487093,2473619.0,0.5684468788443168,genomic_traits+gtdb_distance+rrna16s
3300008089_8,5.6606956,3172346.0,0.6364977212447822,genomic_traits+gtdb_distance+rrna16s
3300026284_11,5.665849,3339699.0,0.6911820496398029,genomic_traits+gtdb_distance+rrna16s
3300023243_9,5.6737957,1453205.0,0.5152397631442226,genomic_traits+gtdb_distance+rrna16s
3300024046_11,5.6740475,2986549.0,0.7055527968903239,genomic_traits+gtdb_distance+rrna16s
3300025362_5,5.677005,1301799.0,0.515606479955815,genomic_traits+gtdb_distance+rrna16s
3300014505_3,5.6900063,2391151.0,0.6331984052868262,genomic_traits+gtdb_distance+rrna16s
3300011580_6,5.6983256,2385338.0,0.7335388108519632,genomic_traits+gtdb_distance+rrna16s
3300029362_24,5.709141,2079446.0,0.5950233860364732,genomic_traits+gtdb_distance+rrna16s
3300008636_12,5.7178044,2063695.0,0.5772267704287698,genomic_traits+gtdb_distance+rrna16s
3300006292_8,5.7214284,2827811.0,0.5730471378744902,genomic_traits+gtdb_distance+rrna16s
3300006045_100,5.7252216,1543619.0,0.4984967145390151,genomic_traits+gtdb_distance+rrna16s
3300029610_31,5.7264047,1889782.0,0.6045946040336928,genomic_traits+gtdb_distance
3300007746_4,5.7291727,2482636.0,0.5711864324854711,genomic_traits+gtdb_distance+rrna16s
3300011921_11,5.7291884,1274074.0,0.4931456100666052,genomic_traits+gtdb_distance+rrna16s
3300012330_1,5.74589,2226349.0,0.5974031924015507,genomic_traits+gtdb_distance+rrna16s
3300029622_26,5.7477064,2273250.0,0.5739166391729902,genomic_traits+gtdb_distance+rrna16s
3300023229_10,5.7765517,1224636.0,0.5155523763795936,genomic_traits+gtdb_distance+rrna16s
3300029494_33,5.77938,1724465.0,0.5405566364060738,genomic_traits+gtdb_distance+rrna16s
3300007355_2,5.8030825,2948859.0,0.571559711739354,genomic_traits+gtdb_distance+rrna16s
3300023245_8,5.8122516,1366829.0,0.5151536878424441,genomic_traits+gtdb_distance+rrna16s
3300025226_23,5.836759,4013750.0,0.7064862036748677,genomic_traits+gtdb_distance+rrna16s
3300011828_6,5.8529515,2305592.0,0.6024183810492055,genomic_traits+gtdb_distance+rrna16s
3300007220_16,5.872602,1965326.0,0.5771296975667142,genomic_traits+gtdb_distance+rrna16s
3300022853_9,5.893579,1295761.0,0.5155572671194765,genomic_traits+gtdb_distance+rrna16s
3300011828_3,5.8953266,3072041.0,0.6904579073000653,genomic_traits+gtdb_distance+rrna16s
3300012587_1,5.9124427,2369131.0,0.6010558301757057,genomic_traits+gtdb_distance+rrna16s
3300012549_1,5.913076,2458654.0,0.6018463761066014,genomic_traits+gtdb_distance+rrna16s
3300027712_12,5.9202847,2371504.0,0.6502582327501872,genomic_traits+gtdb_distance+rrna16s
3300012295_1,5.944293,2460424.0,0.60056559357249,genomic_traits+gtdb_distance+rrna16s
3300026236_4,5.9460535,2438028.0,0.6016592098203958,genomic_traits+gtdb_distance+rrna16s
3300025887_36,5.9559145,1167447.0,0.5350367083045312,genomic_traits+gtdb_distance+rrna16s
3300007100_3,5.9666634,3274188.0,0.6337629360317734,genomic_traits+gtdb_distance+rrna16s
3300012319_1,5.9918847,2189019.0,0.5979002466401616,genomic_traits+gtdb_distance+rrna16s
3300012544_1,5.9957,2562155.0,0.600233006980452,genomic_traits+gtdb_distance+rrna16s
3300027015_7,5.998095,3495175.0,0.7193316500604404,genomic_traits+gtdb_distance+rrna16s
3300025229_12,6.003215,3962444.0,0.7052273798695956,genomic_traits+gtdb_distance+rrna16s
3300012659_3,6.0116205,2277112.0,0.5979622434030474,genomic_traits+gtdb_distance+rrna16s
3300013328_1,6.025708,2466498.0,0.6015099140562855,genomic_traits+gtdb_distance+rrna16s
3300029562_23,6.0263004,1914791.0,0.60471090578554,genomic_traits+gtdb_distance+rrna16s
3300025225_7,6.0386543,4013431.0,0.7064890364379006,genomic_traits+gtdb_distance+rrna16s
3300013190_2,6.059954,2503970.0,0.6016346042484535,genomic_traits+gtdb_distance+rrna16s
3300029818_11,6.0680013,3588455.0,0.6801442403485622,genomic_traits+gtdb_distance+rrna16s
3300013625_1,6.068145,2573298.0,0.6013225052053823,genomic_traits+gtdb_distance+rrna16s
3300025924_28,6.070538,2606728.0,0.6873095313358356,genomic_traits+gtdb_distance+rrna16s
3300013489_2,6.0741386,2783942.0,0.7113503083038368,genomic_traits+gtdb_distance+rrna16s
3300013610_1,6.0790234,2447475.0,0.6011689598463723,genomic_traits+gtdb_distance+rrna16s
3300029109_12,6.093609,2261616.0,0.5852333022051489,genomic_traits+gtdb_distance+rrna16s
3300012858_9,6.106572,3443414.0,0.7146189798844983,genomic_traits+gtdb_distance+rrna16s
3300026299_19,6.109967,3083730.0,0.709850408433942,genomic_traits+gtdb_distance+rrna16s
3300017518_39,6.1112623,2595197.0,0.6569751737536688,genomic_traits+gtdb_distance+rrna16s
3300020375_13,6.1250677,1976300.0,0.6864529676668522,genomic_traits+gtdb_distance+rrna16s
3300014092_4,6.13449,2326797.0,0.7334464502060128,genomic_traits+gtdb_distance+rrna16s
3300029128_14,6.1352673,2443377.0,0.6341461018909484,genomic_traits+gtdb_distance+rrna16s
3300014944_9,6.1448374,2230963.0,0.6001896938676258,genomic_traits+gtdb_distance+rrna16s
3300022821_6,6.179183,2420858.0,0.5328474449967738,genomic_traits+gtdb_distance+rrna16s
3300013407_1,6.2021227,2534288.0,0.6007711041523299,genomic_traits+gtdb_distance+rrna16s
3300026198_10,6.2049904,3396048.0,0.696057005083556,genomic_traits+gtdb_distance+rrna16s
3300012462_1,6.2125545,2475031.0,0.6004761152486575,genomic_traits+gtdb_distance+rrna16s
3300008524_12,6.228056,1759016.0,0.5806746499179086,genomic_traits+gtdb_distance+rrna16s
3300020144_12,6.2384524,3017578.0,0.7058223515680456,genomic_traits+gtdb_distance+rrna16s
3300014601_3,6.254866,2985228.0,0.6803262598367695,genomic_traits+gtdb_distance+rrna16s
3300017505_13,6.2626767,2669676.0,0.7336103706966688,genomic_traits+gtdb_distance+rrna16s
3300003364_8,6.263149,2693594.0,0.6630241974105971,genomic_traits+gtdb_distance+rrna16s
3300011582_2,6.272766,2887862.0,0.7068190931561135,genomic_traits+gtdb_distance+rrna16s
3300013620_1,6.280852,2528740.0,0.6017526515181474,genomic_traits+gtdb_distance+rrna16s
3300006458_17,6.281054,1972321.0,0.5907633696543311,genomic_traits+gtdb_distance+rrna16s
3300028997_6,6.2826047,2415877.0,0.589049856428949,genomic_traits+gtdb_distance+rrna16s
3300027026_13,6.289812,2713989.0,0.7013421940914277,genomic_traits+gtdb_distance+rrna16s
3300013412_1,6.2999244,2494539.0,0.6010385085180068,genomic_traits+gtdb_distance+rrna16s
3300027730_26,6.338478,2967371.0,0.5921696343328825,genomic_traits+gtdb_distance+rrna16s
3300021326_23,6.3385644,2674376.0,0.6281738244734473,genomic_traits+gtdb_distance+rrna16s
3300008657_3,6.3409786,2357008.0,0.6009614731897388,genomic_traits+gtdb_distance+rrna16s
3300006322_3,6.3482018,3405916.0,0.6584278649267921,genomic_traits+gtdb_distance+rrna16s
3300012434_1,6.3538284,2523923.0,0.6007227637293214,genomic_traits+gtdb_distance+rrna16s
3300010280_16,6.3755927,3082553.0,0.6246779860719345,genomic_traits+gtdb_distance
3300029587_30,6.3835387,2074126.0,0.6063792652905369,genomic_traits+gtdb_distance+rrna16s
3300025469_3,6.3837986,5754394.0,0.5888015314905445,genomic_traits+gtdb_distance+rrna16s
3300013326_1,6.4022985,2499324.0,0.6006564174952908,genomic_traits+gtdb_distance+rrna16s
3300029219_13,6.4103713,1838263.0,0.5964728659609643,genomic_traits+gtdb_distance+rrna16s
3300008364_4,6.425975,2814344.0,0.5712460878982811,genomic_traits+gtdb_distance+rrna16s
3300027283_36,6.439211,2866112.0,0.6630832989080678,genomic_traits+gtdb_distance+rrna16s
3300011707_2,6.458627,2983221.0,0.6954338951086761,genomic_traits+gtdb_distance+rrna16s
3300012847_9,6.4710126,3273512.0,0.7081648089269262,genomic_traits+gtdb_distance+rrna16s
3300008349_2,6.4878664,2248752.0,0.5966762897820658,genomic_traits+gtdb_distance+rrna16s
3300007874_2,6.494319,1480907.0,0.421775303918477,genomic_traits+gtdb_distance+rrna16s
3300014719_1,6.4958553,2293295.0,0.5861766584761228,genomic_traits+gtdb_distance+rrna16s
3300006288_2,6.496769,2547718.0,0.6003191876023956,genomic_traits+gtdb_distance+rrna16s
3300020469_29,6.4997644,1949685.0,0.6229170353159613,genomic_traits+gtdb_distance+rrna16s
3300026972_5,6.50454,3771833.0,0.7164336278939178,genomic_traits+gtdb_distance+rrna16s
3300011921_8,6.5087986,1675594.0,0.4800106708426981,genomic_traits+gtdb_distance+rrna16s
3300027832_55,6.5265646,3126737.0,0.5529003558661953,genomic_traits+gtdb_distance+rrna16s
3300026561_12,6.536767,2197631.0,0.6848797637091941,genomic_traits+gtdb_distance+rrna16s
3300023293_5,6.552439,1145536.0,0.5161671043075032,genomic_traits+gtdb_distance+rrna16s
3300007120_5,6.555814,2657862.0,0.5691473071212877,genomic_traits+gtdb_distance+rrna16s
3300012555_1,6.5561414,2429690.0,0.6012931690874145,genomic_traits+gtdb_distance+rrna16s
3300011918_9,6.565698,1249816.0,0.493289412201476,genomic_traits+gtdb_distance
3300008341_3,6.567432,2479536.0,0.5697142529892689,genomic_traits+gtdb_distance+rrna16s
3300025233_12,6.592516,3861619.0,0.6926517090370645,genomic_traits+gtdb_distance+rrna16s
3300014815_10,6.60864,2876451.0,0.6126507978060464,genomic_traits+gtdb_distance+rrna16s
3300011634_4,6.6183715,3115739.0,0.6733323940163153,genomic_traits+gtdb_distance+rrna16s
3300028005_2,6.6192217,4414416.0,0.7266172920721563,genomic_traits+gtdb_distance+rrna16s
3300013405_1,6.6237526,2411731.0,0.6016263837053137,genomic_traits+gtdb_distance+rrna16s
3300014087_3,6.6266117,2239757.0,0.600631229191381,genomic_traits+gtdb_distance+rrna16s
3300006522_4,6.6287475,2818135.0,0.5733022016333497,genomic_traits+gtdb_distance+rrna16s
3300012622_1,6.629866,2564215.0,0.6014854448632427,genomic_traits+gtdb_distance+rrna16s
3300027742_30,6.637207,2033855.0,0.6080438379333827,genomic_traits+gtdb_distance+rrna16s
3300020156_9,6.6573486,3694056.0,0.7332928899832596,genomic_traits+gtdb_distance+rrna16s
3300012604_1,6.6591487,2447029.0,0.6020553904346863,genomic_traits+gtdb_distance+rrna16s
3300013992_3,6.659283,3052106.0,0.6749120115749584,genomic_traits+gtdb_distance+rrna16s
3300007123_20,6.6596785,1365152.0,0.4804461334708516,genomic_traits+gtdb_distance+rrna16s
3300029006_6,6.6659093,2339454.0,0.5637110197507623,genomic_traits+gtdb_distance+rrna16s
3300013606_1,6.66841,2584061.0,0.6012667657613345,genomic_traits+gtdb_distance+rrna16s
3300012432_1,6.671662,2474636.0,0.6016226224786191,genomic_traits+gtdb_distance+rrna16s
3300026302_20,6.6911936,3136086.0,0.7090545348565058,genomic_traits+gtdb_distance+rrna16s
3300027246_11,6.718783,1268750.0,0.5348232512315271,genomic_traits+gtdb_distance+rrna16s
3300011517_1,6.724383,3082501.0,0.6748688808211254,genomic_traits+gtdb_distance+rrna16s
3300027247_12,6.724568,1250616.0,0.5349291868966973,genomic_traits+gtdb_distance
3300026250_10,6.73457,3557262.0,0.6956029665512408,genomic_traits+gtdb_distance+rrna16s
3300013660_2,6.7622123,3269352.0,0.7223247909677514,genomic_traits+gtdb_distance+rrna16s
3300020144_7,6.7705135,3498033.0,0.6856593405493887,genomic_traits+gtdb_distance+rrna16s
3300021130_7,6.7857184,1349250.0,0.5462768204558088,genomic_traits+gtdb_distance
3300000928_24,6.794984,1252075.0,0.5333881756284568,genomic_traits+gtdb_distance
3300025650_13,6.802114,2723470.0,0.6330376321384117,genomic_traits+gtdb_distance+rrna16s
3300007194_10,6.803092,1900539.0,0.5595007521550466,genomic_traits+gtdb_distance
3300025508_9,6.8044095,1148817.0,0.5354046815115027,genomic_traits+gtdb_distance+rrna16s
3300013245_2,6.80591,2488728.0,0.601667598869784,genomic_traits+gtdb_distance+rrna16s
3300011549_2,6.814557,3021347.0,0.6702550220150152,genomic_traits+gtdb_distance+rrna16s
3300012567_1,6.817888,2475120.0,0.6005971427647953,genomic_traits+gtdb_distance+rrna16s
3300013140_1,6.846624,2347348.0,0.6015409730470301,genomic_traits+gtdb_distance+rrna16s
3300029379_29,6.84922,1834424.0,0.5256445619987528,genomic_traits+gtdb_distance+rrna16s
3300025705_47,6.892933,1217996.0,0.5350017569844236,genomic_traits+gtdb_distance
3300029719_39,6.9029255,1760499.0,0.6053749533512941,genomic_traits+gtdb_distance+rrna16s
3300022833_10,6.9049172,1379890.0,0.5152910739261826,genomic_traits+gtdb_distance+rrna16s
3300012541_1,6.9058785,2541000.0,0.6008606847697757,genomic_traits+gtdb_distance+rrna16s
3300007120_4,6.9346337,2755375.0,0.5716125754207685,genomic_traits+gtdb_distance+rrna16s
3300013189_2,6.943829,2513309.0,0.6008807512327374,genomic_traits+gtdb_distance+rrna16s
3300008362_11,6.944369,1991872.0,0.5800362673906757,genomic_traits+gtdb_distance
3300006456_3,6.957358,2134436.0,0.6438562692908103,genomic_traits+gtdb_distance+rrna16s
3300008328_9,6.9618793,1938709.0,0.5795372074922023,genomic_traits+gtdb_distance
3300012279_1,6.9777074,5138044.0,0.6521983852220806,genomic_traits+gtdb_distance+rrna16s
3300026283_14,6.9917893,3087868.0,0.7097450409149614,genomic_traits+gtdb_distance+rrna16s
3300020171_9,7.0097623,3200913.0,0.649314117565832,genomic_traits+gtdb_distance+rrna16s
3300013158_1,7.022462,2441872.0,0.6018824901550941,genomic_traits+gtdb_distance+rrna16s
3300008556_11,7.029866,1823837.0,0.5768070282596526,genomic_traits+gtdb_distance
3300025601_12,7.0388436,1347797.0,0.5154537367274152,genomic_traits+gtdb_distance+rrna16s
3300014579_1,7.0605006,3008013.0,0.6917011329405823,genomic_traits+gtdb_distance+rrna16s
3300011602_2,7.0626216,3061623.0,0.6740457593897093,genomic_traits+gtdb_distance+rrna16s
3300011592_2,7.0672,3548779.0,0.6995642726695576,genomic_traits+gtdb_distance+rrna16s
3300029439_20,7.0944185,2083319.0,0.6607207057584557,genomic_traits+gtdb_distance+rrna16s
3300015063_1,7.1051793,3997288.0,0.6629995136702684,genomic_traits+gtdb_distance+rrna16s
3300006460_13,7.111789,2022461.0,0.5780996518597886,genomic_traits+gtdb_distance
3300007855_2,7.117412,2429560.0,0.6019876026934918,genomic_traits+gtdb_distance+rrna16s
3300012433_1,7.1211886,2536590.0,0.6014807280640545,genomic_traits+gtdb_distance+rrna16s
3300012330_2,7.1303306,2150905.0,0.5709592008945072,genomic_traits+gtdb_distance+rrna16s
3300027970_33,7.1410403,2322119.0,0.5297631172218134,genomic_traits+gtdb_distance
3300014520_7,7.1526575,2679396.0,0.6320357274549936,genomic_traits+gtdb_distance+rrna16s
3300028559_35,7.188049,2453704.0,0.5934407736222462,genomic_traits+gtdb_distance+rrna16s
3300029210_9,7.2007055,2703575.0,0.635457496093136,genomic_traits+gtdb_distance+rrna16s
3300022843_5,7.21746,1361680.0,0.5156637389107573,genomic_traits+gtdb_distance+rrna16s
3300015056_3,7.2345333,2376182.0,0.7326496876081041,genomic_traits+gtdb_distance+rrna16s
3300025713_6,7.2359548,4073597.0,0.6781981624593695,genomic_traits+gtdb_distance+rrna16s
3300011903_3,7.246496,3043533.0,0.6745903527249417,genomic_traits+gtdb_distance+rrna16s
3300007795_5,7.2509346,1904719.0,0.5606921545907821,genomic_traits+gtdb_distance
3300014092_2,7.2609425,3696399.0,0.6861302040174776,genomic_traits+gtdb_distance+rrna16s
3300027968_46,7.2863755,3073162.0,0.724048715947939,genomic_traits+gtdb_distance
3300013909_1,7.3077435,2526422.0,0.6012645551693264,genomic_traits+gtdb_distance+rrna16s
3300012194_1,7.310678,3678263.0,0.7572267127173886,genomic_traits+gtdb_distance+rrna16s
3300029793_27,7.319311,1536763.0,0.5396420918515087,genomic_traits+gtdb_distance+rrna16s
3300012538_1,7.3225102,2509959.0,0.6008392965781513,genomic_traits+gtdb_distance+rrna16s
3300008534_8,7.3246455,1803495.0,0.5794809522621355,genomic_traits+gtdb_distance
3300028569_30,7.349076,2922698.0,0.6636251846752556,genomic_traits+gtdb_distance+rrna16s
3300027571_17,7.356417,1295726.0,0.5347882191142264,genomic_traits+gtdb_distance+rrna16s
3300027282_13,7.3570313,2826151.0,0.6613036599955204,genomic_traits+gtdb_distance+rrna16s
3300007131_6,7.372854,1582318.0,0.5256010485882104,genomic_traits+gtdb_distance+rrna16s
3300008155_4,7.406775,3107302.0,0.5193141831724113,genomic_traits+gtdb_distance
3300008668_3,7.4208913,2681370.0,0.6005418871696185,genomic_traits+gtdb_distance+rrna16s
3300014673_4,7.421645,2607782.0,0.714813584877877,genomic_traits+gtdb_distance+rrna16s
3300029767_8,7.426633,3133682.0,0.6398233771008035,genomic_traits+gtdb_distance+rrna16s
3300012659_6,7.4438033,1982458.0,0.6025545055683399,genomic_traits+gtdb_distance+rrna16s
3300007648_14,7.448309,1949740.0,0.5787294716218573,genomic_traits+gtdb_distance+rrna16s
3300008628_6,7.4829555,2029699.0,0.5995332312820768,genomic_traits+gtdb_distance+rrna16s
3300008090_11,7.4864583,1813401.0,0.5800664056102318,genomic_traits+gtdb_distance
3300014024_9,7.4895487,2996618.0,0.5729272132784359,genomic_traits+gtdb_distance+rrna16s
3300008080_23,7.5004153,1438568.0,0.4833890368755595,genomic_traits+gtdb_distance+rrna16s
3300025809_33,7.5131493,2126710.0,0.5357730955325362,genomic_traits+gtdb_distance
3300007525_2,7.5799527,3167233.0,0.6459070109461477,genomic_traits+gtdb_distance+rrna16s
3300029671_8,7.5818505,3362825.0,0.6398855129244013,genomic_traits+gtdb_distance+rrna16s
3300021579_3,7.5899878,1896513.0,0.5419556839315101,genomic_traits+gtdb_distance+rrna16s
3300026287_15,7.598492,3105248.0,0.7096650573480765,genomic_traits+gtdb_distance+rrna16s
3300027536_20,7.6548934,4095699.0,0.7321697712649293,genomic_traits+gtdb_distance+rrna16s
3300013455_1,7.6588583,2313050.0,0.6015555219299193,genomic_traits+gtdb_distance+rrna16s
3300028048_46,7.6656904,2529046.0,0.6242270800926515,genomic_traits+gtdb_distance+rrna16s
3300026288_21,7.6897435,3056034.0,0.7100336580024961,genomic_traits+gtdb_distance+rrna16s
3300014065_2,7.699439,3825558.0,0.7176916413239585,genomic_traits+gtdb_distance+rrna16s
3300027977_32,7.7063756,2682834.0,0.5922278456289133,genomic_traits+gtdb_distance
3300008734_35,7.7232313,1432957.0,0.4839796309310049,genomic_traits+gtdb_distance+rrna16s
3300006348_2,7.7322335,2652259.0,0.569891552823461,genomic_traits+gtdb_distance+rrna16s
3300028553_30,7.735945,2110822.0,0.5290370291763115,genomic_traits+gtdb_distance
3300008645_6,7.751315,2866474.0,0.5687213629009019,genomic_traits+gtdb_distance+rrna16s
3300012843_9,7.7721596,3215592.0,0.7068872543531642,genomic_traits+gtdb_distance
3300006491_1,7.7780156,2290587.0,0.60198935905949,genomic_traits+gtdb_distance+rrna16s
3300024429_5,7.7925286,3789932.0,0.6430524347138682,genomic_traits+gtdb_distance+rrna16s
3300027728_27,7.7931886,2556006.0,0.5938831911975168,genomic_traits+gtdb_distance
3300012865_17,7.7979035,2453142.0,0.664696132551642,genomic_traits+gtdb_distance+rrna16s
3300014673_3,7.8320346,3022321.0,0.6752009465572982,genomic_traits+gtdb_distance+rrna16s
3300027592_18,7.854315,4095020.0,0.7321724924420393,genomic_traits+gtdb_distance+rrna16s
3300011828_5,7.856699,2677433.0,0.7142860344217764,genomic_traits+gtdb_distance
3300028557_33,7.858258,2415331.0,0.5944224621801318,genomic_traits+gtdb_distance
3300013332_1,7.867819,2519223.0,0.6013981295026284,genomic_traits+gtdb_distance+rrna16s
3300029211_17,7.8719783,1999287.0,0.4520086410805452,genomic_traits+gtdb_distance+rrna16s
3300014159_14,7.9015546,1835181.0,0.6129422656402829,genomic_traits+gtdb_distance+rrna16s
3300014684_4,7.920788,2764957.0,0.6921536211955557,genomic_traits+gtdb_distance+rrna16s
3300013182_4,7.9600115,2357918.0,0.7178803503769003,genomic_traits+gtdb_distance
3300012838_10,7.979412,3216652.0,0.706861668592064,genomic_traits+gtdb_distance+rrna16s
3300025503_18,8.020533,3020543.0,0.7148761000919371,genomic_traits+gtdb_distance+rrna16s
3300008403_4,8.033144,2803300.0,0.5717350979203082,genomic_traits+gtdb_distance+rrna16s
3300012827_7,8.035974,3210097.0,0.7069160215407821,genomic_traits+gtdb_distance+rrna16s
3300013915_2,8.094643,1361551.0,0.5188979333128175,genomic_traits+gtdb_distance+rrna16s
3300027754_7,8.131454,3058340.0,0.6579441788682749,genomic_traits+gtdb_distance+rrna16s
3300007519_37,8.17151,4285708.0,0.6617492372322146,genomic_traits+gtdb_distance+rrna16s
3300006678_24,8.189824,1440152.0,0.4830517889778301,genomic_traits+gtdb_distance+rrna16s
3300011788_3,8.232574,2787955.0,0.6895843010378575,genomic_traits+gtdb_distance+rrna16s
3300029005_8,8.239767,2102385.0,0.5263251022053524,genomic_traits+gtdb_distance+rrna16s
3300027696_6,8.26702,7329313.0,0.7019777979191228,genomic_traits+gtdb_distance+rrna16s
3300014912_1,8.31847,6485935.0,0.6244479785875128,genomic_traits+gtdb_distance+rrna16s
3300008083_1,8.3259735,2793688.0,0.5706818370555338,genomic_traits+gtdb_distance+rrna16s
3300007368_5,8.342778,2871394.0,0.5704567189316408,genomic_traits+gtdb_distance
3300015076_1,8.357851,3020489.0,0.6728870722588296,genomic_traits+gtdb_distance+rrna16s
3300027976_75,8.373674,1491736.0,0.5702993022894132,genomic_traits+gtdb_distance+rrna16s
3300007357_5,8.383265,2692255.0,0.5698004089508609,genomic_traits+gtdb_distance
3300008645_7,8.388093,2834493.0,0.5718814616935022,genomic_traits+gtdb_distance+rrna16s
3300007208_28,8.397015,1477539.0,0.4826180561054564,genomic_traits+gtdb_distance+rrna16s
3300007126_4,8.402362,2843338.0,0.5721243833831926,genomic_traits+gtdb_distance
3300027974_7,8.403111,3198522.0,0.6595042960467365,genomic_traits+gtdb_distance+rrna16s
3300009556_6,8.420653,3231390.0,0.6479019864516509,genomic_traits+gtdb_distance+rrna16s
3300006479_10,8.430414,2705671.0,0.5709877512823991,genomic_traits+gtdb_distance+rrna16s
3300012572_2,8.447339,1492520.0,0.5236894647977917,genomic_traits+gtdb_distance+rrna16s
3300011954_4,8.486558,3506047.0,0.7566646995890244,genomic_traits+gtdb_distance+rrna16s
3300008140_10,8.517819,2917899.0,0.5718158853339338,genomic_traits+gtdb_distance
3300012196_5,8.532548,2892032.0,0.6948484664070107,genomic_traits+gtdb_distance+rrna16s
3300026255_11,8.537839,3903380.0,0.6875136420230672,genomic_traits+gtdb_distance+rrna16s
3300029825_31,8.540774,1470036.0,0.5463716534833161,genomic_traits+gtdb_distance+rrna16s
3300007500_7,8.546093,2784211.0,0.5689177292956604,genomic_traits+gtdb_distance
3300011985_9,8.547613,2612437.0,0.5763886363575466,genomic_traits+gtdb_distance
3300014638_7,8.56423,5973826.0,0.7103926361430681,genomic_traits+gtdb_distance+rrna16s
3300006292_9,8.582133,2751869.0,0.5710646109971078,genomic_traits+gtdb_distance
3300029540_19,8.624704,2306353.0,0.6272088444396846,genomic_traits+gtdb_distance+rrna16s
3300007131_2,8.651939,2420140.0,0.6017932846860099,genomic_traits+gtdb_distance
3300008384_1,8.65929,2426157.0,0.6010967138565229,genomic_traits+gtdb_distance
3300029377_28,8.718193,2090356.0,0.6590274575239815,genomic_traits+gtdb_distance+rrna16s
3300009784_29,8.761844,2726700.0,0.6518641581398761,genomic_traits+gtdb_distance+rrna16s
3300011943_7,8.776274,2260756.0,0.6022264233734202,genomic_traits+gtdb_distance+rrna16s
3300020397_14,8.783862,1968034.0,0.6252137920381456,genomic_traits+gtdb_distance
3300007297_25,8.787726,1438961.0,0.4838616195991413,genomic_traits+gtdb_distance+rrna16s
3300007499_1,8.813585,2606173.0,0.5725091925977286,genomic_traits+gtdb_distance+rrna16s
3300006253_8,8.842694,2921928.0,0.5720972590700387,genomic_traits+gtdb_distance
3300000929_24,8.925947,1283145.0,0.5321666686150045,genomic_traits+gtdb_distance+rrna16s
3300012324_2,8.963152,2266126.0,0.6184439876688234,genomic_traits+gtdb_distance+rrna16s
3300012998_4,9.027663,4282139.0,0.6997512224614848,genomic_traits+gtdb_distance+rrna16s
3300021128_5,9.05057,1306073.0,0.505935732535624,genomic_traits+gtdb_distance+rrna16s
3300025914_7,9.095618,10699426.0,0.7049628643630041,genomic_traits+gtdb_distance+rrna16s
3300029447_24,9.146009,2347975.0,0.6591616179899701,genomic_traits+gtdb_distance+rrna16s
3300025500_2,9.1674385,5310609.0,0.7106772500103096,genomic_traits+gtdb_distance+rrna16s
3300027692_5,9.176894,6565537.0,0.6457605828738762,genomic_traits+gtdb_distance+rrna16s
3300025529_2,9.214763,5284702.0,0.7275914517034262,genomic_traits+gtdb_distance+rrna16s
3300011808_2,9.245393,3799918.0,0.7174017965650837,genomic_traits+gtdb_distance+rrna16s
3300008695_5,9.285408,2888474.0,0.5700826803357066,genomic_traits+gtdb_distance+rrna16s
3300008746_8,9.305331,2556926.0,0.5383562136721985,genomic_traits+gtdb_distance+rrna16s
3300011580_4,9.360086,2694196.0,0.6889391120764785,genomic_traits+gtdb_distance+rrna16s
3300008739_13,9.433023,1909984.0,0.5792352187243454,genomic_traits+gtdb_distance+rrna16s
3300008743_5,9.65172,2885873.0,0.5717379108505468,genomic_traits+gtdb_distance+rrna16s
3300008626_10,9.679031,1968541.0,0.5906602910480402,genomic_traits+gtdb_distance
3300014068_3,9.703968,2738023.0,0.701891839476878,genomic_traits+gtdb_distance+rrna16s
3300008147_10,9.735881,1999757.0,0.5776841886289185,genomic_traits+gtdb_distance+rrna16s
3300026195_9,9.754429,3664149.0,0.6886425743057938,genomic_traits+gtdb_distance+rrna16s
3300006288_3,9.8114195,2123323.0,0.643370791914372,genomic_traits+gtdb_distance
3300011346_1,9.828351,2256915.0,0.5999322083463489,genomic_traits+gtdb_distance
3300007035_3,9.927447,1479835.0,0.4654985184159044,genomic_traits+gtdb_distance+rrna16s
3300007311_2,10.004421,2100138.0,0.6421897037242315,genomic_traits+gtdb_distance
3300026286_9,10.02389,4232166.0,0.6925990143108753,genomic_traits+gtdb_distance
3300006260_23,10.049988,1465137.0,0.4830422001492011,genomic_traits+gtdb_distance+rrna16s
3300026303_10,10.068064,3845775.0,0.6936152010973081,genomic_traits+gtdb_distance
3300006458_28,10.173362,1473011.0,0.4816420243976453,genomic_traits+gtdb_distance+rrna16s
3300026286_14,10.197957,3085676.0,0.710167237260166,genomic_traits+gtdb_distance
3300012238_3,10.241879,2408670.0,0.6498594660123637,genomic_traits+gtdb_distance+rrna16s
3300010396_41,10.404153,4094235.0,0.7164874512576831,genomic_traits+gtdb_distance+rrna16s
3300027821_4,10.40972,4230448.0,0.7033649864033312,genomic_traits+gtdb_distance
3300011918_4,10.4356365,1660908.0,0.4801813225055211,genomic_traits+gtdb_distance+rrna16s
3300027968_42,10.437644,3338198.0,0.6670122623043929,genomic_traits+gtdb_distance+rrna16s
3300027676_2,10.45606,8885091.0,0.7012110511867576,genomic_traits+gtdb_distance+rrna16s
3300015206_9,10.533023,5450430.0,0.6531587416038734,genomic_traits+gtdb_distance+rrna16s
3300008679_12,10.575148,2521522.0,0.5998456487787931,genomic_traits+gtdb_distance+rrna16s
3300011738_4,10.612195,1374166.0,0.5918055023919964,genomic_traits+gtdb_distance+rrna16s
3300025254_17,10.650794,4112642.0,0.7059320991226564,genomic_traits+gtdb_distance+rrna16s
3300008325_5,10.711875,1571339.0,0.5254976806405238,genomic_traits+gtdb_distance
3300008283_23,10.789006,1272980.0,0.4867955505978099,genomic_traits+gtdb_distance+rrna16s
3300007320_6,10.801777,2732018.0,0.5711583891467772,genomic_traits+gtdb_distance+rrna16s
3300013164_2,10.837068,2340850.0,0.6498152380545529,genomic_traits+gtdb_distance
3300006676_4,10.837993,1586683.0,0.5255290439237075,genomic_traits+gtdb_distance
3300029902_13,10.864861,3419354.0,0.7127705993588263,genomic_traits+gtdb_distance+rrna16s
3300014638_12,10.877545,1894024.0,0.6148654927287088,genomic_traits+gtdb_distance+rrna16s
3300007943_4,10.930155,1520941.0,0.5265154927114201,genomic_traits+gtdb_distance
3300027973_7,10.97503,3154983.0,0.6589011731600456,genomic_traits+gtdb_distance
3300012605_1,11.033737,2415378.0,0.6566218620853548,genomic_traits+gtdb_distance
3300007942_4,11.075364,1468737.0,0.5238099128707182,genomic_traits+gtdb_distance
3300027276_34,11.090071,2048207.0,0.6342171469973494,genomic_traits+gtdb_distance+rrna16s
3300008364_9,11.144197,2421051.0,0.6016952967946565,genomic_traits+gtdb_distance+rrna16s
3300008281_5,11.154296,2690995.0,0.6120401561504202,genomic_traits+gtdb_distance+rrna16s
3300027855_7,11.189652,5456184.0,0.6505044551283461,genomic_traits+gtdb_distance
3300029822_27,11.258152,1554071.0,0.5434224047678645,genomic_traits+gtdb_distance+rrna16s
3300006979_2,11.321216,1426464.0,0.4282596686632119,genomic_traits+gtdb_distance+rrna16s
3300014505_2,11.335473,2489090.0,0.689310551245636,genomic_traits+gtdb_distance+rrna16s
3300006477_20,11.396097,1486595.0,0.4832802478146368,genomic_traits+gtdb_distance+rrna16s
3300028048_74,11.497193,1983158.0,0.6462142703707925,genomic_traits+gtdb_distance+rrna16s
3300008695_7,11.715622,2740634.0,0.5710529023576296,genomic_traits+gtdb_distance+rrna16s
3300027863_13,11.722854,4778074.0,0.6634564470956289,genomic_traits+gtdb_distance
3300012859_12,11.9083185,2918415.0,0.7081306119931539,genomic_traits+gtdb_distance+rrna16s
3300029541_17,11.998226,2382773.0,0.6027640904106266,genomic_traits+gtdb_distance+rrna16s
3300006259_11,12.02314,2007095.0,0.5784574222944106,genomic_traits+gtdb_distance+rrna16s
3300021399_37,12.185614,2418333.0,0.5999405375521072,genomic_traits+gtdb_distance+rrna16s
3300012080_9,12.350402,4074868.0,0.7114932311917834,genomic_traits+gtdb_distance+rrna16s
3300025484_7,13.067191,4021654.0,0.7079301202937895,genomic_traits+gtdb_distance
3300014025_26,13.354614,1444607.0,0.4583204982393135,genomic_traits+gtdb_distance+rrna16s
3300025809_32,13.355413,2169998.0,0.5342903541846582,genomic_traits+gtdb_distance+rrna16s
3300010339_7,13.510417,8237633.0,0.6963472395529152,genomic_traits+gtdb_distance
3300029057_14,13.911545,1593360.0,0.5295608023296681,genomic_traits+gtdb_distance+rrna16s
3300027319_1,14.212222,5505879.0,0.7345884281147479,genomic_traits+gtdb_distance+rrna16s
3300007843_1,14.2713175,1534815.0,0.4253014206923961,genomic_traits+gtdb_distance+rrna16s
3300008271_13,14.611916,2519513.0,0.568637272361762,genomic_traits+gtdb_distance+rrna16s
3300027968_20,14.778641,4359168.0,0.7174364465879728,genomic_traits+gtdb_distance+rrna16s
3300029888_12,15.027431,2194544.0,0.5984591787633331,genomic_traits+gtdb_distance+rrna16s
3300013687_2,15.486605,2158015.0,0.5934597303540522,genomic_traits+gtdb_distance+rrna16s
3300027359_1,16.13145,4217208.0,0.7240762134568653,genomic_traits+gtdb_distance
3300027355_2,16.131535,4217436.0,0.7240752438211273,genomic_traits+gtdb_distance
3300027316_1,16.145264,4217215.0,0.7240686092599026,genomic_traits+gtdb_distance
3300029815_30,16.479794,1999596.0,0.6237519979035765,genomic_traits+gtdb_distance+rrna16s
3300029538_19,17.082184,1938679.0,0.6227544632195428,genomic_traits+gtdb_distance+rrna16s
3300025590_3,17.107143,4499026.0,0.7046596307734163,genomic_traits+gtdb_distance+rrna16s
3300010368_16,17.215652,2277283.0,0.6011751723435339,genomic_traits+gtdb_distance+rrna16s
3300029540_20,18.840591,2212602.0,0.5970463734553254,genomic_traits+gtdb_distance+rrna16s
3300029765_17,18.864477,2239528.0,0.5981988168935597,genomic_traits+gtdb_distance+rrna16s
3300028969_9,18.89305,2122309.0,0.6019995203337497,genomic_traits+gtdb_distance+rrna16s
3300029873_27,18.98818,2002885.0,0.6011688139858254,genomic_traits+gtdb_distance+rrna16s
3300029769_17,19.005545,2203655.0,0.5974347164143208,genomic_traits+gtdb_distance+rrna16s
3300028997_7,19.039864,2152627.0,0.5984557473264063,genomic_traits+gtdb_distance+rrna16s
3300029562_25,19.123997,1779418.0,0.6231885931242688,genomic_traits+gtdb_distance+rrna16s
3300029676_14,19.18383,2322146.0,0.5968367191382454,genomic_traits+gtdb_distance+rrna16s
3300029745_20,19.221985,2055944.0,0.5985143564221593,genomic_traits+gtdb_distance+rrna16s
3300029416_15,19.295929,2252518.0,0.5976129824489749,genomic_traits+gtdb_distance+rrna16s
3300029523_22,19.306854,2169147.0,0.6007587314276073,genomic_traits+gtdb_distance+rrna16s
3300029336_19,19.33506,2421223.0,0.5998823734947173,genomic_traits+gtdb_distance+rrna16s
3300029530_16,19.387928,2170221.0,0.5991279229166062,genomic_traits+gtdb_distance+rrna16s
3300029357_19,19.388529,2219706.0,0.5963848365504261,genomic_traits+gtdb_distance+rrna16s
3300029578_21,19.390259,2290717.0,0.5976665821225406,genomic_traits+gtdb_distance+rrna16s
3300029350_13,19.407703,2230585.0,0.5983672444672586,genomic_traits+gtdb_distance+rrna16s
3300029516_11,19.453484,2374922.0,0.5973337229601646,genomic_traits+gtdb_distance+rrna16s
3300029713_25,19.456003,2238101.0,0.6003737096761942,genomic_traits+gtdb_distance+rrna16s
3300029861_16,19.498238,2069240.0,0.5993161740542421,genomic_traits+gtdb_distance+rrna16s
3300029437_23,19.644062,2095238.0,0.6008906864041221,genomic_traits+gtdb_distance+rrna16s
3300029647_9,19.659609,2274104.0,0.599624291589127,genomic_traits+gtdb_distance+rrna16s
3300029846_24,19.666649,2162328.0,0.6005347014883958,genomic_traits+gtdb_distance+rrna16s
3300014919_8,19.671967,2180658.0,0.5974852544507209,genomic_traits+gtdb_distance+rrna16s
3300029556_23,19.684597,2171063.0,0.5970987484011289,genomic_traits+gtdb_distance+rrna16s
3300028905_10,19.727427,2158673.0,0.5968286998540306,genomic_traits+gtdb_distance+rrna16s
3300029730_20,19.767488,2145820.0,0.6000354176957993,genomic_traits+gtdb_distance+rrna16s
3300029604_16,19.771896,2195100.0,0.6011407225183363,genomic_traits+gtdb_distance+rrna16s
3300029735_18,19.79833,2140656.0,0.6006817536306628,genomic_traits+gtdb_distance+rrna16s
3300029681_14,19.860529,2165547.0,0.6003660968799107,genomic_traits+gtdb_distance+rrna16s
3300029408_16,19.87563,2045868.0,0.602300343912706,genomic_traits+gtdb_distance+rrna16s
3300029858_27,19.908709,1928393.0,0.5991382461977408,genomic_traits+gtdb_distance+rrna16s
3300029728_24,19.951523,1973445.0,0.6016944987065765,genomic_traits+gtdb_distance+rrna16s
3300029457_11,19.960163,2059933.0,0.5977772092587478,genomic_traits+gtdb_distance+rrna16s
3300029231_18,19.973915,2190883.0,0.598924269347108,genomic_traits+gtdb_distance+rrna16s
3300029208_14,19.980583,2194241.0,0.5971203710075602,genomic_traits+gtdb_distance+rrna16s
3300029402_16,20.019722,2048799.0,0.615526950179105,genomic_traits+gtdb_distance+rrna16s
3300014806_12,20.051231,2234521.0,0.6025336078739023,genomic_traits+gtdb_distance+rrna16s
3300029739_18,20.136517,2316159.0,0.5984420758678485,genomic_traits+gtdb_distance+rrna16s
3300029878_22,20.150404,2132934.0,0.6012586418520217,genomic_traits+gtdb_distance+rrna16s
3300029320_13,20.162102,1976752.0,0.5947326725861413,genomic_traits+gtdb_distance+rrna16s
3300029361_18,20.228233,2170655.0,0.5943662166488917,genomic_traits+gtdb_distance+rrna16s
3300028956_6,20.267452,2080550.0,0.5968522746389175,genomic_traits+gtdb_distance+rrna16s
3300029773_17,20.271265,2208058.0,0.5961283625701861,genomic_traits+gtdb_distance+rrna16s
3300029410_18,20.286312,2196923.0,0.5996791876638371,genomic_traits+gtdb_distance+rrna16s
3300029424_17,20.321407,2190513.0,0.5985967670586753,genomic_traits+gtdb_distance+rrna16s
3300029712_26,20.342634,2138472.0,0.6006466299301557,genomic_traits+gtdb_distance+rrna16s
3300029758_19,20.370731,2194559.0,0.5988118797444042,genomic_traits+gtdb_distance
3300029723_14,20.428268,2166464.0,0.6007881968036395,genomic_traits+gtdb_distance+rrna16s
3300029475_12,20.461506,2215543.0,0.5992738574697039,genomic_traits+gtdb_distance+rrna16s
3300029354_24,20.486246,2050884.0,0.600899417031875,genomic_traits+gtdb_distance+rrna16s
3300029820_24,20.521643,2258135.0,0.5991802970150146,genomic_traits+gtdb_distance+rrna16s
3300014515_4,20.546797,2211585.0,0.5981646647087948,genomic_traits+gtdb_distance+rrna16s
3300029634_13,20.596521,2228399.0,0.5985575294191031,genomic_traits+gtdb_distance+rrna16s
3300029119_23,20.606201,2237865.0,0.5975767081571051,genomic_traits+gtdb_distance+rrna16s
3300029395_19,20.611277,2114400.0,0.5935414301929626,genomic_traits+gtdb_distance+rrna16s
3300029511_19,20.624653,2079432.0,0.5979272224338185,genomic_traits+gtdb_distance+rrna16s
3300014755_13,20.633821,2068042.0,0.5997837568095813,genomic_traits+gtdb_distance+rrna16s
3300029518_14,20.641304,2205118.0,0.5977466965486654,genomic_traits+gtdb_distance+rrna16s
3300029786_17,20.669119,2267765.0,0.596259312583094,genomic_traits+gtdb_distance+rrna16s
3300014771_15,20.751322,2057015.0,0.5986164417857915,genomic_traits+gtdb_distance+rrna16s
3300029794_28,20.776312,2191796.0,0.5992989311049021,genomic_traits+gtdb_distance
3300029358_16,20.79098,2237703.0,0.5954682100350225,genomic_traits+gtdb_distance+rrna16s
3300029012_7,20.821556,2259313.0,0.5974922465368897,genomic_traits+gtdb_distance+rrna16s
3300029413_13,20.833683,2268659.0,0.59981469229179,genomic_traits+gtdb_distance+rrna16s
3300028998_7,20.902039,1923517.0,0.599181603281905,genomic_traits+gtdb_distance+rrna16s
3300007997_10,20.930897,2444846.0,0.5677633683266758,genomic_traits+gtdb_distance+rrna16s
3300029743_24,20.93123,2151228.0,0.5967958765876978,genomic_traits+gtdb_distance+rrna16s
3300008722_22,20.978773,1972317.0,0.5974034599914719,genomic_traits+gtdb_distance+rrna16s
3300029615_25,20.98155,2138031.0,0.6002709970061239,genomic_traits+gtdb_distance+rrna16s
3300029521_17,20.98186,2090885.0,0.5975283193480273,genomic_traits+gtdb_distance+rrna16s
3300029079_5,20.992308,2015694.0,0.6020581496993095,genomic_traits+gtdb_distance+rrna16s
3300029494_22,21.057856,2177130.0,0.5999967847579153,genomic_traits+gtdb_distance+rrna16s
3300029459_12,21.177069,2292066.0,0.595313572994844,genomic_traits+gtdb_distance+rrna16s
3300029612_23,21.195126,2138270.0,0.6018131480121781,genomic_traits+gtdb_distance+rrna16s
3300029325_14,21.211096,2152280.0,0.5966435593881837,genomic_traits+gtdb_distance+rrna16s
3300029641_8,21.313019,2016329.0,0.6035235321219901,genomic_traits+gtdb_distance+rrna16s
3300029120_15,21.32817,2197458.0,0.5980387338461076,genomic_traits+gtdb_distance+rrna16s
3300028960_6,21.384317,2154098.0,0.5962783494529961,genomic_traits+gtdb_distance+rrna16s
3300029398_12,21.433931,2181736.0,0.5998553445513114,genomic_traits+gtdb_distance+rrna16s
3300014782_10,21.45186,2105069.0,0.6042652283606855,genomic_traits+gtdb_distance+rrna16s
3300029394_21,21.49972,2309039.0,0.6011457580404662,genomic_traits+gtdb_distance+rrna16s
3300014535_14,21.517288,2077331.0,0.5999270217408781,genomic_traits+gtdb_distance+rrna16s
3300029313_14,21.518791,2230179.0,0.5995545649026378,genomic_traits+gtdb_distance+rrna16s
3300029750_13,21.55866,2149251.0,0.5996758870881065,genomic_traits+gtdb_distance+rrna16s
3300029346_18,21.57684,2070091.0,0.5984480875478421,genomic_traits+gtdb_distance+rrna16s
3300029388_21,21.599743,2048487.0,0.5947950853483571,genomic_traits+gtdb_distance+rrna16s
3300021426_46,21.623672,2059871.0,0.5978010273458872,genomic_traits+gtdb_distance
3300029005_9,21.65819,2031249.0,0.6009090958321702,genomic_traits+gtdb_distance+rrna16s
3300029372_22,21.696005,2099631.0,0.6159596614833749,genomic_traits+gtdb_distance+rrna16s
3300029404_21,21.70016,2119496.0,0.5995043161204362,genomic_traits+gtdb_distance+rrna16s
3300006568_24,21.75287,1995672.0,0.5982300698712013,genomic_traits+gtdb_distance+rrna16s
3300029209_11,21.814499,2201999.0,0.5986660302752181,genomic_traits+gtdb_distance+rrna16s
3300029536_14,21.910826,2387353.0,0.5972711199391125,genomic_traits+gtdb_distance+rrna16s
3300029421_17,21.989483,2255403.0,0.596400288551536,genomic_traits+gtdb_distance+rrna16s
3300029070_6,22.006895,2000127.0,0.5997409164518053,genomic_traits+gtdb_distance
3300029375_23,22.03408,2174974.0,0.5991680820092562,genomic_traits+gtdb_distance+rrna16s
3300029076_9,22.053185,2088010.0,0.6007121613402234,genomic_traits+gtdb_distance+rrna16s
3300029718_31,22.141054,1998891.0,0.6025631212507335,genomic_traits+gtdb_distance+rrna16s
3300029884_18,22.20013,1797944.0,0.6234554580120404,genomic_traits+gtdb_distance+rrna16s
3300014921_6,22.243092,2138630.0,0.6000280553438416,genomic_traits+gtdb_distance+rrna16s
3300029481_18,22.255754,1923301.0,0.5989270530197821,genomic_traits+gtdb_distance+rrna16s
3300029374_18,22.489355,2277881.0,0.5973077610287807,genomic_traits+gtdb_distance+rrna16s
3300029754_19,23.721094,2033022.0,0.6236676238624078,genomic_traits+gtdb_distance+rrna16s
3300029656_20,24.018353,1797213.0,0.6240006053817773,genomic_traits+gtdb_distance+rrna16s
3300011602_6,30.353653,2655766.0,0.6010190656857569,genomic_traits+gtdb_distance+rrna16s
3300029610_25,39.254314,2175427.0,0.6001856187314031,genomic_traits+gtdb_distance+rrna16s
